,Brand,Model,Year,Engine_Size,Fuel_Type,Transmission,Mileage,Doors,Owner_Count,Price
0,7,25,2020,4.2,1,2,289944,3,5,8501
1,3,20,2012,2.0,3,1,5356,2,3,12092
2,8,17,2020,4.2,1,1,231440,4,2,11171
3,1,23,2023,2.0,2,2,160971,2,1,11780
4,10,18,2003,2.6,3,3,286618,3,3,2867
5,9,8,2007,2.7,4,1,157889,4,4,7242
6,5,9,2010,3.4,2,1,139584,3,1,11208
7,7,27,2001,4.7,2,3,157495,2,2,7950
8,7,27,2014,2.6,3,2,98700,3,4,9926
9,9,24,2005,3.1,4,2,107724,2,5,6545
10,2,2,2013,1.3,3,1,296824,2,3,5863
11,10,18,2009,4.5,3,2,42795,4,3,11444
12,5,7,2007,4.8,3,1,132875,3,4,10842
13,6,12,2004,2.3,3,3,188996,2,1,4820
14,10,18,2003,2.4,4,1,145921,5,2,5981
15,10,18,2007,3.2,1,1,60103,2,1,9697
16,6,12,2017,2.9,2,1,38133,5,2,14837
17,10,28,2006,4.5,2,2,41161,2,2,11576
18,7,25,2000,3.4,1,3,257427,3,3,2351
19,8,17,2021,1.5,4,2,34640,2,1,11207
20,3,13,2018,1.8,3,1,21261,2,1,13374
21,9,24,2000,4.6,3,3,41814,2,2,8863
22,9,24,2003,2.0,2,2,136662,5,4,6266
23,4,14,2006,2.8,3,2,99921,4,2,7701
24,8,17,2016,3.9,4,3,19868,3,4,12402
25,7,27,2011,1.8,1,1,92188,2,4,8856
26,1,3,2022,3.3,2,2,79350,5,3,14413
27,2,1,2017,2.3,2,3,142701,5,3,10645
28,2,1,2020,4.7,2,3,210767,3,3,12584
29,3,13,2013,1.9,3,1,121816,4,4,9963
30,6,29,2007,3.9,2,1,213643,4,5,9327
31,10,22,2008,3.5,2,2,88381,3,1,10232
32,3,19,2017,2.3,4,1,183619,5,1,9327
33,8,17,2013,3.3,2,3,80184,3,5,11696
34,9,10,2010,3.2,1,1,132454,4,4,9150
35,7,21,2005,4.5,4,2,18590,2,5,9728
36,1,23,2013,3.5,3,3,263411,4,1,7231
37,7,27,2000,1.4,2,2,167050,5,4,4159
38,4,15,2017,2.2,3,2,277363,2,4,6852
39,1,4,2004,1.0,4,2,94415,2,1,4411
40,4,16,2004,1.2,2,2,93645,3,3,6627
41,2,2,2007,4.9,4,2,120491,2,1,8690
42,5,9,2000,3.9,3,2,56020,2,4,7879
43,9,24,2003,3.9,2,1,131868,5,3,9762
44,1,23,2023,3.6,2,2,238306,5,2,11833
45,4,16,2011,2.3,1,1,255372,5,5,6092
46,1,4,2009,2.4,1,2,263797,2,5,3924
47,6,12,2006,2.8,2,2,110280,3,3,8494
48,1,3,2009,1.2,2,1,111448,5,1,9271
49,8,17,2013,1.9,4,2,205005,2,2,5799
50,8,11,2004,4.9,4,3,175273,3,5,6694
51,8,17,2022,3.8,1,2,191466,3,2,10670
52,4,16,2008,1.8,2,3,280713,3,1,4685
53,5,9,2015,2.6,2,3,66777,5,1,11864
54,7,21,2020,3.2,2,2,88070,3,5,13538
55,2,1,2011,2.9,2,3,281020,3,5,6679
56,3,19,2017,1.8,1,3,22175,2,2,10556
57,10,22,2003,2.0,2,2,287728,3,3,3245
58,6,26,2007,3.6,2,1,102907,3,3,11241
59,5,9,2005,2.4,4,1,60316,2,5,8293
60,9,8,2008,1.3,4,1,188097,2,2,5538
61,4,15,2004,4.0,1,1,85348,3,3,9093
62,4,16,2015,4.8,2,1,100603,4,2,14887
63,8,6,2007,2.7,3,2,147310,5,2,6953
64,8,17,2011,4.0,1,2,140263,4,5,8594
65,10,22,2005,3.2,2,3,155550,5,4,7689
66,10,18,2000,4.0,3,2,237232,4,5,4355
67,4,15,2002,4.0,3,3,272351,3,3,4252
68,7,21,2008,4.6,4,2,164879,2,4,7802
69,6,29,2018,2.8,4,2,160349,4,3,9093
70,6,12,2007,1.5,1,2,30793,5,1,7084
71,2,1,2019,1.9,2,1,6745,2,1,15065
72,9,8,2007,4.9,3,2,23217,2,4,11635
73,7,27,2017,2.7,3,1,242456,2,5,9550
74,6,26,2017,1.3,3,1,152123,5,5,9957
75,5,7,2022,3.4,1,1,248894,5,2,10622
76,8,17,2007,2.3,2,2,76458,3,5,8970
77,2,30,2017,3.9,3,3,2020,3,2,14059
78,6,26,2018,2.0,3,1,121567,4,4,11568
79,10,18,2023,3.5,4,3,139477,2,5,11710
80,4,15,2007,4.5,2,2,53088,3,2,11638
81,10,28,2020,1.7,4,1,195565,2,5,9388
82,1,4,2004,4.8,3,3,141850,3,2,8263
83,5,9,2020,4.6,4,2,191397,3,4,10872
84,6,29,2015,1.6,2,2,259533,2,4,7009
85,8,6,2015,4.1,4,1,197249,3,1,10255
86,10,22,2007,3.8,2,2,272609,4,5,6547
87,4,16,2013,1.1,1,2,294516,4,1,3209
88,7,27,2001,2.9,1,2,258813,4,5,2123
89,9,10,2014,4.1,4,1,17100,5,5,13558
90,7,21,2017,4.6,1,2,197307,3,1,9853
91,2,30,2007,4.2,4,1,129851,3,4,9302
92,8,11,2011,1.8,1,3,261247,3,4,3975
93,1,23,2016,2.5,2,3,121855,5,5,10962
94,2,1,2011,2.6,4,2,107928,4,2,7841
95,10,22,2011,4.7,4,1,203960,5,3,9520
96,2,2,2009,3.0,2,2,17260,5,5,11454
97,1,3,2022,3.8,2,3,275109,2,5,10997
98,9,10,2016,2.8,3,3,203314,3,3,8633
99,9,10,2014,2.8,3,1,190214,5,2,9795
100,4,14,2013,5.0,2,1,188195,5,3,12736
101,1,4,2010,2.0,3,2,228204,3,4,5535
102,2,2,2001,2.3,1,3,66264,2,1,5374
103,9,8,2022,4.5,2,3,162696,4,2,13946
104,3,20,2005,2.2,1,2,191462,2,4,3970
105,5,5,2001,4.0,1,2,8958,5,1,8220
106,6,12,2012,2.6,3,2,11213,5,5,11075
107,5,5,2003,3.8,2,3,236022,3,2,6079
108,3,13,2019,3.9,3,3,13333,5,1,14433
109,8,6,2023,4.6,2,3,274137,2,3,12117
110,10,22,2010,3.4,1,2,8662,4,3,10326
111,2,1,2018,2.3,2,3,99243,3,3,11815
112,4,15,2013,3.5,3,3,167809,2,3,9143
113,5,7,2018,3.0,3,3,180938,4,3,9881
114,8,6,2018,4.0,4,2,66347,3,2,12173
115,5,9,2007,1.4,4,2,279031,5,3,2019
116,3,13,2013,2.8,4,2,63430,4,5,9531
117,2,1,2014,2.1,4,2,191744,5,1,6565
118,8,11,2023,3.9,3,3,58107,3,2,14737
119,2,30,2002,4.5,1,2,86763,2,5,7464
120,10,18,2020,3.8,1,1,257521,3,3,10249
121,9,10,2013,4.0,1,2,213052,4,4,7738
122,2,1,2017,1.9,4,3,117943,2,4,8741
123,10,28,2008,4.5,2,3,178837,3,4,9423
124,9,10,2002,3.9,1,3,281616,2,3,2967
125,3,20,2013,1.4,1,1,131485,3,5,8270
126,1,4,2013,3.9,2,2,21399,5,3,13472
127,8,6,2020,3.7,4,3,148489,3,5,10830
128,3,13,2017,3.1,2,2,189399,5,4,10512
129,10,28,2008,3.5,4,3,179107,2,3,6417
130,10,22,2015,4.7,1,2,220366,5,1,8892
131,7,21,2020,4.7,4,2,132200,2,1,12156
132,3,19,2009,1.8,1,1,151249,4,1,7075
133,3,19,2009,2.0,4,2,184695,5,1,5106
134,10,18,2001,4.1,4,1,32602,3,4,9347
135,1,3,2013,3.2,2,2,253611,2,4,8127
136,9,24,2020,4.3,3,2,187223,5,3,11655
137,8,11,2004,3.0,3,2,232438,3,3,4651
138,9,8,2019,4.7,4,2,114139,5,4,12217
139,9,24,2004,1.3,2,1,79437,4,4,8511
140,5,5,2019,2.2,1,2,127801,5,5,9443
141,9,8,2002,1.5,4,1,23115,2,1,7237
142,7,21,2010,3.9,4,1,26930,3,3,11961
143,9,24,2021,2.1,4,2,289967,4,3,6700
144,4,16,2001,3.2,4,2,42064,2,3,6758
145,6,26,2018,3.5,2,2,233614,4,2,10327
146,4,14,2023,4.1,2,1,67072,4,3,17258
147,2,30,2017,2.5,2,2,256380,2,1,8572
148,8,6,2010,1.9,4,3,159546,2,4,5809
149,8,11,2014,3.8,2,3,5877,5,5,13982
150,6,29,2002,4.9,3,1,33244,2,2,11435
151,3,19,2013,4.8,4,2,206381,4,4,8672
152,5,9,2016,4.0,1,1,175833,3,5,10883
153,6,29,2005,3.6,4,3,157073,2,1,6058
154,2,1,2015,2.9,2,1,131766,2,3,12364
155,4,14,2001,2.2,4,2,18630,3,5,6227
156,1,4,2015,2.1,1,1,54522,3,5,11109
157,8,17,2013,1.4,2,3,231290,3,3,6774
158,7,21,2000,3.7,2,2,166776,2,2,6464
159,1,3,2002,4.0,1,2,16302,5,2,8373
160,1,23,2015,2.9,3,3,252824,3,1,7443
161,7,27,2007,1.2,3,1,269614,3,4,4507
162,7,27,2000,2.8,2,3,264697,2,5,3606
163,5,7,2014,4.0,4,2,287926,5,2,6541
164,1,3,2001,1.8,4,1,43196,5,2,6836
165,9,24,2001,4.5,1,3,279971,3,1,3300
166,6,26,2009,1.0,4,2,286745,2,5,2065
167,8,6,2011,2.3,2,3,885,3,2,11682
168,5,9,2013,3.5,3,3,93273,2,4,10634
169,2,30,2004,3.7,1,3,110947,3,2,6781
170,5,7,2018,1.2,4,2,166808,5,2,7363
171,1,23,2022,3.8,1,1,186035,4,3,12279
172,4,15,2005,1.0,3,3,68819,2,3,6223
173,3,19,2018,3.7,4,3,157181,5,2,10056
174,8,6,2007,3.9,4,3,97350,3,3,8153
175,10,22,2016,3.5,1,2,271497,5,4,6970
176,9,24,2013,4.3,2,3,225452,4,5,9790
177,7,21,2010,3.8,4,1,51040,5,2,11379
178,10,18,2012,4.2,2,3,7544,2,5,13749
179,3,13,2009,2.6,3,3,264411,3,1,5111
180,2,30,2012,4.3,4,2,153919,5,2,8921
181,5,7,2010,1.7,4,2,115344,2,5,6493
182,7,25,2009,2.9,1,3,106781,3,2,7564
183,6,26,2011,1.0,4,2,279545,2,3,2809
184,6,26,2020,1.7,4,2,11757,3,1,11564
185,1,23,2014,2.4,4,3,230787,3,1,6084
186,6,12,2020,3.7,3,1,216478,2,1,11970
187,8,6,2003,2.6,1,3,134567,5,2,4908
188,8,6,2006,4.5,2,2,162852,2,3,9142
189,2,1,2023,3.9,3,3,112480,2,2,13650
190,7,21,2017,1.9,2,1,60780,2,1,13384
191,5,7,2012,3.2,1,1,21520,4,4,11969
192,2,2,2017,2.1,1,1,199006,3,3,8819
193,3,13,2006,2.0,3,1,11585,5,4,10168
194,3,13,2009,2.8,2,2,79962,3,2,10000
195,10,18,2014,3.9,2,1,95537,4,2,13789
196,8,17,2021,4.3,1,2,229873,4,2,10102
197,9,24,2006,1.3,3,2,195129,4,5,4297
198,3,19,2011,4.0,3,1,136926,5,1,11161
199,4,16,2003,3.2,4,3,85005,3,1,6499
200,1,4,2017,2.7,2,1,172248,3,2,11955
201,10,18,2017,4.3,4,1,179528,2,5,11409
202,6,26,2014,2.3,2,2,1752,4,2,12564
203,8,17,2008,3.2,2,2,25557,5,4,11188
204,2,2,2007,3.9,3,1,211162,5,5,8376
205,1,3,2014,4.0,4,1,182364,5,5,10152
206,6,26,2010,1.6,4,1,112946,2,5,7941
207,4,16,2009,2.1,4,1,122067,4,4,7958
208,9,24,2008,3.5,2,3,296747,3,1,6065
209,2,2,2018,2.8,4,3,23722,5,5,11825
210,6,12,2000,1.8,4,2,161487,3,5,2670
211,4,16,2009,4.1,4,1,99562,5,2,10408
212,7,21,2018,1.9,2,2,107386,5,4,11252
213,10,18,2021,4.0,1,1,32991,5,3,15240
214,1,3,2017,1.7,1,2,156940,4,2,7761
215,9,8,2007,2.2,1,2,87444,4,4,6651
216,2,2,2009,1.4,4,2,232049,3,2,3559
217,4,16,2009,1.2,3,1,114668,2,4,8206
218,9,8,2017,4.8,2,3,297176,4,2,10056
219,6,26,2011,4.1,3,3,138965,4,4,9720
220,10,28,2006,4.4,4,1,251894,2,4,6762
221,9,10,2006,2.8,1,3,174551,4,5,5208
222,2,2,2011,3.0,4,1,260151,5,1,6696
223,3,20,2006,2.8,4,2,253372,2,4,3632
224,8,17,2010,1.9,3,2,99563,3,5,8008
225,4,15,2014,3.9,2,1,267949,3,2,10341
226,2,30,2010,4.6,1,2,79663,5,5,10106
227,9,24,2013,3.5,2,1,85640,3,4,13287
228,8,11,2001,4.4,3,1,1937,4,4,11261
229,4,15,2014,3.2,4,1,253316,3,5,7933
230,8,11,2007,3.2,1,3,203452,2,4,5330
231,6,12,2022,4.2,2,2,181600,3,3,13268
232,2,30,2002,2.9,4,2,296864,4,2,2000
233,7,27,2014,1.4,3,3,262641,4,1,5447
234,1,23,2023,4.7,2,1,222000,3,3,14760
235,4,16,2006,4.6,4,1,98002,5,4,10039
236,7,27,2000,3.4,3,2,131933,4,1,5861
237,2,30,2001,4.6,1,2,287045,4,4,3259
238,3,20,2008,2.5,4,3,215987,5,3,4680
239,5,7,2009,2.8,1,2,201403,3,5,5571
240,2,1,2021,3.9,4,2,263073,4,3,9038
241,1,3,2021,4.4,1,3,91956,2,2,12960
242,7,27,2021,1.3,3,2,197902,5,5,8741
243,9,24,2006,1.0,1,1,107474,4,5,6250
244,2,2,2011,1.1,1,1,178039,3,1,6439
245,2,2,2009,4.0,2,1,84645,2,2,12607
246,7,21,2020,4.1,3,3,118504,2,4,12829
247,5,5,2009,2.7,4,2,217224,4,5,5155
248,9,8,2002,2.6,4,1,118041,3,4,6439
249,1,4,2020,4.3,1,3,186962,3,5,10660
250,8,17,2023,1.3,2,3,78961,5,2,12720
251,8,17,2010,1.0,3,2,296156,5,1,3176
252,9,24,2019,2.0,4,1,232074,3,5,8658
253,4,14,2001,2.3,2,2,38542,5,2,7929
254,2,30,2010,2.9,1,1,295058,5,1,5598
255,9,8,2013,2.2,3,2,262285,4,4,5954
256,4,14,2008,3.9,2,3,225838,5,3,7883
257,3,13,2023,3.0,3,1,230795,5,4,11884
258,3,20,2008,2.5,4,2,94729,5,3,7105
259,8,6,2022,3.1,4,1,282199,2,2,9656
260,1,3,2006,2.6,1,1,282423,5,5,4351
261,8,6,2004,4.0,1,2,191859,3,5,5462
262,4,15,2004,2.2,3,1,256459,4,5,4870
263,7,27,2021,2.1,2,3,74107,5,4,13017
264,10,18,2019,3.9,4,2,230974,5,3,9080
265,2,2,2016,1.7,4,2,56150,3,1,9477
266,8,6,2010,4.7,1,3,256100,3,2,6678
267,10,18,2006,2.7,3,1,9512,2,1,10909
268,1,3,2011,4.8,4,1,80241,2,3,12095
269,1,4,2021,4.7,1,3,150713,2,4,12085
270,1,23,2018,1.7,2,3,207019,2,3,9059
271,1,3,2023,3.2,4,3,163039,3,3,10939
272,9,10,2000,2.0,1,2,145101,3,5,3197
273,4,16,2016,1.4,4,3,278559,5,4,4728
274,6,12,2017,4.2,1,1,269154,3,2,9516
275,7,27,2010,2.3,4,2,62065,2,2,8158
276,1,23,2023,1.9,1,2,52679,5,3,11846
277,9,8,2014,1.0,4,2,177766,3,2,5744
278,5,9,2007,1.6,2,2,158154,3,4,6636
279,3,19,2021,1.3,2,1,52051,5,1,14158
280,9,8,2023,1.5,1,2,117049,2,5,10159
281,9,8,2000,1.8,2,1,271405,4,4,3971
282,6,26,2010,2.6,3,3,260006,3,3,5499
283,9,24,2012,1.7,4,2,234785,3,1,4704
284,7,21,2009,1.6,2,1,222076,5,4,7458
285,10,22,2002,1.8,4,2,194835,3,3,2603
286,4,16,2013,2.0,1,1,145970,2,2,8580
287,4,15,2011,1.4,3,1,30785,4,3,10684
288,1,23,2015,3.7,1,3,57196,3,1,11156
289,7,27,2019,4.0,1,3,50680,3,4,12786
290,9,24,2001,4.7,1,3,230052,2,3,4498
291,5,9,2019,4.2,4,2,273193,2,4,8536
292,6,12,2003,4.4,3,3,169451,2,2,7010
293,2,30,2020,2.2,2,1,286174,4,5,10076
294,3,20,2004,4.9,1,2,242712,5,4,5345
295,6,12,2014,3.4,2,2,227371,4,5,9152
296,7,21,2002,1.7,1,2,79442,4,2,4811
297,9,10,2005,3.2,4,1,29885,2,2,9702
298,10,28,2008,4.3,1,3,261478,4,5,5570
299,7,21,2010,1.2,4,1,170847,4,4,6383
300,2,30,2001,4.1,2,3,87221,5,4,8755
301,8,6,2014,2.9,4,2,217980,4,4,6840
302,10,22,2010,4.1,2,1,71288,5,2,13274
303,2,2,2016,4.5,1,2,91092,2,1,11578
304,5,9,2020,4.4,4,3,24913,3,3,14001
305,7,27,2000,4.2,3,3,155444,3,5,6191
306,8,11,2014,2.5,2,3,171683,3,2,9366
307,5,7,2015,4.8,1,1,295428,3,5,8991
308,10,18,2010,3.9,4,1,207380,2,5,8352
309,8,6,2012,1.5,2,1,89226,5,5,10915
310,2,1,2001,4.6,3,2,79217,4,4,8415
311,8,11,2010,3.3,1,1,297971,2,3,5940
312,4,15,2011,3.5,1,3,178950,2,3,7321
313,1,3,2017,3.4,2,1,148880,3,5,13122
314,5,5,2013,1.7,4,3,23936,4,4,9221
315,1,23,2002,2.1,2,2,68076,4,1,7438
316,3,20,2015,2.9,1,1,144743,2,3,10105
317,7,25,2014,4.4,1,3,90279,3,5,10894
318,1,3,2018,2.5,1,3,56429,2,1,10871
319,1,3,2014,2.9,1,1,1197,2,5,12676
320,8,6,2021,1.9,4,1,200177,2,2,9796
321,3,20,2022,3.0,1,2,5679,2,4,13586
322,2,1,2011,3.3,3,2,14586,4,1,11408
323,7,27,2001,3.6,3,3,202216,3,3,4955
324,2,2,2002,4.8,4,2,249673,5,1,4506
325,3,19,2011,1.7,1,2,39156,3,1,8316
326,10,18,2010,4.5,2,3,68014,3,2,12239
327,4,16,2008,2.4,4,2,126868,5,3,6362
328,8,11,2010,3.0,2,2,258632,4,5,6927
329,4,15,2021,4.3,3,3,201170,3,5,11676
330,1,3,2019,2.9,3,2,13569,2,3,13428
331,2,1,2020,2.1,1,3,191301,3,1,8373
332,7,27,2002,4.4,4,3,169424,3,3,5711
333,2,30,2010,2.9,4,2,63026,2,5,8739
334,3,20,2001,4.8,2,3,145630,2,1,8287
335,1,23,2003,3.7,1,1,44024,4,4,9319
336,1,23,2022,1.2,2,2,122902,2,3,11441
337,1,3,2012,4.0,2,3,92692,3,2,11846
338,3,13,2020,2.9,4,1,22360,2,5,14052
339,8,11,2018,3.4,1,2,53596,5,1,11828
340,5,5,2000,3.6,2,3,45737,5,1,8785
341,7,27,2020,3.0,3,1,98160,2,5,13636
342,3,19,2018,4.0,4,2,253702,3,4,8425
343,4,14,2006,1.5,3,3,94715,5,2,6505
344,10,22,2005,1.4,1,3,1841,2,2,6963
345,7,21,2021,1.6,1,3,109050,2,5,9819
346,2,2,2008,4.4,3,3,236894,2,1,7162
347,9,10,2016,4.4,2,1,256691,4,1,11666
348,4,14,2006,1.6,3,3,235768,5,2,3784
349,8,6,2003,4.4,3,2,88089,3,3,8638
350,5,7,2007,3.8,2,1,160230,4,2,10295
351,8,11,2000,1.1,1,2,233776,2,3,2000
352,3,13,2015,1.3,3,3,117006,3,5,8559
353,4,15,2005,4.7,1,3,295379,2,2,4392
354,3,19,2019,2.5,3,2,299406,3,1,7311
355,4,14,2011,1.4,4,3,182197,4,3,5156
356,10,28,2015,1.4,2,3,235687,2,2,7286
357,10,22,2005,1.6,2,1,293339,5,1,4833
358,1,3,2008,3.5,1,2,79861,4,1,8402
359,8,6,2020,1.9,4,3,288000,4,5,6240
360,7,25,2022,1.6,1,1,295898,3,1,7882
361,9,24,2005,2.5,3,3,239287,4,1,4314
362,5,7,2016,4.4,4,1,7588,4,5,14648
363,10,28,2002,3.4,1,1,152117,3,2,6557
364,7,27,2019,4.4,4,2,195296,5,4,10294
365,3,19,2006,4.4,1,1,191716,2,3,7965
366,5,7,2000,3.6,4,2,230409,2,3,3091
367,5,9,2014,1.1,1,1,106397,4,2,8772
368,10,22,2007,3.7,2,2,295514,2,4,5989
369,7,27,2001,3.1,3,1,232603,4,4,5347
370,8,11,2000,2.5,1,2,18150,3,5,6237
371,10,22,2000,1.8,4,1,222084,2,3,2958
372,9,10,2016,3.7,4,2,59160,5,2,11416
373,3,13,2016,2.3,4,3,73775,3,4,9724
374,8,11,2007,2.4,2,1,89733,3,1,10305
375,6,29,2002,2.6,4,3,11401,5,4,7071
376,3,19,2019,4.4,1,3,233465,2,1,9530
377,10,18,2016,4.3,4,3,240885,3,2,8382
378,8,17,2006,3.5,2,3,25049,4,5,10899
379,3,13,2003,2.0,3,3,110430,3,1,5791
380,6,12,2018,3.7,2,3,205909,3,2,11081
381,4,14,2011,1.4,3,3,161912,4,4,6561
382,8,6,2002,3.6,3,1,54815,3,5,9703
383,6,12,2019,3.3,2,2,128619,3,5,12527
384,5,9,2019,4.0,3,2,121403,5,2,12371
385,9,10,2019,4.2,2,3,253093,5,4,10938
386,3,20,2022,4.8,4,3,97890,2,2,13542
387,9,8,2016,1.2,1,2,157466,4,1,6950
388,7,25,2004,3.6,4,3,168226,4,4,5535
389,1,3,2009,1.2,4,1,275586,3,5,3988
390,4,16,2015,1.9,2,2,50573,4,5,11488
391,10,28,2006,2.6,2,2,219205,5,5,6115
392,6,12,2008,2.7,2,1,1708,5,2,12665
393,7,25,2012,3.6,4,1,244437,2,2,7911
394,7,27,2016,2.1,2,2,134097,4,5,10318
395,4,15,2010,1.1,3,2,98700,5,3,7226
396,8,11,2018,1.6,3,2,78445,4,4,10531
397,3,13,2001,3.6,3,3,93140,2,1,7137
398,6,12,2006,3.0,1,1,288209,3,2,4635
399,6,26,2009,4.4,3,3,282931,5,3,6541
400,10,22,2023,3.0,3,1,242006,5,1,11659
401,7,21,2006,4.6,3,2,272450,4,3,6051
402,7,27,2002,4.4,4,1,54982,5,5,9500
403,3,20,2003,1.2,1,3,53980,4,3,5120
404,4,14,2019,1.6,3,3,84291,4,4,10714
405,6,26,2002,3.1,3,3,264010,5,1,3519
406,1,3,2020,1.7,3,3,54068,4,1,11718
407,6,29,2002,4.4,4,2,253283,4,1,4034
408,2,2,2010,1.1,4,1,1666,4,3,9666
409,5,5,2000,2.8,2,1,128713,4,2,7825
410,9,8,2004,2.9,1,1,155101,3,5,6597
411,10,22,2002,3.1,1,1,153222,5,2,6235
412,2,1,2004,3.0,2,3,140269,4,1,7494
413,9,10,2022,4.6,1,1,48034,3,1,15839
414,5,5,2007,1.7,2,1,197700,2,4,7446
415,4,16,2020,1.3,3,2,130961,2,4,9780
416,10,28,2009,1.5,2,3,204370,4,4,6212
417,4,14,2005,1.9,1,3,103956,5,2,5420
418,3,13,2004,3.0,2,2,86109,3,5,8577
419,7,27,2011,1.7,3,2,264104,4,2,4817
420,5,5,2019,2.1,4,1,1068,2,1,13378
421,6,12,2004,3.1,2,1,202084,2,1,7858
422,2,1,2012,4.5,4,3,78159,3,1,10636
423,7,21,2012,2.7,2,1,188249,3,4,10135
424,1,4,2021,3.6,1,3,252284,5,4,8954
425,8,6,2011,4.8,1,2,120010,4,5,9799
426,8,17,2007,4.8,4,3,77167,4,4,9456
427,1,23,2021,3.0,1,3,226346,5,4,8873
428,9,8,2014,4.1,1,1,35164,3,3,13196
429,4,14,2015,4.3,2,2,147409,3,1,11951
430,4,15,2016,3.6,1,2,292131,4,4,6657
431,7,25,2016,1.6,2,1,285860,4,5,8282
432,1,3,2005,2.3,2,2,112828,3,2,7643
433,1,23,2023,3.5,3,3,225090,2,2,10998
434,10,18,2003,2.5,2,2,235804,3,1,4783
435,7,25,2007,4.7,2,2,18622,4,3,12527
436,5,9,2001,1.8,2,3,38814,4,5,7423
437,10,18,2001,2.3,1,2,64027,3,2,5419
438,7,25,2013,2.7,3,2,155927,5,4,8581
439,5,7,2000,3.5,3,3,181019,2,2,4979
440,4,16,2014,3.8,1,3,91618,4,4,10267
441,3,13,2004,2.6,3,3,234638,5,3,4207
442,4,16,2006,4.4,3,1,213796,4,4,8524
443,6,12,2008,4.5,2,3,242378,4,3,8152
444,7,21,2015,3.4,2,2,68256,4,2,12634
445,5,7,2012,4.9,2,2,4608,3,2,14507
446,4,15,2014,4.7,2,1,262198,4,2,11256
447,6,12,2014,3.7,4,3,203553,3,5,7928
448,1,4,2007,1.4,4,2,252417,3,3,2551
449,4,16,2010,3.9,3,1,42902,3,5,12641
450,1,4,2020,4.8,2,2,116761,2,3,14564
451,8,6,2015,2.7,1,2,181326,5,5,7673
452,4,14,2008,4.1,2,2,286699,3,5,6866
453,9,24,2013,3.8,3,1,149662,2,1,11306
454,10,28,2019,4.7,4,3,213300,4,1,10234
455,9,24,2015,2.0,1,2,125458,2,3,8090
456,6,26,2011,2.5,4,2,61333,2,1,8673
457,2,30,2009,3.8,2,1,103338,3,3,12033
458,6,12,2019,1.9,2,1,44978,4,4,14300
459,5,5,2002,2.5,2,1,119657,2,2,8306
460,4,14,2003,2.2,2,2,106537,4,4,7069
461,5,5,2005,2.8,2,2,228351,2,2,5832
462,10,18,2000,1.0,3,3,156258,4,1,2974
463,8,6,2022,3.6,1,2,233628,5,2,9627
464,5,5,2000,2.9,3,3,238272,5,1,3234
465,3,20,2023,2.0,1,2,280794,2,3,7384
466,7,25,2005,2.6,1,3,14058,5,4,7918
467,1,3,2018,3.3,3,3,274434,3,2,8311
468,3,13,2015,3.2,1,1,60419,4,4,12091
469,2,30,2021,5.0,4,3,98604,2,4,13427
470,10,18,2023,1.6,4,1,133425,5,5,11431
471,6,29,2004,4.2,3,2,271816,3,5,5063
472,8,17,2019,2.9,4,3,247451,3,3,7750
473,4,15,2014,4.7,4,3,85892,5,2,11282
474,4,14,2006,3.1,2,3,252610,2,3,5947
475,1,4,2020,1.3,3,2,282883,4,1,6742
476,2,2,2020,2.7,3,3,109271,3,4,11614
477,8,17,2018,2.0,3,1,119566,5,5,11608
478,4,16,2009,3.0,1,2,54105,3,2,8717
479,5,7,2020,2.4,3,2,103185,2,3,11436
480,3,19,2010,1.8,3,2,227999,5,1,5340
481,2,30,2000,1.1,3,1,141537,3,2,4869
482,6,12,2022,2.8,1,1,250524,5,5,9989
483,2,2,2012,1.7,4,1,163543,5,4,7629
484,1,4,2021,2.7,4,2,283597,2,2,7428
485,7,25,2021,3.6,4,1,79401,4,3,13911
486,4,15,2007,3.4,2,2,125769,3,1,9084
487,6,26,2009,4.1,1,2,67077,2,5,9558
488,6,26,2007,2.3,2,2,76257,2,3,8974
489,4,16,2010,1.2,2,1,220484,4,4,7390
490,9,8,2010,4.7,4,3,155338,5,1,8693
491,10,28,2006,3.1,2,1,135166,5,1,9796
492,4,15,2009,2.4,4,1,22624,4,4,10247
493,1,3,2002,3.2,3,1,106780,2,5,8264
494,8,6,2017,2.3,2,3,40455,4,1,12690
495,4,14,2007,1.1,1,3,261935,4,2,2061
496,5,7,2015,2.2,2,2,164031,4,5,9519
497,8,17,2018,4.8,3,1,108824,3,4,14623
498,5,7,2001,4.3,4,3,67506,3,4,7349
499,8,6,2013,1.5,3,1,198747,5,4,8025
500,5,7,2004,1.3,2,1,189304,5,1,6313
501,1,3,2019,3.1,1,3,171550,3,5,9469
502,3,20,2011,4.8,2,1,49802,2,4,14703
503,7,25,2006,4.9,2,2,32528,4,3,12149
504,7,25,2002,3.3,1,1,252871,3,2,4442
505,6,29,2010,3.6,1,3,37887,5,5,9942
506,7,21,2003,1.5,2,1,243023,2,3,5139
507,4,15,2011,5.0,4,1,125014,4,5,11399
508,2,30,2007,2.0,2,1,225309,2,5,7193
509,10,18,2012,1.5,2,3,19946,5,4,10801
510,9,24,2016,1.5,2,3,34256,4,3,11714
511,2,30,2007,2.1,2,2,48326,5,4,9333
512,3,19,2018,3.9,3,1,22059,4,3,15458
513,2,2,2016,3.1,4,1,82589,2,3,11848
514,8,17,2005,3.5,3,2,254719,4,4,5005
515,10,28,2012,2.8,1,2,22534,5,2,10049
516,1,4,2009,3.3,2,3,105672,5,2,9986
517,4,16,2013,3.5,2,2,184223,2,1,9815
518,4,15,2012,3.4,2,1,66901,3,3,13261
519,9,8,2014,2.8,4,3,277899,2,5,5542
520,6,12,2010,4.5,3,2,93756,3,1,10724
521,8,17,2005,3.8,2,1,159958,5,2,9700
522,6,29,2020,2.7,4,1,130146,2,3,11697
523,1,23,2017,3.4,4,3,184285,4,3,8914
524,4,14,2001,1.1,3,2,221586,3,5,2068
525,4,14,2005,2.1,2,1,40020,5,2,10399
526,10,28,2017,3.3,2,1,201512,4,3,11969
527,7,27,2014,1.3,1,3,180373,5,5,5992
528,9,10,2014,4.7,4,3,114382,5,3,10712
529,8,11,2003,1.9,4,1,211135,5,1,4177
530,8,6,2007,2.0,4,3,118689,5,1,5826
531,7,27,2017,3.4,1,2,149589,2,2,9608
532,1,4,2022,1.4,2,2,84573,3,4,12408
533,3,19,2004,1.8,1,3,149851,4,2,4102
534,6,26,2002,2.4,4,1,122979,3,5,6140
535,1,4,2018,1.6,1,2,180019,3,5,7499
536,2,1,2001,4.7,1,3,107974,3,3,6940
537,8,17,2003,2.2,3,3,17393,3,5,7852
538,4,15,2001,2.6,2,3,74,2,2,8998
539,9,10,2014,1.2,2,1,215776,4,4,8684
540,10,18,2022,4.1,3,3,15423,4,3,15491
541,10,28,2009,2.1,1,1,216808,5,1,6063
542,2,1,2001,4.2,2,1,271492,5,3,6670
543,2,2,2017,2.7,2,1,23058,2,3,14938
544,9,10,2015,4.9,2,2,292193,5,2,9656
545,8,6,2020,1.2,4,2,100045,5,5,9299
546,9,10,2018,3.5,4,1,230823,3,5,9883
547,4,15,2020,2.9,3,1,123389,4,4,13032
548,7,27,2020,2.7,1,1,87168,5,3,12556
549,5,7,2016,3.2,1,2,253949,5,1,7021
550,4,16,2001,4.1,1,3,88202,2,5,6735
551,10,18,2010,4.6,3,3,89735,5,5,10905
552,3,20,2015,4.3,4,3,190674,4,1,9086
553,5,9,2007,3.0,1,2,45399,3,1,8292
554,7,27,2015,3.5,1,2,118075,2,3,9738
555,2,2,2023,1.8,2,3,212962,2,4,10540
556,4,14,2000,1.8,3,2,222734,3,4,2445
557,10,22,2000,4.8,2,1,158249,2,2,9235
558,2,1,2008,4.4,4,3,268020,5,1,5539
559,9,10,2015,3.0,2,2,102552,3,3,11548
560,5,7,2004,3.9,2,1,96421,4,5,10771
561,5,9,2018,2.2,3,1,227142,5,3,9657
562,9,24,2002,1.7,4,1,265079,4,4,2598
563,7,27,2001,3.3,2,3,258462,4,4,4530
564,5,9,2007,1.6,2,3,84889,4,3,8102
565,10,28,2023,4.6,1,1,193427,3,1,13231
566,6,26,2020,3.4,3,1,15353,3,4,15692
567,5,7,2022,3.0,1,1,95078,5,2,13298
568,10,18,2003,4.2,4,1,92303,4,1,8853
569,4,14,2011,1.1,1,2,122843,2,5,6043
570,10,22,2006,3.3,3,3,203140,3,1,6137
571,1,23,2019,1.5,3,1,299007,2,2,7819
572,5,9,2000,3.6,3,3,71037,2,2,7279
573,6,29,2017,4.3,1,3,190312,5,2,9693
574,7,27,2003,2.3,1,1,138463,5,1,6030
575,10,28,2011,4.2,3,2,49206,5,5,11615
576,2,2,2009,1.8,2,3,115364,2,1,8292
577,9,24,2021,3.3,1,1,291239,5,2,9375
578,8,6,2000,4.2,4,2,270079,5,2,2898
579,8,11,2015,2.4,1,3,260513,4,5,5789
580,9,10,2016,3.7,1,3,191330,5,2,8773
581,10,28,2019,3.9,2,2,133300,4,1,13034
582,5,5,2020,3.6,3,3,51251,5,5,13674
583,2,30,2021,1.7,4,3,48231,5,2,11135
584,3,19,2013,2.2,2,1,196832,3,1,9763
585,6,12,2023,4.3,4,3,49540,4,2,14309
586,3,20,2014,2.2,2,1,47950,3,1,13041
587,1,23,2014,4.0,4,3,237177,2,4,7556
588,10,28,2011,4.9,4,3,285572,2,4,6588
589,4,16,2017,3.6,4,3,263823,5,4,7523
590,10,28,2020,2.3,4,1,134572,4,1,11208
591,4,14,2019,3.7,2,2,234754,2,2,10804
592,2,1,2019,3.2,2,2,248880,5,5,10022
593,4,14,2010,1.6,4,2,36425,3,4,7971
594,7,21,2001,4.2,2,3,189692,3,5,6806
595,9,10,2001,4.8,2,3,107723,2,3,9045
596,7,25,2023,3.4,4,2,177464,4,3,10850
597,1,4,2011,2.8,4,2,104757,3,5,8104
598,7,27,2017,2.6,2,1,108462,2,1,13130
599,6,26,2022,3.1,3,1,28342,3,5,15733
600,10,18,2016,2.8,3,1,218978,2,1,9820
601,2,2,2018,3.9,2,2,216924,5,3,11061
602,4,15,2014,2.8,2,3,136710,5,1,10365
603,6,12,2001,4.1,4,2,187046,2,3,4759
604,6,12,2005,2.7,3,1,45510,2,3,9889
605,4,14,2003,1.4,1,1,267644,3,3,2547
606,8,17,2002,4.8,1,1,248863,2,1,6022
607,2,2,2022,1.6,4,1,112224,2,1,11555
608,2,1,2012,4.1,3,3,269110,5,5,7417
609,7,25,2006,1.1,3,1,71600,2,2,8068
610,8,6,2020,2.3,2,2,167084,3,4,11058
611,6,12,2018,3.0,3,2,209783,2,4,9304
612,5,7,2000,2.4,2,1,122782,5,3,7544
613,10,22,2018,3.5,2,2,44918,4,3,14101
614,2,30,2011,3.3,3,3,59350,5,1,10513
615,9,8,2005,4.4,4,1,124854,4,2,9002
616,5,5,2002,1.7,3,2,129658,4,2,4806
617,4,14,2017,5.0,2,3,174286,4,1,12714
618,1,4,2009,4.5,4,1,119948,3,3,10401
619,1,4,2000,3.8,4,3,63543,5,1,6629
620,2,2,2005,3.9,1,3,123959,2,3,7020
621,8,17,2020,1.7,1,1,119413,3,3,10911
622,8,17,2002,4.6,2,1,28405,5,4,12231
623,1,23,2010,3.8,1,1,19071,3,1,12018
624,3,13,2017,1.8,4,3,96482,5,5,9070
625,5,9,2015,2.3,2,3,207427,4,5,8751
626,6,12,2012,2.6,4,3,291400,5,2,4472
627,3,19,2023,2.1,4,1,41573,5,4,13768
628,3,13,2003,3.3,3,1,100141,2,3,8797
629,3,13,2012,1.4,1,3,128584,3,5,6528
630,4,14,2003,4.9,1,1,299066,4,3,5418
631,8,11,2004,1.2,1,1,141943,4,1,5161
632,10,22,2015,4.2,4,1,263711,3,2,9025
633,1,4,2010,3.4,3,1,281978,3,2,7360
634,3,20,2002,1.7,2,2,214459,5,1,4110
635,5,7,2002,1.8,2,2,159351,2,3,5312
636,3,20,2000,2.8,4,2,280108,5,3,2000
637,2,1,2011,2.8,3,2,178509,4,4,7629
638,6,26,2004,4.0,4,2,17140,5,2,8957
639,1,4,2017,2.6,4,1,280103,4,5,7697
640,9,8,2012,4.1,3,1,97971,5,1,12340
641,1,3,2010,4.6,2,1,226022,3,3,10679
642,9,10,2004,2.6,4,1,88330,2,4,7633
643,8,17,2012,4.7,2,3,251019,2,3,9379
644,7,25,2021,1.4,3,2,115527,4,1,10489
645,2,2,2020,4.1,3,1,65158,3,1,15396
646,5,9,2011,4.6,4,3,136182,3,2,9276
647,1,4,2018,3.3,3,2,171346,2,1,10373
648,2,1,2011,3.9,4,1,31189,3,3,12176
649,9,24,2019,3.6,1,2,98479,3,2,11430
650,4,16,2010,1.2,2,1,214493,5,3,7510
651,5,5,2023,5.0,4,2,238324,5,2,11233
652,2,30,2000,3.3,1,2,194043,3,4,3519
653,1,4,2022,4.6,3,3,226584,2,4,11768
654,10,28,2017,2.6,3,1,233248,5,1,9635
655,1,3,2007,3.7,2,1,213520,4,3,9129
656,1,23,2019,1.4,1,1,280967,2,3,7080
657,4,15,2006,2.7,3,2,51538,2,2,8569
658,3,20,2001,4.9,4,2,70195,2,2,7896
659,8,6,2015,4.4,3,3,139468,5,4,11210
660,3,19,2005,3.1,3,3,42542,2,4,8849
661,6,29,2020,2.3,3,3,192030,4,1,9559
662,9,10,2023,3.4,3,3,19096,3,2,15018
663,2,2,2002,4.7,1,3,273477,4,4,3930
664,4,14,2012,1.7,1,3,18936,2,4,9021
665,5,9,2009,2.3,4,2,182780,2,2,5444
666,4,16,2019,4.6,1,1,141392,3,5,13072
667,2,30,2009,3.1,4,2,65564,2,4,8588
668,5,7,2017,1.6,2,3,125535,4,3,10289
669,2,1,2004,3.0,2,2,215571,3,5,5988
670,6,29,2021,3.9,1,1,217374,2,4,11452
671,6,29,2004,4.0,3,1,173201,4,2,8335
672,5,9,2019,3.2,1,2,158300,3,2,9834
673,3,20,2022,4.8,3,3,117267,2,4,14154
674,3,19,2014,2.0,4,1,181881,5,5,8162
675,9,10,2017,1.6,2,3,46400,3,3,11872
676,4,15,2005,4.2,4,2,125377,4,1,7292
677,2,1,2018,5.0,1,2,142084,3,2,11658
678,8,11,2014,1.7,4,2,95579,3,3,8088
679,5,9,2002,4.3,1,2,275483,4,1,3490
680,7,25,2004,3.7,1,1,68962,4,5,9120
681,10,18,2010,3.1,3,3,265548,5,4,5889
682,7,27,2015,4.0,3,3,161451,5,5,10370
683,9,10,2014,1.4,2,3,173573,4,4,8228
684,8,6,2020,1.6,4,1,258410,3,1,8031
685,8,11,2018,2.2,2,2,68474,3,1,12330
686,5,5,2003,2.2,2,2,278555,2,3,3628
687,7,27,2012,2.7,2,3,113357,3,4,10132
688,5,9,2022,1.2,4,3,118189,5,2,9536
689,7,27,2005,3.0,2,1,52129,4,4,11057
690,7,21,2020,1.3,4,1,1213,4,5,12875
691,9,24,2007,4.9,3,3,193478,2,4,8230
692,3,13,2007,2.9,1,2,109544,3,4,6909
693,10,18,2022,4.6,1,2,145259,2,3,12394
694,6,29,2022,1.3,1,3,86670,2,4,10266
695,5,7,2022,3.8,2,2,90870,3,5,14682
696,3,13,2010,2.4,2,3,88040,3,2,9739
697,10,22,2007,3.0,2,2,272439,3,3,5751
698,2,2,2018,4.6,1,2,193942,3,1,10221
699,1,4,2006,2.6,4,1,286546,4,4,4269
700,5,9,2008,4.5,3,1,140691,3,1,10686
701,2,2,2023,2.7,1,3,151802,5,4,10663
702,1,23,2012,3.3,3,3,47107,2,5,11057
703,3,13,2015,2.9,1,3,116244,2,2,9175
704,9,10,2013,1.7,2,3,248675,3,2,6726
705,3,20,2023,3.6,3,2,206061,4,5,11478
706,9,24,2003,3.7,3,3,248288,5,1,4734
707,9,10,2020,2.8,3,3,200179,2,3,9896
708,2,30,2001,2.8,3,1,124896,4,3,7202
709,5,9,2011,4.4,3,3,34683,2,5,12106
710,2,2,2008,4.6,4,1,211540,2,3,8369
711,8,6,2020,4.3,4,3,245144,5,1,9497
712,5,7,2006,2.6,2,3,126424,2,5,7971
713,3,19,2016,1.2,3,2,80455,4,4,9490
714,5,7,2020,1.1,2,2,231642,4,1,8567
715,7,27,2004,3.4,2,1,93978,4,2,10320
716,10,22,2005,1.5,4,2,217997,5,4,2740
717,6,26,2012,1.8,3,2,74195,2,1,9016
718,6,26,2012,3.1,2,1,211305,3,3,10073
719,4,15,2018,2.0,4,2,5196,4,3,11396
720,1,23,2016,4.4,3,3,181485,4,3,10670
721,2,30,2019,4.0,3,2,238714,5,2,10025
722,9,8,2012,3.9,1,2,22645,2,4,11147
723,1,23,2012,1.3,4,1,89321,4,4,8713
724,2,30,2014,3.8,3,1,174202,5,4,11115
725,9,24,2023,1.0,2,1,131850,3,4,12863
726,8,6,2002,1.8,2,3,236758,5,5,3764
727,4,14,2014,2.5,1,1,172033,4,2,8859
728,6,12,2014,3.1,2,1,115640,4,1,12587
729,8,6,2013,3.8,1,3,286873,5,1,6062
730,9,10,2016,3.8,2,3,276633,5,5,9167
731,7,25,2016,1.7,3,2,104572,4,1,9508
732,4,14,2007,1.8,3,3,294977,4,2,3100
733,6,12,2019,1.2,4,1,241090,2,4,7678
734,7,25,2018,4.4,1,2,36711,2,4,13165
735,10,18,2010,2.9,2,2,249910,5,3,7001
736,6,29,2015,3.1,4,2,257380,3,2,6552
737,5,5,2000,1.4,1,1,69339,5,4,5613
738,6,29,2007,1.7,1,1,266758,4,2,4064
739,1,3,2008,3.9,3,1,217728,3,5,8545
740,2,1,2019,4.0,2,3,110440,4,1,13591
741,10,28,2023,1.5,1,1,253722,2,2,8925
742,10,18,2006,4.6,1,1,84861,5,4,10302
743,7,21,2002,2.7,1,1,293857,5,5,3022
744,5,7,2019,1.1,4,1,159120,4,1,9217
745,6,12,2012,4.7,1,3,1565,2,2,12368
746,1,3,2012,3.3,2,3,156438,4,4,9871
747,2,1,2020,3.1,3,1,156278,2,5,12574
748,10,18,2022,2.3,2,1,137767,3,5,13744
749,4,15,2015,3.3,2,3,160346,2,5,10693
750,3,13,2021,1.5,4,1,52952,2,3,12340
751,2,2,2023,2.9,4,2,46588,2,5,12968
752,2,2,2022,4.2,1,1,51622,5,2,15367
753,3,19,2017,3.9,2,3,106704,5,4,12965
754,8,11,2011,1.1,3,3,78434,2,2,7931
755,4,15,2006,3.9,3,3,239992,3,2,6000
756,1,3,2017,2.6,1,2,122433,3,3,9351
757,7,27,2005,2.0,1,2,2587,4,5,7548
758,5,7,2005,4.4,2,2,38437,4,3,11231
759,3,19,2014,4.1,4,3,102784,5,3,10344
760,10,22,2006,2.9,1,1,195789,3,4,6384
761,7,27,2016,4.2,1,2,99794,3,5,11104
762,7,25,2013,1.5,1,3,143174,2,4,6636
763,3,20,2014,4.1,1,1,30639,2,2,13287
764,6,26,2011,2.3,2,1,132009,5,3,10559
765,1,4,2011,3.5,2,2,155375,2,4,9792
766,4,14,2004,3.6,4,1,189756,3,3,6604
767,9,10,2010,3.9,1,3,149067,2,2,8018
768,4,14,2021,1.7,1,2,250370,3,4,7092
769,9,10,2021,1.4,3,1,279321,5,5,8713
770,2,30,2010,3.3,2,2,189540,4,4,8609
771,6,29,2006,1.6,3,3,102680,4,4,6446
772,6,12,2015,3.7,4,1,215906,4,2,9481
773,8,11,2002,1.7,1,2,116977,2,5,4060
774,6,29,2012,4.7,3,2,159236,5,2,10215
775,8,6,2021,2.4,1,2,94705,2,4,10905
776,6,26,2018,2.3,2,3,245073,4,5,8898
777,1,23,2020,2.5,1,1,188803,5,1,10323
778,4,16,2001,1.2,4,3,219120,3,4,2000
779,3,13,2002,2.2,3,2,23277,4,2,7434
780,4,15,2017,1.1,3,1,9177,3,2,12616
781,8,11,2005,4.9,1,2,133103,4,4,7837
782,5,9,2006,1.4,4,2,142293,4,3,4454
783,1,4,2018,2.9,4,1,107147,3,5,11757
784,7,27,2000,4.4,1,2,21303,3,1,8073
785,2,1,2020,4.6,4,3,132791,4,3,12044
786,7,21,2003,3.8,2,2,192356,5,2,6952
787,8,17,2004,4.8,3,2,123019,5,4,8639
788,5,7,2017,1.3,3,2,132831,5,4,8843
789,5,9,2010,1.2,4,3,168167,4,4,4936
790,5,5,2008,3.5,4,3,73222,4,2,8535
791,9,24,2013,3.5,3,3,288094,5,5,6738
792,9,24,2001,2.4,1,3,213779,5,1,2524
793,1,3,2015,4.3,3,3,115707,4,2,11585
794,2,30,2013,2.6,2,3,147066,2,2,9658
795,9,10,2020,3.3,1,3,107566,3,5,11248
796,7,21,2006,3.5,4,2,154437,2,4,6311
797,10,22,2018,1.9,4,2,234775,3,4,6704
798,5,9,2013,4.7,1,1,205900,3,3,10082
799,2,2,2000,4.8,2,3,269373,4,1,5512
800,3,13,2002,3.9,1,1,204351,5,3,6012
801,6,26,2000,2.2,3,3,164580,3,1,4008
802,5,5,2016,3.1,3,2,181002,5,2,9379
803,3,13,2020,1.4,4,2,94143,4,4,9617
804,6,12,2012,2.2,1,3,152845,2,4,6843
805,6,12,2016,3.7,4,2,258070,3,3,7438
806,6,12,2023,4.6,4,2,84915,2,1,13901
807,3,13,2006,1.4,3,2,242946,3,3,3441
808,8,6,2002,4.0,2,1,292289,3,1,6354
809,4,16,2020,3.5,3,1,226627,2,1,11567
810,10,28,2020,2.3,1,2,13991,5,5,12120
811,7,21,2011,2.1,1,3,81075,2,2,7878
812,2,1,2003,2.9,4,2,243002,4,5,3039
813,3,20,2006,4.6,4,2,1828,4,3,10463
814,2,2,2018,3.5,2,1,220377,5,3,12092
815,1,23,2013,3.6,1,2,168817,5,2,8223
816,7,25,2022,3.0,2,2,275218,2,4,10195
817,6,26,2019,4.3,3,1,122264,3,2,14154
818,6,29,2002,4.1,2,3,252722,3,5,5745
819,9,24,2022,1.8,4,3,35772,3,2,11784
820,10,22,2012,3.5,1,3,31683,3,4,10566
821,1,4,2015,4.6,2,1,75917,3,5,15181
822,1,3,2015,2.4,1,1,295350,4,2,6593
823,4,14,2013,2.1,2,2,31523,4,3,11469
824,10,22,2019,1.3,4,2,105616,4,1,8987
825,10,28,2016,2.0,4,2,282282,2,3,5254
826,3,19,2009,4.1,1,1,195365,5,2,8492
827,6,12,2023,3.2,4,1,199087,2,1,11718
828,2,30,2006,4.3,4,1,12893,3,5,11442
829,1,23,2020,2.1,4,2,32116,5,2,11557
830,4,14,2004,2.9,2,1,33860,5,3,11022
831,3,19,2011,1.1,3,3,108748,5,2,7325
832,7,21,2023,3.6,1,1,50457,2,4,15090
833,4,16,2013,3.0,4,2,74605,4,2,9507
834,10,28,2001,1.3,2,1,38154,2,5,8436
835,9,24,2019,4.7,1,2,142336,5,1,11653
836,6,29,2015,1.7,4,1,34257,4,3,11114
837,10,28,2023,1.9,3,1,254344,5,2,10313
838,4,16,2011,4.7,3,2,175723,2,5,9585
839,9,24,2006,4.1,3,3,114178,2,2,8716
840,9,10,2022,4.4,4,2,140127,2,1,12297
841,2,2,2008,1.3,3,2,223511,3,3,4329
842,8,11,2007,3.6,4,3,270713,5,2,4385
843,4,16,2013,2.1,3,1,272064,4,5,7158
844,10,18,2018,3.6,2,2,20269,3,4,14694
845,9,8,2012,3.8,2,3,9334,2,3,13313
846,9,24,2006,4.6,4,3,229372,5,4,5912
847,6,26,2007,3.9,3,3,168409,4,4,7731
848,6,12,2023,3.2,2,2,185737,4,3,12485
849,3,19,2019,2.3,2,2,294137,5,2,8217
850,5,9,2019,1.3,3,3,110457,5,1,9890
851,9,24,2013,1.3,2,2,293472,3,5,5430
852,6,12,2015,2.4,1,3,183600,2,3,7328
853,10,22,2001,4.2,1,3,165301,3,5,5293
854,3,13,2019,4.2,2,2,143752,4,5,13124
855,7,27,2007,4.7,2,3,134772,3,5,10204
856,3,19,2022,2.5,2,1,109284,4,5,14514
857,1,4,2015,1.6,3,2,209035,4,1,7019
858,9,10,2014,5.0,2,2,25556,4,3,14788
859,9,10,2006,2.6,1,3,243874,5,2,3622
860,9,24,2016,4.4,1,3,265121,3,4,7997
861,4,16,2002,4.2,1,2,234547,3,4,4209
862,3,20,2021,3.1,2,1,159076,4,4,13818
863,6,12,2000,3.2,2,3,182989,3,5,5640
864,3,20,2013,3.7,3,2,123113,5,2,10237
865,1,4,2008,2.2,1,1,100395,3,5,8192
866,2,30,2015,1.5,2,2,203048,3,1,8039
867,6,26,2000,1.8,4,1,35261,3,2,6694
868,4,15,2001,3.3,1,3,67635,3,5,6347
869,1,23,2010,3.1,2,1,180328,4,3,10093
870,9,10,2014,3.6,1,3,45675,2,5,10986
871,3,19,2009,3.8,2,2,29401,2,2,12011
872,1,4,2004,2.8,3,2,77212,3,5,7555
873,7,21,2017,2.2,1,2,75720,4,2,9885
874,3,20,2007,3.1,3,3,71671,5,2,8866
875,6,29,2008,3.5,2,2,78887,5,2,10422
876,3,13,2009,1.2,2,3,192340,4,4,6153
877,4,16,2018,4.1,2,1,152256,2,5,14054
878,10,18,2009,2.3,3,1,74681,5,5,10106
879,7,25,2005,4.3,1,2,185991,2,1,6180
880,9,10,2001,1.9,2,1,44251,2,1,8914
881,7,21,2016,3.7,3,2,47895,3,4,12642
882,9,10,2019,2.7,1,1,259113,4,5,8817
883,6,12,2020,3.7,1,3,32555,2,5,13148
884,4,15,2016,2.4,4,3,67824,4,3,9943
885,1,4,2023,3.2,1,2,164751,3,1,10904
886,8,6,2018,2.6,1,3,237726,4,4,7345
887,9,24,2012,1.5,1,2,52702,4,5,8145
888,9,8,2019,2.6,2,1,45977,3,2,14980
889,5,5,2020,4.2,1,2,178945,2,3,10721
890,7,27,2005,1.9,3,1,171558,5,4,6568
891,8,11,2020,4.5,4,1,252022,4,3,11059
892,9,24,2013,1.6,1,1,127245,3,2,8555
893,10,18,2004,3.0,4,2,15859,4,1,7982
894,5,7,2000,1.3,4,3,153775,3,2,2324
895,5,7,2004,2.5,4,1,141571,3,2,6468
896,8,11,2009,2.0,4,3,133496,4,3,6130
897,4,16,2019,1.0,1,1,86948,2,4,10561
898,5,5,2017,4.0,4,3,130322,2,2,10593
899,9,24,2005,1.2,4,2,35966,5,1,6080
900,5,9,2009,1.5,2,2,87042,2,1,8559
901,7,25,2015,1.1,4,2,191414,5,5,5871
902,6,12,2016,3.5,3,1,22926,2,2,14441
903,10,18,2005,4.6,3,3,215539,2,3,6889
904,8,6,2023,2.9,2,1,102120,4,1,15357
905,10,22,2014,3.5,4,1,104158,2,1,11216
906,8,11,2023,1.0,3,2,125565,4,5,10488
907,10,28,2020,2.6,3,2,115468,5,1,11390
908,7,21,2009,4.3,1,2,272444,4,3,5651
909,2,1,2017,4.9,3,2,80026,2,1,13499
910,4,16,2015,4.5,3,3,296388,5,5,8172
911,3,20,2018,2.1,3,1,42708,2,4,13245
912,1,3,2021,3.6,3,1,195923,3,1,12581
913,9,10,2015,1.1,1,3,139145,5,3,6917
914,4,16,2023,4.1,3,1,151476,4,4,14570
915,3,19,2012,1.5,2,1,21286,2,5,12274
916,6,29,2010,1.9,3,2,43830,4,1,9123
917,1,3,2020,2.3,3,1,199111,2,5,10917
918,2,1,2018,3.1,3,1,277051,2,5,9558
919,5,7,2015,4.9,3,2,34163,4,1,13816
920,8,17,2020,3.4,1,2,18840,4,3,13123
921,6,12,2009,1.7,4,2,176497,5,4,4970
922,3,19,2022,1.6,4,2,173372,3,3,8832
923,2,2,2013,2.2,4,3,189275,5,3,6414
924,7,27,2017,2.1,2,3,186020,2,3,9579
925,1,23,2002,4.3,2,3,67800,3,1,9644
926,3,20,2020,4.7,1,3,246105,4,5,9877
927,10,22,2001,2.4,2,1,74584,2,3,8808
928,2,1,2009,2.6,1,3,22008,5,1,8959
929,7,21,2016,2.4,3,3,113841,2,2,10023
930,7,25,2022,4.0,4,1,220438,5,5,11791
931,8,17,2001,1.6,4,3,17635,4,3,5647
932,8,6,2011,1.7,3,3,192210,2,3,6255
933,1,23,2012,1.1,1,2,229045,3,4,4219
934,6,29,2012,4.5,4,2,212772,5,4,7944
935,8,17,2005,2.0,3,2,16802,4,2,8263
936,5,5,2007,2.9,1,3,230715,5,1,4485
937,7,27,2019,3.3,4,3,243809,3,4,8223
938,7,21,2023,3.6,4,3,239634,5,4,9807
939,8,17,2002,1.5,1,1,193396,4,3,3832
940,7,25,2004,1.3,2,3,32171,2,3,7956
941,9,24,2009,1.0,4,3,5854,2,2,7682
942,10,18,2004,1.2,3,3,112247,2,4,5255
943,1,23,2005,2.9,3,3,245873,5,5,4582
944,9,10,2015,3.7,2,2,285532,3,3,8589
945,3,19,2011,2.8,2,2,286407,2,4,6471
946,5,5,2007,4.3,2,3,244059,4,2,7618
947,8,6,2012,3.6,2,3,23912,3,3,12821
948,5,9,2004,1.4,1,1,197380,3,3,4252
949,9,10,2015,4.8,2,1,89572,3,4,15108
950,6,12,2014,2.1,1,1,68443,4,4,10531
951,10,22,2015,3.6,4,1,135336,4,1,10993
952,6,29,2013,3.9,2,3,296964,3,3,7960
953,9,8,2002,4.6,4,2,211939,4,3,5061
954,5,7,2016,2.6,3,2,52223,2,4,11455
955,9,8,2022,1.8,1,1,52377,2,1,12952
956,9,24,2003,1.6,3,1,191705,3,5,5265
957,1,4,2017,3.5,4,1,254631,3,3,9107
958,4,16,2009,2.3,3,3,106773,3,1,7964
959,8,6,2001,1.4,3,2,252576,5,1,2000
960,9,10,2022,3.0,1,2,96622,3,3,11767
961,9,10,2022,1.1,2,2,207352,4,1,9652
962,1,23,2023,4.9,3,1,160297,2,5,15194
963,8,17,2016,2.4,2,3,165104,4,2,9997
964,10,28,2020,4.1,2,1,68269,2,3,16334
965,1,4,2012,4.9,2,2,21795,5,5,14164
966,1,4,2020,1.8,3,3,207306,4,5,8753
967,2,30,2020,3.9,2,3,44392,4,5,15112
968,10,28,2015,3.0,1,2,60169,4,1,10396
969,1,23,2005,4.4,4,2,26960,3,3,9460
970,5,5,2023,4.5,1,1,65889,4,5,15682
971,9,24,2006,1.2,2,3,169281,5,2,5714
972,10,28,2014,2.3,3,3,45361,5,3,10692
973,6,29,2006,4.7,1,2,238219,3,2,5835
974,7,25,2004,3.3,1,1,255971,4,1,4980
975,1,23,2008,3.9,4,2,69232,5,5,9015
976,5,9,2004,2.0,3,1,204272,3,4,5714
977,2,1,2004,2.2,2,1,190504,3,2,7189
978,6,29,2023,2.4,1,2,165233,5,3,10095
979,7,25,2020,1.8,3,1,28207,5,5,13835
980,2,2,2015,2.0,1,2,46948,3,3,9661
981,8,17,2000,3.5,3,1,169471,2,3,6710
982,10,18,2006,1.7,2,3,11898,5,4,9362
983,7,25,2016,1.9,2,2,195310,4,3,8893
984,8,17,2005,3.9,2,1,106697,4,2,10866
985,8,17,2003,1.6,4,3,84040,2,5,4919
986,2,1,2016,2.2,1,2,282955,2,4,5440
987,5,9,2006,4.3,3,3,28584,4,5,10628
988,6,12,2010,1.4,3,1,175448,4,3,7491
989,7,27,2002,2.1,1,2,170511,5,1,3389
990,2,1,2018,2.4,4,1,224572,5,2,8908
991,7,21,2009,3.5,2,2,2178,4,1,12256
992,6,12,2003,3.6,2,1,183050,2,2,8439
993,9,10,2014,4.7,2,3,74835,3,5,13503
994,8,17,2010,2.4,3,1,53775,4,1,10924
995,5,9,2009,3.1,1,1,287293,4,3,5654
996,9,24,2001,3.1,2,2,253850,2,1,4423
997,1,3,2015,2.7,3,3,87318,2,1,10553
998,1,23,2023,1.0,1,3,9186,2,4,11816
999,1,4,2004,3.8,1,1,276047,5,5,5079
1000,6,12,2017,2.4,2,3,269121,5,3,8217
1001,10,18,2005,3.8,3,3,164618,5,1,7107
1002,1,4,2000,1.6,1,2,153107,5,5,2637
1003,8,11,2006,4.5,1,2,117365,3,3,8052
1004,8,17,2015,2.8,2,3,90840,4,4,11583
1005,1,4,2019,1.0,1,3,251842,5,1,5763
1006,1,3,2012,3.5,2,2,61091,4,3,11978
1007,6,29,2012,3.2,3,3,143095,3,2,9038
1008,9,24,2007,4.6,2,3,19822,3,3,12403
1009,5,5,2019,4.6,2,2,264195,5,4,11116
1010,7,27,2002,1.7,4,1,55132,5,4,6797
1011,4,14,2015,2.2,1,2,278368,5,3,5232
1012,4,14,2020,4.8,2,1,19112,4,5,18017
1013,4,15,2017,2.5,2,1,126925,3,3,12661
1014,9,8,2017,2.7,3,3,214761,2,3,8604
1015,9,8,2016,2.0,4,3,194057,5,3,7018
1016,2,30,2006,2.0,3,2,213444,3,1,4631
1017,7,27,2010,4.3,2,1,86587,2,1,13168
1018,3,19,2010,2.5,3,3,143446,2,1,7731
1019,8,6,2004,1.4,2,2,206740,3,1,4565
1020,6,12,2005,3.3,4,3,210553,5,4,4688
1021,6,29,2015,3.4,3,2,41604,2,4,12167
1022,8,6,2014,4.4,4,1,118322,3,1,11833
1023,6,26,2003,2.9,1,3,49535,2,1,6909
1024,7,21,2002,3.4,3,1,120745,3,4,8185
1025,1,4,2012,1.4,1,3,115240,2,4,6795
1026,10,28,2008,2.4,3,1,260803,4,5,6183
1027,3,13,2017,1.8,1,3,94503,4,3,9109
1028,6,29,2010,2.9,4,1,265499,3,2,6190
1029,10,28,2023,2.8,3,1,79464,2,1,14710
1030,6,12,2006,3.8,2,3,237087,4,5,6958
1031,9,24,2009,2.5,3,1,209820,5,3,7603
1032,7,21,2000,1.2,2,1,184243,2,2,5115
1033,5,9,2019,2.7,2,3,206570,3,3,10368
1034,9,8,2004,3.7,4,1,74760,3,1,9004
1035,5,7,2008,2.9,2,2,223833,5,5,6923
1036,4,15,2013,2.9,1,3,201867,5,1,6862
1037,9,10,2017,2.0,3,3,292791,4,1,6344
1038,2,2,2022,3.9,2,1,271186,4,3,12676
1039,5,9,2022,1.7,1,2,295822,3,1,6483
1040,4,16,2019,2.0,4,2,50277,2,3,10794
1041,7,21,2000,2.9,1,1,136758,3,1,5764
1042,8,11,2023,2.6,1,1,142580,2,4,12248
1043,10,28,2017,4.8,3,2,198877,4,5,11022
1044,9,10,2008,3.8,4,3,226997,3,5,5760
1045,7,25,2012,4.3,1,3,255979,3,4,6880
1046,8,11,2009,4.0,4,1,55776,4,4,11184
1047,2,2,2011,3.2,1,1,125132,2,3,9597
1048,5,9,2003,4.1,3,1,36867,3,5,10862
1049,4,15,2009,4.5,3,3,98504,2,4,10329
1050,1,23,2018,4.7,2,1,198938,5,3,13721
1051,4,14,2003,4.6,1,2,80305,2,2,7993
1052,10,28,2012,3.3,3,1,236234,2,4,8775
1053,7,21,2007,3.5,1,1,57469,4,5,10050
1054,7,25,2020,3.1,1,3,175803,5,4,9683
1055,6,26,2008,4.7,4,2,115077,3,2,8898
1056,3,19,2012,2.8,1,2,226494,5,2,5970
1057,8,17,2001,2.8,4,1,66602,5,3,7367
1058,5,7,2012,1.2,4,3,2523,5,2,8849
1059,7,25,2006,2.9,2,2,44270,2,2,9914
1060,2,2,2011,3.6,1,1,155564,2,1,9388
1061,3,13,2011,3.3,4,2,47252,4,2,9754
1062,9,10,2021,3.9,1,1,46069,4,2,14878
1063,1,23,2023,3.4,2,2,71686,4,3,14966
1064,7,25,2019,4.6,3,2,298171,4,2,9436
1065,2,1,2012,2.3,1,2,274300,2,1,4514
1066,5,7,2009,1.5,2,2,116199,4,2,7976
1067,7,21,2022,1.6,3,3,43615,3,2,12427
1068,8,6,2006,2.0,2,1,44802,5,2,10503
1069,2,2,2004,1.0,3,2,221278,5,2,2874
1070,2,2,2009,1.1,4,3,235315,4,5,3193
1071,7,21,2016,4.8,1,3,76022,5,3,12179
1072,9,24,2006,2.7,4,2,16240,4,1,8275
1073,3,19,2007,4.4,1,1,217729,4,5,7745
1074,6,12,2005,1.8,3,1,263796,3,5,4624
1075,4,15,2017,3.4,3,3,117752,5,1,11244
1076,5,5,2002,4.9,3,3,43827,3,5,9723
1077,3,19,2011,2.8,3,1,30456,2,2,12090
1078,1,3,2016,2.2,4,2,66533,2,2,9769
1079,2,1,2021,4.7,3,1,23265,5,4,17134
1080,5,9,2012,1.5,1,1,236484,2,5,5970
1081,4,16,2014,3.2,4,2,34512,3,4,10809
1082,4,14,2002,2.2,4,3,142381,2,2,4052
1083,10,28,2010,4.0,2,2,286604,5,2,7367
1084,5,9,2020,4.8,3,2,108790,5,5,13724
1085,4,15,2007,3.5,1,1,196570,3,3,7268
1086,7,21,2001,2.4,2,1,37724,5,1,9545
1087,1,3,2003,3.4,4,2,212257,5,3,4154
1088,5,9,2002,2.7,1,1,287023,2,3,3159
1089,7,25,2022,2.5,4,1,36802,5,2,13963
1090,7,27,2022,1.2,2,2,204252,3,5,9814
1091,5,9,2013,1.8,2,3,83824,3,2,10123
1092,7,25,2000,1.4,3,2,275230,4,5,2000
1093,1,3,2021,4.6,2,3,12072,2,1,16758
1094,1,4,2012,1.5,4,2,273161,4,3,3736
1095,3,13,2006,3.1,4,1,189547,2,5,6709
1096,6,26,2014,2.3,1,1,236942,2,3,7361
1097,9,10,2020,2.2,2,1,170003,3,1,12399
1098,3,20,2021,2.7,1,3,72300,3,4,11654
1099,10,22,2020,3.6,3,3,107321,3,4,12553
1100,9,10,2021,4.7,2,1,14924,5,3,18301
1101,8,11,2006,1.3,1,2,96152,3,4,5276
1102,3,13,2010,1.2,2,3,176673,5,1,6766
1103,9,8,2017,3.5,4,2,89607,2,2,10907
1104,2,1,2010,4.2,4,2,21962,3,4,10860
1105,5,9,2015,1.5,3,3,277787,4,2,5544
1106,6,12,2005,2.6,3,1,185366,3,4,6992
1107,6,26,2021,3.6,1,3,246760,3,5,9064
1108,8,17,2010,4.5,1,1,141286,4,1,10274
1109,4,16,2016,4.3,1,1,247270,2,2,9754
1110,7,21,2022,3.3,4,1,11758,5,1,15264
1111,4,14,2012,1.7,2,3,149550,2,3,8409
1112,8,6,2003,4.4,3,2,106352,2,5,8272
1113,5,5,2014,2.7,2,2,87328,5,1,11253
1114,3,20,2018,2.0,2,1,102798,3,3,12944
1115,10,28,2006,4.2,1,1,72222,2,2,10155
1116,7,25,2013,1.9,1,1,190145,2,2,7597
1117,6,26,2018,4.6,2,2,15033,2,1,15799
1118,10,18,2020,4.5,2,1,257396,2,5,12952
1119,8,11,2016,2.4,1,1,227774,3,2,8244
1120,4,15,2006,4.6,4,3,133079,4,1,7838
1121,5,7,2012,4.8,1,2,212662,2,5,8246
1122,7,25,2020,1.3,3,3,232567,5,5,7748
1123,1,23,2003,4.0,4,1,288560,4,2,4728
1124,3,19,2005,2.5,1,3,1907,4,3,8061
1125,2,30,2016,2.6,4,2,203082,3,3,7438
1126,4,14,2002,3.2,2,3,8437,5,1,9731
1127,10,18,2004,3.0,1,2,265576,3,1,2988
1128,9,24,2021,2.3,2,2,152081,5,3,11658
1129,4,16,2007,3.9,1,2,59761,5,2,8904
1130,5,5,2002,1.7,4,1,261866,3,3,2662
1131,9,8,2013,1.6,4,3,294269,5,3,3714
1132,6,12,2023,4.8,2,1,137191,3,5,16556
1133,5,5,2002,4.0,4,2,86374,3,1,6972
1134,4,14,2007,4.7,4,2,113957,5,4,8620
1135,9,10,2023,2.9,2,3,131448,3,2,13271
1136,7,21,2014,3.2,3,3,61057,4,5,11278
1137,1,4,2000,1.7,2,3,117433,5,3,5451
1138,3,19,2009,3.1,1,2,137931,5,5,7141
1139,10,28,2004,4.0,2,2,187692,2,3,7546
1140,4,16,2014,3.6,2,3,197080,5,1,9958
1141,4,15,2003,2.2,2,1,181478,3,2,7070
1142,2,2,2010,1.4,1,2,90048,3,2,6699
1143,8,11,2013,1.7,4,1,92490,3,3,9350
1144,5,5,2011,1.1,2,1,178300,5,2,8434
1145,1,23,2018,1.3,3,1,299270,4,5,7314
1146,9,24,2005,4.2,1,2,152296,4,3,6754
1147,2,1,2016,2.8,2,3,253986,4,4,8620
1148,1,3,2017,1.2,2,3,276224,4,5,6875
1149,8,17,2018,4.7,4,3,15328,4,3,13893
1150,7,27,2000,2.9,2,1,77600,2,2,8948
1151,2,2,2007,3.6,1,1,250119,4,1,6297
1152,10,18,2016,1.9,1,1,272693,4,4,6846
1153,8,17,2011,2.0,4,2,135568,5,5,6688
1154,2,2,2002,3.9,1,2,28072,5,3,8038
1155,4,15,2000,3.5,4,2,182277,5,1,3954
1156,9,10,2019,4.6,2,2,275523,2,1,10889
1157,1,23,2018,3.9,2,1,256588,2,4,11768
1158,3,20,2012,1.3,3,3,50330,4,2,8993
1159,6,29,2018,4.2,4,3,256480,5,5,8570
1160,3,19,2010,2.4,3,1,86050,3,5,10279
1161,1,3,2019,2.8,4,1,275450,3,5,8591
1162,2,30,2008,2.4,4,2,78065,4,5,7338
1163,4,15,2023,2.1,1,3,151769,3,3,10064
1164,9,24,2005,3.0,4,3,26071,5,4,8078
1165,6,29,2008,2.9,4,1,67698,4,2,9546
1166,3,13,2009,3.8,3,2,285303,3,2,5893
1167,8,17,2003,3.0,3,1,217899,3,3,6142
1168,4,16,2007,3.6,3,2,243957,2,1,5920
1169,6,12,2013,3.6,1,2,225488,4,2,7090
1170,1,23,2018,3.2,3,1,246601,5,5,10267
1171,7,25,2014,4.3,4,3,46141,5,2,11677
1172,2,1,2001,4.9,3,1,205850,2,4,7683
1173,8,6,2013,3.5,1,2,188157,2,1,7736
1174,6,12,2023,4.7,4,1,192826,3,3,13343
1175,3,13,2020,1.5,1,2,285725,5,4,5885
1176,7,25,2005,4.1,4,3,7131,3,4,9557
1177,10,28,2004,3.6,3,3,29915,4,1,9301
1178,7,25,2020,3.8,3,2,137014,4,3,12159
1179,9,10,2011,3.8,3,2,122932,3,1,9741
1180,2,30,2013,4.7,4,1,198120,5,1,10237
1181,2,1,2022,3.2,4,3,98303,5,5,11933
1182,3,13,2005,2.6,3,3,246894,5,1,4262
1183,4,15,2007,1.7,2,2,43287,4,2,9034
1184,3,19,2004,4.7,2,2,172984,3,1,8540
1185,10,28,2013,4.4,3,3,88847,4,5,11623
1186,8,6,2000,4.7,4,1,237644,2,3,5547
1187,1,4,2022,3.6,2,1,187515,2,5,14049
1188,5,9,2002,2.8,2,3,200704,4,2,5485
1189,4,16,2006,1.3,1,2,149961,3,3,4200
1190,10,22,2011,3.2,3,1,97392,4,2,11152
1191,7,25,2013,3.2,2,3,275008,4,4,7699
1192,3,19,2017,2.4,3,1,175959,4,3,10580
1193,10,18,2004,2.4,2,3,155609,3,1,6587
1194,8,17,2023,3.2,2,1,248673,4,5,12726
1195,3,19,2003,2.0,4,2,200336,2,1,2993
1196,8,6,2017,3.7,4,1,139219,2,4,11615
1197,3,13,2023,1.4,1,1,39761,3,3,13104
1198,7,27,2019,3.6,4,3,78107,5,1,11837
1199,4,15,2007,4.7,3,3,103409,4,3,9831
1200,9,10,2004,1.8,2,3,143927,2,3,6221
1201,9,8,2021,3.1,4,3,216534,4,1,9169
1202,4,16,2002,4.6,1,2,116970,5,5,6960
1203,4,14,2004,2.3,3,2,289970,5,3,2800
1204,3,13,2020,1.9,4,1,157086,3,2,10358
1205,1,4,2021,4.6,4,1,118860,3,2,14122
1206,4,16,2001,3.5,3,2,216165,2,4,4576
1207,9,10,2023,2.7,1,3,63462,5,2,12430
1208,2,1,2020,3.1,3,1,111568,3,3,13468
1209,9,8,2008,4.3,2,1,197059,5,3,10358
1210,5,5,2010,3.4,4,1,277467,2,3,6450
1211,5,7,2003,1.5,1,2,141067,2,4,3678
1212,10,28,2022,4.2,3,2,6591,3,1,15768
1213,9,8,2021,3.2,3,2,65769,2,1,13284
1214,7,21,2019,4.3,2,2,259080,4,2,10918
1215,10,28,2015,1.5,1,3,82106,5,1,8457
1216,10,28,2013,3.3,1,1,198138,5,3,8837
1217,9,10,2002,1.8,1,1,277426,3,1,2451
1218,10,18,2018,2.4,4,3,58716,4,1,10725
1219,6,26,2023,4.7,3,2,142982,5,3,13840
1220,7,27,2001,3.3,2,2,134867,2,3,7002
1221,3,20,2007,1.7,4,3,96592,5,1,5968
1222,4,15,2023,2.4,4,2,73797,2,1,11924
1223,10,22,2012,4.6,4,1,279125,3,3,8217
1224,4,14,2015,3.6,4,1,253554,3,4,8628
1225,4,15,2018,1.6,1,2,47344,4,5,10153
1226,1,4,2005,1.8,3,3,166364,2,3,5072
1227,5,5,2009,1.7,1,2,248458,4,1,3530
1228,10,28,2006,2.6,3,3,83858,4,1,7822
1229,3,20,2023,2.1,2,2,23698,4,4,14626
1230,4,16,2018,3.5,4,3,212019,4,4,8759
1231,6,26,2015,1.6,1,1,138513,4,2,8929
1232,8,11,2001,3.5,3,3,203096,3,2,4838
1233,3,13,2023,1.6,2,1,169514,5,2,12709
1234,3,13,2017,2.0,4,3,52900,3,2,10142
1235,5,7,2002,2.3,3,1,94746,2,1,7605
1236,10,22,2011,3.5,2,1,104861,3,2,12302
1237,10,28,2013,4.4,4,1,295496,4,3,7990
1238,3,19,2006,4.7,3,3,98919,4,2,9621
1239,2,30,2022,4.6,3,3,191468,5,2,12470
1240,10,28,2009,3.1,3,2,86334,5,5,9173
1241,5,7,2002,3.5,3,2,156493,4,4,6070
1242,4,16,2011,2.4,2,1,236192,4,2,8576
1243,9,8,2015,4.1,2,2,234926,5,5,10001
1244,2,1,2005,2.3,2,2,124587,4,5,7408
1245,5,5,2011,3.0,4,2,264211,3,1,5115
1246,7,21,2018,1.3,1,2,28680,5,4,10226
1247,1,23,2021,4.5,2,3,149922,4,4,13901
1248,9,8,2009,1.9,3,2,244021,5,1,4819
1249,2,30,2002,3.2,4,3,191991,2,5,4060
1250,10,22,2020,3.9,2,1,115410,2,2,15191
1251,5,5,2016,1.6,4,3,143592,4,5,7628
1252,5,5,2019,1.4,3,2,37958,4,4,11440
1253,10,22,2023,3.0,1,1,264912,5,1,10201
1254,10,18,2023,3.0,1,1,57429,3,5,14351
1255,2,1,2022,1.4,1,1,17667,3,1,13246
1256,8,17,2011,1.2,1,2,88600,2,3,6828
1257,9,10,2002,2.0,4,1,32519,2,5,7549
1258,4,16,2017,3.3,2,3,32629,2,5,13847
1259,5,5,2004,2.9,4,1,274598,3,1,4208
1260,5,9,2014,2.0,3,3,291584,4,2,5468
1261,3,20,2002,2.1,2,1,85445,4,1,8591
1262,3,13,2006,1.4,3,1,16367,4,4,9472
1263,5,5,2000,3.8,2,3,36358,2,5,9172
1264,4,15,2003,3.2,4,3,90532,3,3,6389
1265,10,22,2021,3.3,3,1,172923,2,2,12741
1266,2,2,2021,3.1,1,2,18032,5,2,13139
1267,1,4,2022,4.0,2,3,146172,2,4,13776
1268,10,18,2002,4.7,3,3,112996,5,4,8140
1269,7,27,2000,4.3,4,1,285783,4,1,4184
1270,2,1,2002,1.7,3,2,99211,2,3,5415
1271,5,9,2007,2.8,2,2,245164,2,1,6096
1272,7,25,2022,4.7,2,2,170105,5,3,13997
1273,6,29,2012,3.4,3,3,142096,5,4,9258
1274,2,2,2022,4.9,3,1,117711,4,2,15745
1275,3,20,2017,3.5,2,1,59665,3,1,15006
1276,5,9,2012,1.1,4,3,129020,5,2,6219
1277,8,6,2000,2.6,3,1,115173,2,4,6896
1278,1,4,2006,3.0,3,2,16540,2,1,9569
1279,1,3,2008,3.9,4,2,56022,4,4,9279
1280,7,25,2018,2.9,2,3,98160,2,4,12436
1281,4,16,2020,1.8,3,3,31221,4,1,12275
1282,3,19,2002,4.1,1,2,38123,4,2,8037
1283,1,3,2000,2.1,1,3,242155,4,4,2000
1284,9,8,2023,1.5,1,1,14232,5,1,13715
1285,8,17,2012,3.6,1,2,183970,2,5,7620
1286,4,14,2015,3.5,4,1,122697,4,4,11146
1287,10,22,2020,2.7,2,1,295220,2,3,10395
1288,3,19,2007,4.8,3,2,185463,2,5,8290
1289,1,3,2012,1.4,3,2,58416,3,1,8931
1290,4,14,2005,4.8,1,3,135967,4,2,7680
1291,9,24,2011,1.6,4,3,157351,2,5,5852
1292,4,15,2009,4.8,1,3,17704,4,1,11245
1293,6,29,2016,3.5,4,3,242941,5,1,7541
1294,9,8,2010,1.4,2,1,139151,4,4,9216
1295,2,2,2014,1.0,1,1,256630,5,1,5667
1296,6,29,2001,2.2,4,2,3482,4,1,6530
1297,1,23,2021,4.2,2,2,182510,4,4,12949
1298,10,22,2012,2.9,1,3,267772,2,3,5244
1299,3,13,2011,1.8,1,2,283202,5,3,3535
1300,6,26,2007,4.9,4,3,96380,3,5,9172
1301,10,28,2006,1.1,4,3,149277,5,2,4014
1302,7,21,2016,2.5,3,1,205614,4,3,9787
1303,2,2,2005,4.8,2,3,152453,4,2,9350
1304,7,25,2018,1.2,4,3,4980,5,5,10600
1305,1,3,2014,4.6,2,3,236646,5,4,10167
1306,4,15,2022,3.1,4,2,3817,3,1,13723
1307,1,4,2022,3.0,1,1,271324,5,3,9773
1308,1,4,2008,4.8,3,3,139375,4,5,9512
1309,4,15,2019,3.6,3,3,66083,2,3,13078
1310,2,30,2022,4.6,2,2,37782,5,5,16544
1311,5,5,2019,2.3,1,1,148008,4,1,10639
1312,5,7,2023,3.0,1,2,136599,5,5,11268
1313,2,30,2003,2.9,4,1,59216,2,1,8215
1314,6,12,2012,3.3,2,1,77283,3,2,12954
1315,6,26,2007,4.5,2,3,77159,4,1,11156
1316,9,10,2018,2.5,4,2,192443,2,5,8151
1317,4,14,2023,2.3,2,2,101136,4,4,13277
1318,7,21,2015,4.8,3,3,189504,5,4,10609
1319,9,8,2006,4.8,2,3,217019,5,4,8359
1320,7,27,2000,3.6,2,1,98150,2,1,9237
1321,4,14,2012,3.5,3,1,44304,5,5,12813
1322,8,6,2016,2.8,3,1,72677,5,3,12746
1323,4,15,2007,5.0,1,2,251657,2,1,6166
1324,4,15,2002,3.8,2,3,159289,5,2,7314
1325,3,13,2013,2.5,1,3,180517,4,5,6889
1326,1,4,2013,2.0,4,1,25189,4,1,10996
1327,10,28,2007,1.8,1,1,215686,2,1,5186
1328,4,14,2006,3.3,3,3,241454,2,3,5370
1329,2,30,2005,1.2,2,1,83276,2,3,8634
1330,1,3,2002,4.1,4,1,69875,5,2,8902
1331,5,9,2008,3.9,3,1,294391,5,4,7012
1332,10,22,2013,1.2,3,2,227806,3,5,5643
1333,1,4,2008,4.8,2,1,280697,5,5,9186
1334,1,4,2019,4.2,4,3,25155,3,2,13496
1335,9,10,2011,3.2,2,3,128745,5,2,10025
1336,2,2,2015,3.7,4,3,93100,5,5,10438
1337,3,13,2018,1.0,2,3,265067,2,2,7198
1338,7,21,2019,1.8,3,1,169832,4,2,10703
1339,9,24,2008,4.9,2,3,299872,5,5,7402
1340,7,25,2009,1.3,4,3,29178,3,4,7516
1341,4,15,2022,2.1,1,2,120489,2,1,10390
1342,5,7,2009,3.1,4,3,68912,4,2,8521
1343,7,25,2007,2.5,4,2,35984,5,5,7980
1344,10,22,2004,3.6,3,3,269148,2,4,4517
1345,9,24,2007,1.6,1,3,217311,3,2,3453
1346,3,13,2008,3.7,2,2,175163,2,5,8696
1347,3,20,2022,3.1,2,2,65766,4,2,14484
1348,2,1,2000,1.7,4,1,287222,5,1,2000
1349,6,29,2015,3.0,2,1,260437,2,5,9891
1350,3,19,2014,4.2,3,2,272984,4,5,8040
1351,8,17,2006,3.4,1,2,210479,5,5,5090
1352,5,7,2001,4.4,1,2,169013,4,2,5419
1353,7,21,2010,2.5,2,2,59054,5,2,10418
1354,4,14,2002,4.0,1,1,119893,5,4,7802
1355,1,23,2015,2.2,1,3,269108,4,5,5417
1356,6,12,2009,4.1,1,3,228873,2,3,6322
1357,7,25,2003,4.1,3,2,209373,3,3,5912
1358,5,9,2002,4.0,2,2,225497,5,1,6190
1359,10,28,2017,4.3,2,3,20535,3,5,15089
1360,1,3,2005,4.0,3,2,106223,4,4,8475
1361,4,16,2019,3.9,2,3,1639,4,5,15667
1362,4,16,2000,2.0,3,2,277609,3,4,2000
1363,4,15,2008,2.7,3,3,83722,5,1,8525
1364,5,5,2020,1.8,1,1,43859,2,3,12522
1365,9,24,2009,4.5,3,1,12159,2,4,13556
1366,4,15,2021,3.1,4,1,118970,3,2,12620
1367,6,26,2018,4.9,4,3,170433,5,2,10991
1368,5,7,2017,5.0,3,2,297032,5,5,9259
1369,4,15,2017,2.1,4,1,122987,4,1,10340
1370,3,19,2001,1.3,1,1,145662,4,3,4286
1371,8,17,2003,3.6,4,1,207893,2,2,5942
1372,6,29,2015,2.4,4,1,116682,2,3,10166
1373,2,1,2016,2.2,4,3,123732,3,2,8625
1374,9,10,2020,3.9,1,1,34167,3,4,14816
1375,10,28,2003,3.4,1,2,19996,3,2,8000
1376,4,16,2012,4.6,3,1,206405,5,5,10671
1377,9,8,2019,4.8,4,2,142494,2,2,11750
1378,8,6,2002,3.6,3,3,173748,4,5,5825
1379,6,26,2013,1.2,4,1,222661,3,4,6246
1380,3,19,2022,4.9,4,1,102089,5,5,15058
1381,6,26,2017,2.8,1,1,260479,3,1,8290
1382,8,6,2008,3.4,3,3,278091,3,2,5338
1383,9,24,2003,3.6,3,3,207321,5,2,5453
1384,3,20,2018,2.8,4,1,230958,4,1,9180
1385,10,22,2013,4.5,3,3,65084,3,3,12198
1386,10,28,2022,4.4,3,2,97612,4,4,14147
1387,10,28,2003,3.2,2,3,73151,4,4,8736
1388,4,15,2011,4.0,3,1,210158,2,2,9696
1389,7,27,2023,1.4,2,3,244698,3,4,9506
1390,7,25,2011,2.2,4,3,274304,3,5,4113
1391,1,4,2023,3.9,2,2,154684,3,3,13806
1392,1,23,2018,4.4,3,1,149337,5,3,13413
1393,8,11,2008,4.0,1,1,271248,4,2,6575
1394,8,6,2004,2.5,3,2,98962,3,4,6820
1395,10,28,2021,1.3,1,2,164120,5,2,8417
1396,10,18,2022,1.9,2,1,24515,2,5,15609
1397,7,25,2023,2.4,1,1,180980,5,2,11280
1398,5,5,2020,3.0,2,2,42460,4,1,14250
1399,4,16,2005,1.6,2,3,14853,3,3,8902
1400,10,18,2000,2.1,1,1,70286,3,1,6294
1401,2,2,2019,2.3,3,3,270864,2,1,7682
1402,9,8,2015,4.0,1,3,126329,5,2,10073
1403,4,16,2001,3.8,3,1,226739,4,4,6165
1404,2,1,2000,4.5,2,3,274401,4,3,5111
1405,6,26,2013,2.1,2,1,227696,4,3,9046
1406,9,8,2015,3.7,2,3,74492,4,1,12810
1407,4,15,2022,2.9,1,3,135747,4,4,10885
1408,7,21,2011,3.0,1,2,30805,5,3,9783
1409,8,6,2023,1.5,2,3,199403,3,5,10511
1410,7,21,2000,1.1,3,2,289881,3,3,2000
1411,1,3,2023,4.6,4,3,292227,2,1,9755
1412,5,5,2017,1.4,2,3,110132,2,5,10397
1413,6,26,2008,3.9,3,1,289316,3,2,7113
1414,7,27,2022,2.8,3,2,281596,5,5,8868
1415,10,22,2019,4.6,3,1,28657,4,4,16326
1416,6,29,2001,1.6,1,2,209694,5,5,2000
1417,10,18,2010,2.5,1,2,296480,2,3,3670
1418,3,19,2007,1.4,1,2,193425,5,3,3731
1419,7,21,2004,2.3,4,3,142028,2,4,4759
1420,10,18,2002,4.6,3,2,12628,2,1,10047
1421,10,18,2015,4.7,2,1,91544,3,1,14969
1422,6,26,2007,4.9,1,3,30188,5,1,10496
1423,9,10,2016,1.6,4,3,67192,2,4,9156
1424,4,14,2001,5.0,3,2,248527,3,2,5429
1425,2,2,2003,3.0,1,3,245888,3,1,3082
1426,9,24,2005,1.4,2,2,153024,4,1,5939
1427,4,16,2023,2.5,4,2,9847,4,4,13303
1428,9,8,2012,4.8,1,2,40530,2,3,11689
1429,2,30,2010,3.8,1,2,189193,3,5,7116
1430,10,28,2003,3.5,4,2,288928,3,3,2721
1431,7,21,2022,2.7,1,2,154055,5,4,10318
1432,10,28,2009,4.5,3,2,168429,5,5,8931
1433,10,28,2015,1.1,4,3,53792,3,5,8624
1434,4,14,2000,4.2,4,2,185660,2,4,4586
1435,6,26,2011,1.5,1,3,233134,4,1,4237
1436,2,2,2018,1.2,3,1,254393,4,1,8112
1437,10,28,2009,3.0,2,3,99726,5,1,9805
1438,6,29,2004,2.5,3,3,226047,3,1,4279
1439,9,10,2008,2.1,1,2,20238,5,3,8195
1440,7,25,2020,4.6,3,1,236754,3,5,12464
1441,4,15,2014,2.0,4,3,82299,3,2,8654
1442,3,19,2008,2.8,3,3,63673,3,3,9026
1443,6,29,2010,3.3,4,1,124811,5,5,9403
1444,4,15,2007,1.3,3,2,32956,5,4,7840
1445,9,24,2007,2.6,2,2,237475,5,4,6050
1446,5,5,2005,4.8,4,3,71134,4,5,8977
1447,2,2,2006,4.5,4,2,284826,2,4,4703
1448,2,30,2003,5.0,1,2,288094,5,1,4238
1449,10,22,2000,1.5,2,1,160968,5,2,5880
1450,9,24,2007,4.4,4,3,293148,4,1,4737
1451,9,8,2005,2.3,4,2,283017,2,1,2239
1452,8,17,2008,4.0,3,3,13396,3,5,11232
1453,4,15,2009,4.4,1,3,39084,3,5,10418
1454,5,5,2021,1.8,1,2,116261,4,2,9874
1455,6,12,2023,4.5,2,3,79478,4,4,15910
1456,9,10,2005,3.7,3,2,180656,2,2,6686
1457,8,6,2009,1.2,3,2,15053,3,4,8698
1458,4,14,2002,4.0,3,1,258945,4,3,6021
1459,3,19,2018,4.7,1,1,190657,4,5,11886
1460,4,15,2013,3.6,3,3,85702,4,1,10885
1461,6,26,2002,3.7,2,3,75401,4,5,8891
1462,9,8,2022,1.5,3,2,276618,5,5,7667
1463,1,23,2009,2.8,3,3,88059,3,4,8838
1464,8,17,2001,2.1,1,2,36496,3,4,5770
1465,9,10,2007,3.4,2,2,165315,3,4,8293
1466,6,29,2011,1.2,2,3,216797,5,2,6264
1467,6,12,2019,1.8,3,3,287756,5,5,6844
1468,2,1,2007,1.5,2,2,138200,3,1,6936
1469,3,19,2019,5.0,4,1,266558,2,2,10968
1470,2,2,2019,1.2,1,3,180993,3,5,7380
1471,3,13,2011,3.2,2,2,293123,3,4,6737
1472,10,28,2008,1.9,2,2,92722,2,2,8545
1473,5,9,2005,4.4,2,3,156422,5,3,8871
1474,8,6,2000,3.0,2,2,19128,3,1,8717
1475,10,22,2018,4.1,2,3,159375,2,4,12412
1476,7,25,2021,3.5,3,2,58297,4,2,13734
1477,4,15,2020,2.7,1,2,112323,4,2,10553
1478,2,2,2006,2.4,2,1,144613,4,2,8907
1479,10,28,2005,1.9,3,1,195977,4,1,6080
1480,5,9,2000,2.8,1,2,67531,3,1,5549
1481,9,24,2018,4.9,1,3,89605,5,5,12607
1482,10,22,2004,3.4,4,3,66782,5,2,7364
1483,8,17,2002,3.7,2,2,215352,2,4,6092
1484,5,5,2003,3.7,3,2,112013,5,3,7459
1485,6,12,2008,4.6,3,2,190787,5,2,8284
1486,4,16,2019,3.6,4,1,230081,4,3,10298
1487,5,5,2015,2.5,1,2,153086,4,4,8038
1488,5,5,2010,2.8,1,2,114152,3,1,7616
1489,2,30,2002,4.7,2,3,140219,5,4,8595
1490,8,6,2011,4.8,1,2,192258,4,1,8354
1491,1,23,2007,4.2,2,3,207120,2,4,8257
1492,8,17,2002,1.4,2,1,65373,3,4,8292
1493,2,2,2018,4.9,2,3,91708,3,4,14565
1494,9,24,2018,3.1,3,2,151772,3,2,10564
1495,9,24,2023,4.0,2,3,42653,5,3,16146
1496,3,19,2006,3.0,2,2,9880,4,5,10702
1497,10,28,2006,1.4,2,1,158390,3,3,7632
1498,4,16,2007,4.5,3,3,904,3,4,11681
1499,5,9,2019,2.5,3,2,131432,4,5,10671
1500,10,22,2014,4.5,3,3,174030,4,3,10319
1501,9,10,2010,2.2,4,2,299385,3,1,3312
1502,2,1,2012,2.7,2,2,153829,4,4,9323
1503,10,22,2015,3.9,1,3,258572,5,4,7328
1504,9,10,2012,1.8,1,3,245309,3,5,4593
1505,6,29,2019,1.5,3,1,156595,2,1,10668
1506,7,21,2020,3.4,4,2,243546,3,2,8629
1507,10,18,2008,2.9,4,3,83358,5,4,7732
1508,1,3,2015,3.8,3,1,206636,2,2,10767
1509,7,27,2023,4.8,4,3,114120,4,5,13517
1510,9,10,2013,1.5,3,3,79587,4,3,8908
1511,3,19,2011,2.2,2,1,14245,3,1,12815
1512,7,21,2016,1.3,2,2,3066,5,4,12138
1513,6,12,2003,3.6,3,1,249838,4,3,6103
1514,10,18,2020,4.4,1,2,294239,2,3,8615
1515,7,21,2017,2.0,4,1,107656,2,5,10546
1516,7,25,2020,4.9,4,3,221594,5,5,10568
1517,3,20,2023,2.6,3,2,241277,3,1,9774
1518,2,30,2003,4.6,2,1,437,3,2,13091
1519,1,23,2014,1.7,1,2,202918,3,3,5941
1520,9,24,2000,2.1,4,3,220704,3,4,2000
1521,10,28,2017,4.4,1,2,231171,2,5,8976
1522,3,19,2002,3.5,2,1,2288,3,5,11654
1523,7,25,2012,3.0,3,2,89882,5,5,9902
1524,1,3,2021,3.1,3,1,7341,5,4,15853
1525,3,19,2007,2.2,1,2,71850,3,2,6963
1526,7,27,2019,2.5,1,2,31834,4,3,11663
1527,8,11,2007,4.2,1,1,54454,2,2,10810
1528,5,9,2022,2.0,3,2,188473,2,5,9930
1529,8,11,2021,2.9,2,2,266532,2,3,9969
1530,10,18,2002,1.3,3,2,134865,5,5,4302
1531,7,21,2010,4.2,2,2,172471,4,1,9850
1532,6,12,2014,2.0,2,1,289946,2,1,8001
1533,3,20,2011,1.7,1,2,241494,4,1,4270
1534,1,23,2004,2.9,1,2,133338,3,1,5533
1535,8,6,2021,4.3,2,2,230823,5,1,12083
1536,4,15,2017,4.7,3,2,51156,4,3,13876
1537,5,7,2005,2.7,4,3,7234,4,4,8155
1538,9,10,2005,1.4,1,3,264092,3,1,2000
1539,6,26,2007,1.8,4,2,180423,3,3,4391
1540,4,15,2013,2.2,3,3,83519,2,3,9529
1541,8,11,2018,1.8,1,3,209216,3,3,7115
1542,3,19,2009,2.2,2,3,188173,3,5,7236
1543,9,24,2001,1.7,2,1,184210,2,3,5915
1544,2,30,2012,1.1,1,3,235097,4,2,4098
1545,10,28,2002,4.7,2,2,92327,2,4,9553
1546,6,26,2015,4.2,2,3,39016,3,3,14019
1547,3,19,2019,2.3,1,3,197549,2,3,8149
1548,7,25,2016,4.1,4,3,90811,3,4,11183
1549,3,13,2021,4.1,3,1,192897,5,3,13142
1550,6,29,2016,2.9,3,3,218335,4,2,8433
1551,1,4,2002,3.6,2,2,172993,4,1,6840
1552,3,20,2009,4.7,2,1,287375,3,5,9252
1553,8,6,2014,4.9,3,1,284339,5,2,10013
1554,3,19,2015,3.9,3,2,268167,3,3,8136
1555,5,7,2010,4.4,3,1,209455,3,5,9810
1556,2,2,2014,2.1,1,1,247483,4,4,6950
1557,4,14,2020,4.9,1,1,113616,3,3,14227
1558,3,20,2001,4.5,1,1,13424,3,5,10131
1559,6,26,2004,2.4,4,2,40005,2,1,6899
1560,1,23,2007,3.2,4,2,53874,5,4,8322
1561,2,2,2010,4.8,2,3,224853,2,1,9402
1562,5,7,2015,4.5,2,1,174315,4,4,13113
1563,1,23,2008,4.3,1,3,270670,3,2,5386
1564,9,8,2009,4.2,3,2,259739,4,1,6805
1565,6,12,2007,3.7,4,2,126660,5,2,7366
1566,5,9,2020,4.7,2,1,183276,3,5,14634
1567,10,18,2006,1.4,2,3,291291,4,4,3474
1568,2,2,2011,3.3,3,3,122967,3,3,9240
1569,10,18,2002,3.1,3,3,80423,3,3,7191
1570,3,20,2005,3.9,3,2,258964,2,3,5320
1571,5,5,2006,4.1,4,2,53559,2,1,8928
1572,3,13,2005,2.1,2,2,23508,3,2,9229
1573,9,10,2014,2.6,2,3,190357,5,4,9092
1574,2,2,2003,3.7,1,3,98183,2,4,6736
1575,1,3,2018,4.1,1,2,194680,4,1,9706
1576,3,19,2004,3.4,1,2,220116,4,3,4297
1577,3,20,2004,2.0,2,1,218600,2,1,6428
1578,4,15,2016,2.4,2,2,242797,2,3,8444
1579,7,27,2010,1.3,3,3,195406,3,1,5491
1580,3,19,2011,1.7,4,2,205613,5,5,4987
1581,7,21,2021,4.0,2,3,39843,4,5,15603
1582,3,19,2004,3.2,4,2,74305,3,5,7013
1583,4,16,2003,3.2,3,2,247360,4,1,4252
1584,4,14,2010,3.0,2,2,9463,4,4,11910
1585,3,20,2019,2.5,3,3,65264,2,5,11994
1586,5,7,2016,3.6,1,2,85010,4,1,10799
1587,4,15,2009,2.7,4,3,181856,2,1,5862
1588,6,12,2009,3.4,4,3,83750,5,4,8525
1589,9,8,2014,1.8,2,2,142119,4,3,9257
1590,1,23,2014,4.4,4,1,97537,4,3,12249
1591,3,19,2017,3.0,2,1,20308,3,4,15293
1592,5,9,2011,4.5,2,2,204561,5,2,9808
1593,3,19,2020,4.9,3,1,268777,2,5,12124
1594,10,18,2019,3.3,2,2,64548,3,1,13809
1595,8,11,2011,1.4,2,3,208998,2,4,6620
1596,5,7,2000,1.3,2,2,263968,4,1,2120
1597,5,7,2020,4.3,2,3,20484,3,2,15990
1598,1,4,2017,3.3,3,1,95902,4,2,13081
1599,1,3,2006,1.4,2,1,103578,2,4,8728
1600,2,2,2005,4.3,3,3,80192,3,5,9296
1601,10,28,2005,1.9,2,2,51361,4,3,8472
1602,4,16,2022,3.7,2,1,207358,2,3,13752
1603,3,20,2013,2.7,2,1,232392,5,5,9552
1604,4,14,2002,4.6,1,1,222292,4,3,6354
1605,5,5,2010,1.4,1,3,288198,2,2,2736
1606,8,6,2012,2.6,2,1,67976,4,5,12440
1607,5,9,2001,4.0,3,1,1383,4,4,10872
1608,9,8,2005,3.8,1,3,262618,3,1,4147
1609,5,5,2018,1.5,1,3,125435,4,2,8491
1610,9,24,2021,1.8,3,1,230631,2,3,10087
1611,2,1,2008,1.5,4,2,154191,5,5,4916
1612,5,9,2005,2.2,1,1,212060,5,4,5058
1613,4,16,2009,3.6,1,2,222222,4,1,5955
1614,8,17,2010,3.4,2,1,212166,2,2,9756
1615,5,7,2017,3.2,3,1,93604,4,5,13027
1616,3,19,2010,4.5,1,2,202890,3,4,7542
1617,9,24,2014,4.1,4,2,133938,3,3,9721
1618,8,17,2023,1.6,3,3,198863,4,3,9622
1619,8,17,2009,3.1,4,2,31670,3,2,9266
1620,4,14,2000,3.3,1,2,92704,2,1,5545
1621,7,25,2016,3.5,3,2,147604,4,3,10447
1622,5,5,2021,1.9,3,3,24244,4,4,12815
1623,3,19,2019,3.0,3,2,34648,2,5,13107
1624,5,5,2016,4.1,2,2,139325,5,3,12213
1625,6,12,2006,4.5,1,2,292614,4,2,4547
1626,1,4,2010,1.5,1,1,93634,3,3,8227
1627,2,2,2011,3.1,4,3,168566,2,5,7128
1628,3,20,2011,3.1,2,1,225747,3,2,9485
1629,2,1,2011,1.2,3,1,201386,5,3,7072
1630,6,26,2010,1.8,1,3,264223,3,1,3615
1631,2,1,2014,3.1,2,1,174169,2,2,11416
1632,9,24,2014,1.1,3,2,291608,4,3,4567
1633,4,14,2021,3.9,4,1,128902,2,4,13221
1634,4,16,2016,2.9,1,1,120127,4,5,10897
1635,4,15,2023,3.0,1,3,296982,2,5,8060
1636,9,10,2008,4.3,4,1,60987,4,3,11080
1637,9,8,2014,1.5,3,2,294361,3,1,4912
1638,7,21,2006,4.6,4,3,289058,4,2,4718
1639,5,5,2012,4.4,2,1,192668,4,2,11746
1640,2,2,2009,1.7,1,2,59558,4,2,7308
1641,8,6,2015,3.5,1,1,217659,2,3,9246
1642,5,5,2010,1.5,3,3,91828,3,5,7763
1643,6,29,2010,2.1,4,3,44690,3,4,8306
1644,2,1,2017,3.7,1,2,182293,2,4,9254
1645,2,30,2023,3.2,4,3,226042,4,5,9679
1646,3,20,2001,4.0,4,2,156848,5,5,5263
1647,1,23,2023,1.2,1,3,11565,4,4,11968
1648,7,21,2014,1.4,1,2,86788,5,4,7964
1649,6,12,2021,4.4,3,1,139803,3,4,14503
1650,5,5,2005,1.7,1,1,237985,5,1,4040
1651,8,11,2014,2.6,1,2,166129,2,2,7577
1652,10,22,2019,3.5,4,1,241961,3,1,9960
1653,3,13,2022,1.1,3,3,235673,3,2,8086
1654,5,7,2015,3.8,3,3,234430,3,1,8711
1655,10,28,2005,4.7,4,2,150442,3,5,7291
1656,9,24,2012,2.2,4,3,184186,2,5,6216
1657,7,27,2023,1.7,4,3,52144,4,1,11657
1658,8,11,2013,2.9,1,2,116858,4,3,8562
1659,5,7,2013,4.5,1,2,37452,3,2,11750
1660,4,14,2002,1.6,1,2,12478,5,5,6050
1661,9,8,2000,1.2,3,3,85386,3,4,4592
1662,6,29,2007,3.4,1,2,200597,4,1,5588
1663,1,4,2000,1.8,1,1,44891,2,3,6502
1664,9,24,2018,3.0,4,1,39526,5,3,13209
1665,3,20,2005,1.5,2,2,42171,3,4,8256
1666,5,7,2020,4.0,3,1,138575,2,4,13828
1667,2,1,2022,2.5,3,1,73285,5,3,14234
1668,9,8,2007,2.2,4,1,67973,2,1,8540
1669,8,11,2008,5.0,2,2,50096,2,2,12498
1670,6,26,2006,1.9,3,3,13435,3,5,8531
1671,7,25,2000,3.5,1,2,202264,5,4,3554
1672,10,18,2009,2.2,2,3,161642,3,1,7767
1673,5,7,2021,4.6,3,1,173195,3,3,14036
1674,9,10,2006,3.7,3,1,28336,5,5,11533
1675,7,25,2011,3.4,4,3,194364,2,5,6912
1676,1,4,2011,3.6,4,2,91365,2,2,9172
1677,10,28,2023,4.1,3,1,72819,3,4,16143
1678,6,29,2015,3.3,4,1,31069,3,5,12778
1679,10,22,2005,2.1,3,1,165428,3,1,6891
1680,1,3,2004,4.6,4,1,20308,3,4,10993
1681,8,6,2000,4.1,4,3,70784,4,2,6784
1682,1,4,2005,3.1,3,1,43525,4,5,10329
1683,1,4,2008,3.6,3,2,228784,4,2,6524
1684,10,18,2006,1.4,2,3,244511,3,5,4409
1685,5,7,2004,2.2,3,3,62278,4,3,7254
1686,3,19,2019,2.3,4,1,146849,2,5,10663
1687,4,15,2012,3.0,4,1,173506,2,1,8729
1688,7,27,2023,1.2,2,2,190846,2,5,10383
1689,1,4,2018,2.9,1,2,8842,5,2,12223
1690,7,25,2022,4.2,3,3,21289,2,5,15474
1691,1,4,2010,3.8,1,1,271969,5,4,6960
1692,6,29,2023,3.4,1,1,169381,2,3,12512
1693,3,19,2001,4.3,1,2,117685,3,5,6346
1694,7,21,2014,3.7,4,3,96918,4,5,10061
1695,2,1,2013,1.5,3,1,208293,2,4,7834
1696,5,5,2012,2.8,3,3,135966,3,1,8780
1697,4,16,2002,2.8,2,1,293330,3,3,5133
1698,4,16,2009,4.1,2,3,244248,4,5,8015
1699,6,29,2010,2.4,3,2,235850,4,4,5783
1700,9,8,2016,2.0,3,1,115571,2,3,11088
1701,7,21,2013,1.8,1,3,36507,4,5,9069
1702,4,15,2002,1.7,4,1,210171,5,2,3696
1703,1,23,2023,3.6,3,3,245796,4,2,10684
1704,8,17,2014,4.9,2,2,12671,2,5,14946
1705,1,4,2002,3.6,4,3,259700,4,5,3106
1706,3,19,2008,3.6,1,2,173500,4,2,6630
1707,3,19,2023,2.1,4,1,281615,3,1,8967
1708,7,25,2020,2.2,1,2,142392,5,1,9452
1709,7,21,2023,1.6,4,3,189334,3,2,8813
1710,2,2,2001,1.2,1,3,55663,3,5,4486
1711,2,2,2022,2.1,2,1,229332,4,1,11713
1712,5,5,2008,4.4,4,2,120374,2,1,8492
1713,6,12,2015,1.8,1,1,36064,4,3,11178
1714,5,9,2014,4.9,4,3,247925,4,5,8241
1715,2,1,2023,3.2,2,1,142564,3,1,14848
1716,9,24,2017,3.1,1,1,196995,3,2,9860
1717,6,12,2023,3.1,3,2,74502,5,5,13609
1718,6,29,2011,2.7,2,2,298757,3,5,6124
1719,10,18,2008,2.0,2,3,179010,2,3,6919
1720,6,26,2007,1.8,3,1,97552,3,4,8548
1721,8,17,2001,1.4,1,2,105088,2,1,3698
1722,10,22,2006,3.8,4,3,149573,3,4,6708
1723,3,19,2013,3.9,1,1,21396,4,2,12972
1724,5,7,2002,3.9,3,2,84234,5,2,7915
1725,9,24,2013,1.5,4,3,87831,4,2,7743
1726,1,4,2022,4.0,4,3,109649,5,5,12507
1727,10,22,2022,1.4,4,1,28004,4,1,13039
1728,7,21,2012,2.9,3,2,259817,3,5,6403
1729,1,4,2013,4.5,3,1,233742,2,1,10325
1730,10,28,2020,3.3,4,2,172227,3,3,9955
1731,9,24,2011,5.0,3,1,13473,5,4,14630
1732,5,9,2003,3.5,1,3,170089,2,1,5098
1733,2,30,2020,3.1,1,2,54614,2,4,12107
1734,7,21,2006,3.8,2,2,276138,2,1,6177
1735,6,12,2006,1.2,1,2,227665,4,2,2546
1736,2,1,2021,2.1,1,3,85775,4,2,10784
1737,3,19,2020,3.0,3,3,7623,3,1,13947
1738,7,25,2006,4.1,1,2,134712,2,2,7305
1739,10,28,2009,2.6,2,2,252720,4,2,6345
1740,2,30,2016,2.2,1,1,69374,4,1,11212
1741,1,3,2022,4.5,2,1,286355,4,2,12972
1742,6,29,2018,1.6,3,1,3022,5,2,13539
1743,2,30,2007,3.5,4,3,140717,3,5,6885
1744,1,4,2022,1.4,3,2,94696,2,5,11206
1745,10,18,2000,1.9,3,1,36648,5,3,7767
1746,10,18,2012,3.2,4,2,182056,3,4,7258
1747,4,15,2007,2.9,1,1,210486,2,2,6390
1748,7,25,2006,2.0,2,2,119785,5,1,7504
1749,4,16,2020,2.2,2,1,222571,4,4,11348
1750,7,25,2015,3.7,1,3,181782,5,5,8664
1751,3,13,2012,3.3,4,3,277925,4,2,5441
1752,5,9,2012,3.7,1,2,206605,4,5,7267
1753,3,20,2007,3.6,1,2,288298,4,3,4034
1754,10,28,2012,1.3,1,1,34356,5,1,9812
1755,4,16,2006,3.3,4,3,204468,2,4,5110
1756,9,10,2007,2.1,2,3,164847,2,4,7003
1757,4,14,2007,4.9,4,2,256751,4,4,5964
1758,1,4,2022,2.8,3,2,199301,4,1,10513
1759,3,19,2022,1.8,4,1,146938,4,5,11061
1760,8,17,2006,1.6,3,1,185420,5,3,6291
1761,10,18,2022,1.7,3,2,185988,3,4,9680
1762,6,12,2006,4.0,2,1,294825,2,2,7503
1763,7,21,2011,1.6,1,1,186782,5,4,6764
1764,5,7,2012,2.3,1,2,138932,2,5,7221
1765,8,6,2004,3.2,3,1,32252,5,4,10354
1766,4,14,2010,3.2,4,3,152776,5,2,7244
1767,3,13,2003,3.5,2,1,61700,2,4,10766
1768,8,11,2021,4.8,1,3,31848,2,1,14563
1769,8,17,2022,1.3,3,2,3788,3,1,12924
1770,1,3,2019,3.2,4,1,60084,3,2,13298
1771,5,9,2023,4.6,1,2,72025,5,2,14159
1772,8,17,2010,1.7,2,1,251783,3,3,7264
1773,3,13,2011,3.5,3,1,35655,5,4,12686
1774,3,20,2019,2.5,1,2,11001,4,3,12079
1775,2,1,2003,4.7,1,2,48097,3,1,8738
1776,8,17,2023,1.3,2,2,9218,2,5,14115
1777,9,8,2023,2.6,1,1,73774,2,4,13624
1778,4,14,2007,2.7,2,2,183051,4,1,7238
1779,1,4,2010,2.2,3,3,124510,4,1,7809
1780,8,17,2012,5.0,1,2,200981,5,5,8680
1781,2,1,2008,3.4,1,2,17194,2,5,9556
1782,3,13,2007,4.0,2,2,108716,5,5,10025
1783,4,15,2017,1.4,1,1,6319,5,3,11973
1784,7,21,2018,1.5,4,2,100084,2,3,8998
1785,5,9,2015,3.7,4,2,59678,3,2,11106
1786,10,18,2013,3.3,3,3,167096,2,1,8958
1787,4,16,2010,1.4,2,1,290186,5,1,6196
1788,9,10,2005,4.5,2,1,186080,4,5,9878
1789,4,16,2001,2.0,1,3,67832,3,2,5043
1790,3,13,2016,3.9,3,2,72828,3,1,12343
1791,7,27,2014,1.0,4,2,13682,4,5,9026
1792,7,25,2002,2.5,4,1,103334,5,2,6633
1793,3,20,2023,2.8,3,3,125172,2,3,12296
1794,1,3,2007,3.4,4,3,3514,4,1,9529
1795,8,11,2008,3.8,2,2,106591,4,3,10168
1796,9,8,2008,2.6,1,3,211463,5,1,4870
1797,6,26,2012,1.1,3,3,134479,2,4,7110
1798,7,21,2017,4.6,2,1,166993,4,4,13960
1799,9,24,2000,2.2,4,2,238229,5,1,2000
1800,3,20,2012,4.9,2,1,165196,5,5,12796
1801,10,22,2006,4.9,2,1,65918,2,3,12981
1802,6,29,2010,2.2,1,3,284632,3,1,3607
1803,2,30,2020,2.4,2,3,133294,2,4,11834
1804,5,7,2012,3.1,1,1,72724,2,4,10845
1805,5,5,2017,1.0,1,3,151252,5,2,7174
1806,5,5,2013,4.6,1,2,182736,2,4,8945
1807,10,28,2009,4.9,4,1,116854,5,3,10862
1808,6,29,2003,1.1,1,1,245891,2,5,2682
1809,7,25,2004,4.9,4,2,285701,4,5,4485
1810,10,18,2022,1.1,4,3,164969,2,2,8500
1811,9,10,2006,3.3,2,3,21306,4,4,10773
1812,1,4,2017,1.9,1,3,152772,2,2,8044
1813,9,24,2002,4.5,4,2,279351,3,2,3612
1814,6,12,2005,2.0,4,1,36156,4,3,8376
1815,1,3,2019,1.7,2,1,130959,4,4,12380
1816,4,15,2010,2.6,3,2,145953,5,1,7780
1817,10,22,2020,4.3,2,3,13344,2,4,16133
1818,5,9,2018,4.6,1,1,39465,5,1,14810
1819,10,18,2004,2.9,4,3,65347,3,2,6893
1820,6,12,2005,4.4,3,2,275360,2,2,5492
1821,2,30,2006,1.6,4,1,239060,4,3,4218
1822,6,29,2023,4.5,1,1,141572,3,5,14168
1823,2,30,2010,2.0,3,3,174164,3,5,6616
1824,7,21,2022,5.0,2,1,260953,5,4,13980
1825,9,10,2019,2.0,2,2,55370,5,5,12692
1826,2,1,2012,4.0,1,1,161431,5,4,9971
1827,10,18,2001,3.3,3,1,159349,3,2,7013
1828,8,6,2020,2.5,1,2,177299,3,1,9054
1829,1,3,2012,4.3,1,1,76005,2,1,11979
1830,9,8,2002,1.7,1,2,102549,2,5,4349
1831,4,16,2003,3.3,4,1,72117,2,5,8357
1832,2,2,2000,4.4,3,1,90949,3,5,9181
1833,10,22,2018,3.0,1,3,77132,5,1,10957
1834,2,2,2008,2.6,2,1,96132,2,5,10677
1835,5,9,2017,3.6,2,2,214703,4,2,10505
1836,6,29,2007,1.3,3,2,61157,3,4,7276
1837,8,17,2004,3.1,2,1,220120,2,2,7497
1838,1,23,2005,4.0,3,1,127914,5,2,9541
1839,8,6,2014,4.7,1,3,93908,3,2,11121
1840,10,28,2008,2.6,2,1,271567,2,2,7168
1841,2,2,2017,4.4,4,2,67229,4,2,12255
1842,10,22,2011,4.5,1,1,217628,2,5,9047
1843,10,18,2005,1.0,4,3,12018,4,3,6359
1844,4,15,2007,4.1,4,2,164557,5,4,7008
1845,3,19,2003,3.3,3,1,48225,2,4,9835
1846,2,30,2018,2.6,4,3,80745,3,1,10485
1847,3,20,2019,4.2,1,1,216108,4,2,11177
1848,4,15,2023,3.3,3,2,131367,2,1,12672
1849,1,4,2004,1.8,2,3,36797,4,2,8364
1850,4,14,2008,3.4,1,3,136205,3,2,7175
1851,9,24,2016,2.5,1,3,89271,4,1,9614
1852,8,6,2010,4.3,1,3,268505,3,2,6029
1853,5,7,2013,2.5,3,1,252912,2,5,7941
1854,1,3,2014,1.2,2,3,109357,4,1,9312
1855,1,23,2020,4.4,1,3,205760,5,1,10384
1856,10,22,2005,2.3,3,2,8332,5,2,8733
1857,1,4,2018,1.6,4,1,36774,2,2,11864
1858,1,3,2015,3.4,3,2,293281,2,3,7134
1859,6,12,2002,4.3,1,2,28597,2,4,8428
1860,10,28,2023,2.4,1,1,241576,4,3,10068
1861,8,11,2004,3.3,2,1,6686,2,1,11966
1862,7,25,2005,4.5,4,3,251675,2,4,5066
1863,3,19,2020,4.8,1,1,293448,3,5,10531
1864,3,13,2011,3.3,3,3,218104,2,1,7337
1865,2,2,2007,4.0,2,3,54474,2,1,11110
1866,7,21,2001,3.0,3,1,206883,3,5,5762
1867,1,4,2013,4.5,3,2,159818,2,2,10303
1868,7,21,2021,1.6,3,1,221369,2,2,10072
1869,1,4,2009,4.7,2,3,200779,2,5,9484
1870,4,15,2023,4.8,4,2,177302,4,5,12253
1871,3,19,2021,2.6,1,2,114586,3,1,10708
1872,6,26,2001,1.3,4,3,166014,3,5,2379
1873,7,21,2022,1.5,4,3,193631,3,1,8327
1874,6,29,2007,2.5,3,1,28536,5,2,10629
1875,6,26,2005,4.7,3,2,153813,3,4,8223
1876,7,21,2007,3.0,2,1,108785,2,5,10524
1877,7,25,2005,3.5,2,1,62128,2,4,11357
1878,5,5,2020,4.2,1,3,5872,5,1,14182
1879,7,21,2012,2.6,1,2,63914,2,3,9021
1880,1,3,2013,2.1,3,2,104625,4,1,9007
1881,10,22,2005,3.2,1,2,245916,2,2,3881
1882,1,3,2009,1.6,2,2,37980,3,1,9640
1883,4,15,2010,4.1,1,3,172905,4,3,7741
1884,7,21,2007,4.2,4,3,271987,2,5,4960
1885,4,16,2015,2.0,2,1,36038,2,2,13379
1886,6,26,2007,2.2,4,1,167698,5,5,6546
1887,5,9,2021,1.7,1,3,299534,3,1,6109
1888,1,23,2014,1.1,4,3,96388,4,4,7472
1889,4,15,2022,3.8,4,3,184018,2,1,10819
1890,10,28,2014,4.9,1,3,70218,2,1,11795
1891,10,18,2019,3.4,3,2,17084,3,4,13858
1892,6,29,2011,1.5,4,2,205090,5,1,4798
1893,5,5,2021,3.7,2,2,279200,2,1,10516
1894,9,10,2014,1.4,3,1,66560,2,1,10868
1895,3,20,2005,3.2,4,3,28310,2,1,8233
1896,1,3,2012,2.8,4,3,224164,2,4,6016
1897,4,16,2004,1.3,1,1,281063,5,1,2478
1898,4,14,2010,1.0,1,3,47989,2,5,7140
1899,6,12,2005,4.9,4,3,189191,4,2,6716
1900,2,2,2010,2.9,3,2,12730,4,5,10745
1901,3,13,2002,1.4,2,3,41238,3,4,7275
1902,7,21,2010,2.4,1,1,274652,4,3,5506
1903,10,22,2001,3.5,2,2,287320,5,4,4153
1904,10,18,2012,3.1,2,3,200782,2,1,8784
1905,4,16,2004,1.7,1,3,227276,2,2,2454
1906,4,15,2013,2.3,3,1,30705,5,1,12185
1907,2,30,2002,3.3,4,2,288979,5,3,2220
1908,1,3,2001,2.9,4,2,128507,2,2,4729
1909,4,16,2018,3.9,3,1,95603,3,5,13987
1910,1,3,2003,1.6,4,1,17382,4,4,7752
1911,10,28,2005,2.1,1,2,192683,3,2,3846
1912,9,24,2021,2.3,2,3,287595,5,4,8948
1913,6,29,2012,4.1,3,1,26324,4,2,13773
1914,3,19,2013,4.1,4,3,178881,4,4,8522
1915,5,9,2022,3.7,3,3,28519,5,1,14829
1916,7,21,2022,1.2,3,3,216164,5,3,8576
1917,5,7,2012,4.8,2,2,137306,3,1,11753
1918,1,23,2015,3.7,3,2,72661,4,4,11846
1919,9,8,2019,2.5,2,1,21694,2,4,15366
1920,2,30,2000,1.2,1,2,224667,2,4,2000
1921,2,2,2011,4.6,2,2,152438,3,5,10951
1922,1,3,2010,1.6,3,1,282744,3,2,5545
1923,3,19,2017,1.3,1,1,94622,5,5,10107
1924,9,8,2001,3.4,2,3,243085,2,2,4938
1925,6,12,2009,2.4,3,2,156159,5,3,7076
1926,2,1,2021,3.8,4,3,85961,5,4,12480
1927,2,1,2000,4.0,2,2,52735,2,1,9045
1928,8,6,2008,1.9,2,2,13436,4,1,10131
1929,10,28,2000,3.3,3,2,3960,4,2,8320
1930,5,5,2012,2.2,3,2,250415,5,1,5891
1931,10,28,2018,1.2,1,2,256752,2,2,5564
1932,3,19,2014,4.9,2,2,249726,5,3,10205
1933,3,20,2002,3.2,3,3,194326,2,3,5013
1934,6,12,2016,4.3,2,2,123202,4,1,12735
1935,8,11,2019,4.6,2,2,162928,3,3,13141
1936,5,7,2001,1.2,3,1,22996,2,1,7640
1937,10,28,2000,1.5,3,2,124441,3,4,4111
1938,1,23,2021,4.4,2,2,131915,4,5,14161
1939,4,14,2004,1.5,1,1,109854,3,3,6102
1940,3,20,2005,3.6,1,1,80842,5,2,9083
1941,10,28,2008,3.7,1,1,47315,2,2,10753
1942,2,1,2013,3.1,4,3,295843,2,1,5183
1943,3,19,2012,3.0,1,2,132867,3,4,8042
1944,6,12,2021,2.2,2,2,80426,5,2,12991
1945,9,8,2007,3.9,2,2,187853,5,2,8342
1946,1,3,2011,2.3,1,3,24620,2,4,9207
1947,5,5,2015,4.6,2,2,287534,4,2,9449
1948,8,6,2000,4.0,4,3,159448,5,1,4911
1949,2,2,2014,2.1,3,3,242002,3,4,6559
1950,6,12,2010,1.7,2,2,53796,3,2,9724
1951,7,25,2003,2.9,1,1,3214,4,4,9335
1952,10,18,2001,3.7,3,2,274678,5,4,3606
1953,6,29,2020,3.4,2,2,196637,2,2,11567
1954,8,17,2013,3.9,3,3,200557,5,5,8888
1955,7,25,2005,4.3,3,3,84833,4,4,9203
1956,8,11,2019,2.7,4,3,259731,3,5,7305
1957,9,24,2023,2.4,4,3,240972,2,3,8580
1958,4,15,2013,4.7,1,3,271069,5,5,7278
1959,2,2,2002,2.3,4,3,197991,4,1,3040
1960,9,10,2012,2.8,2,1,141669,4,2,11166
1961,3,13,2019,2.8,3,2,266566,3,3,8268
1962,10,18,2011,1.8,2,2,265824,2,2,5883
1963,8,6,2015,4.0,3,2,94668,2,2,11706
1964,9,8,2010,4.7,3,3,112242,5,3,10555
1965,7,25,2013,3.4,4,1,213200,4,3,8636
1966,3,20,2016,2.8,3,3,42849,3,5,11843
1967,5,5,2018,1.8,4,3,114519,5,5,9009
1968,10,28,2004,1.4,1,1,105124,3,5,6097
1969,3,20,2014,1.8,3,2,181873,5,1,7462
1970,4,16,2010,1.8,4,3,271568,2,1,3468
1971,6,12,2004,1.9,1,3,112186,4,2,4956
1972,3,19,2011,1.8,4,3,42008,2,3,8359
1973,4,16,2010,4.0,3,1,286041,2,2,7879
1974,7,21,2023,2.7,3,3,156622,2,5,11567
1975,3,19,2004,3.2,4,1,31309,3,2,9373
1976,8,17,2020,4.1,4,2,112165,2,5,11956
1977,1,3,2009,3.4,3,3,125102,2,4,8697
1978,7,27,2022,2.0,4,2,34636,5,4,12007
1979,3,13,2017,3.7,2,2,188995,4,3,11120
1980,4,15,2004,4.1,3,1,162517,4,4,8649
1981,5,9,2011,2.4,1,2,113336,2,3,7533
1982,2,1,2009,1.9,4,3,22913,3,2,8241
1983,2,1,2012,3.8,2,1,293559,5,5,9128
1984,5,9,2016,3.0,4,3,175145,3,3,8397
1985,6,26,2015,4.0,3,1,276921,5,2,9561
1986,2,1,2023,4.3,3,3,297597,5,5,10348
1987,9,24,2007,4.4,2,1,55525,5,5,12989
1988,2,1,2003,4.9,1,2,221213,3,5,5475
1989,3,19,2005,3.3,2,1,83483,5,4,10730
1990,6,26,2002,3.0,1,3,122439,2,2,5251
1991,5,5,2002,4.1,4,2,216957,5,2,4460
1992,9,10,2005,1.6,3,3,139937,4,3,5401
1993,1,3,2015,3.7,4,3,209358,5,5,8112
1994,3,13,2006,2.8,2,1,224114,4,5,7717
1995,9,24,2009,3.9,2,3,110879,4,2,10482
1996,9,24,2022,1.0,4,3,124573,3,2,9208
1997,3,19,2004,1.3,1,2,40779,5,5,5784
1998,7,27,2017,4.2,3,2,83450,2,4,12731
1999,9,10,2023,3.0,3,2,75435,3,3,13491
2000,9,24,2014,4.0,2,3,216123,2,4,9977
2001,8,11,2017,4.1,2,3,229816,5,5,10703
2002,2,2,2000,3.4,4,3,278310,5,3,2000
2003,2,2,2004,2.7,2,2,196545,3,2,6069
2004,2,1,2012,4.0,1,3,185073,5,1,7998
2005,1,3,2022,2.2,1,2,259968,3,3,7700
2006,7,27,2020,4.4,3,3,103894,3,2,13422
2007,2,2,2003,2.3,3,3,143584,5,2,5428
2008,7,25,2010,3.0,2,1,167567,4,5,10248
2009,4,16,2002,1.8,4,1,182859,5,1,4342
2010,6,26,2012,4.7,4,3,163639,2,2,9127
2011,4,14,2006,3.9,2,2,181025,2,2,8179
2012,5,5,2012,4.5,3,3,231368,3,5,8572
2013,3,13,2013,3.7,4,3,281563,3,4,6068
2014,1,23,2019,3.2,4,3,61680,2,1,11766
2015,2,1,2013,3.2,3,1,121063,2,5,11278
2016,4,16,2018,2.3,2,1,292022,3,2,9459
2017,5,7,2016,4.5,3,1,95176,3,2,13996
2018,3,20,2014,4.4,1,2,81794,2,1,11064
2019,4,14,2023,3.0,4,2,205866,5,5,9882
2020,6,29,2006,3.3,4,2,24121,5,2,8717
2021,1,23,2004,1.8,3,2,296742,2,4,2165
2022,5,9,2001,2.2,1,1,85799,2,1,6384
2023,8,6,2010,1.8,4,2,239416,3,4,4111
2024,6,12,2006,2.1,1,3,183546,2,4,4329
2025,4,15,2018,3.7,4,3,177936,5,5,9641
2026,1,3,2008,3.3,2,1,10998,5,3,13080
2027,7,21,2010,3.9,4,3,190927,2,1,7181
2028,5,7,2020,4.0,3,3,213276,4,2,10834
2029,8,11,2014,3.8,1,2,171872,2,1,8662
2030,9,8,2022,3.4,2,3,16671,5,4,15766
2031,7,27,2012,1.5,2,1,239265,2,1,7914
2032,2,30,2013,1.9,1,3,137384,5,2,7152
2033,4,16,2017,4.1,1,1,48301,4,3,13833
2034,9,24,2004,2.4,4,1,129753,3,5,6604
2035,3,19,2023,3.5,3,1,192182,4,2,13156
2036,5,5,2014,3.3,1,2,224542,3,2,7109
2037,3,20,2001,2.4,2,1,186492,4,1,6570
2038,6,26,2017,2.6,3,3,262794,4,2,7544
2039,9,10,2000,3.5,3,2,247001,2,2,3659
2040,3,13,2009,2.5,2,1,35087,5,2,12098
2041,3,13,2013,1.3,3,2,120114,4,2,7897
2042,7,27,2020,3.5,4,1,52571,4,3,14048
2043,2,30,2003,4.1,1,1,49421,2,5,9611
2044,1,4,2000,2.3,2,3,176912,4,2,4861
2045,10,18,2010,3.1,4,3,230782,5,1,5584
2046,3,19,2009,3.5,4,1,192593,5,4,7948
2047,3,19,2014,3.1,1,3,10672,3,1,11186
2048,9,8,2010,1.5,2,1,240407,5,5,7291
2049,5,9,2018,1.7,2,2,286878,2,1,7462
2050,7,27,2019,1.3,1,3,26192,5,1,10576
2051,3,13,2004,2.5,1,2,249318,3,5,2813
2052,10,22,2023,2.6,3,1,32598,5,3,15448
2053,7,25,2010,4.8,4,1,175065,4,4,9898
2054,2,30,2005,1.5,3,2,206385,3,1,3972
2055,7,27,2009,4.9,4,2,212334,5,4,7453
2056,2,2,2004,2.4,1,2,222937,5,1,3241
2057,9,8,2009,1.8,2,3,74482,4,1,9110
2058,2,2,2001,3.3,2,2,228131,3,2,5137
2059,3,20,2016,4.6,1,1,199029,4,4,11019
2060,5,5,2000,4.2,2,2,285922,4,5,4581
2061,9,10,2023,4.7,1,2,26460,3,5,15170
2062,2,2,2015,1.8,4,1,76995,3,2,10360
2063,8,17,2003,1.3,4,2,294888,5,2,2000
2064,2,30,2000,2.8,4,1,65733,2,5,7085
2065,8,11,2014,4.2,4,1,215666,2,3,9686
2066,1,4,2023,2.4,3,2,130279,4,1,11794
2067,8,11,2009,4.4,2,1,251891,4,2,9662
2068,5,7,2009,1.3,3,1,115405,4,1,8291
2069,1,3,2016,3.7,2,3,137610,5,3,11847
2070,10,22,2017,3.8,3,1,297508,5,4,9549
2071,3,13,2008,4.8,2,2,134214,2,2,10615
2072,6,12,2016,4.3,1,2,187053,4,3,9458
2073,10,22,2007,4.7,4,1,28420,3,4,11831
2074,7,21,2012,2.4,1,3,200323,2,1,6093
2075,3,13,2011,4.5,1,3,89049,2,5,10119
2076,4,15,2005,4.6,4,1,224243,3,1,7215
2077,2,2,2007,4.4,1,1,134697,5,1,9406
2078,7,27,2017,2.7,4,3,108479,4,2,9730
2079,8,17,2012,1.6,1,3,287727,4,4,3545
2080,6,12,2005,1.7,2,1,76250,4,4,9275
2081,1,3,2018,4.4,1,2,46165,4,3,12976
2082,10,28,2005,2.2,2,3,284026,2,5,4119
2083,2,1,2023,2.0,3,1,174102,5,5,12017
2084,4,15,2019,4.3,4,2,8168,5,3,13936
2085,2,30,2006,3.7,3,1,182367,5,4,8452
2086,6,29,2002,3.8,3,2,31239,3,3,8875
2087,1,4,2001,4.7,3,2,194851,2,5,6202
2088,2,2,2012,3.6,1,3,90604,4,1,9487
2089,10,22,2016,2.4,1,3,129525,4,1,8709
2090,4,15,2006,1.2,2,1,154963,4,2,7500
2091,10,22,2005,3.5,3,3,238981,2,4,5320
2092,10,22,2003,4.0,3,1,296836,4,2,5563
2093,10,28,2011,2.6,1,3,199966,3,2,6000
2094,4,16,2003,4.6,2,2,177271,3,4,8054
2095,6,29,2001,1.4,3,3,142032,4,4,3959
2096,2,30,2008,2.4,1,3,39867,4,4,8102
2097,9,24,2006,2.3,3,2,170302,2,4,5793
2098,6,12,2008,3.1,2,1,31509,3,2,12469
2099,10,22,2023,3.6,1,1,144501,4,2,13209
2100,1,23,2012,3.1,1,2,13326,5,3,10533
2101,5,5,2008,3.7,1,3,244578,5,4,5308
2102,10,28,2012,4.4,4,2,156174,3,1,8976
2103,3,19,2022,3.7,3,3,127605,2,4,12847
2104,10,22,2005,2.6,2,3,151586,2,4,7168
2105,2,2,2002,1.7,4,3,217378,2,3,2052
2106,5,9,2003,3.3,1,1,150771,3,1,6784
2107,2,2,2018,2.2,4,1,10609,3,1,12987
2108,6,29,2007,3.7,2,1,209582,3,1,9208
2109,4,15,2006,3.3,2,2,252598,3,1,6148
2110,6,29,2017,4.0,4,3,296186,4,2,7276
2111,3,19,2010,2.7,3,1,892,2,3,12282
2112,8,11,2020,4.8,3,2,232526,5,1,11249
2113,6,29,2000,3.7,4,2,47029,4,2,6859
2114,3,20,2013,1.3,2,2,174642,5,3,7807
2115,2,2,2018,3.9,2,1,157385,2,2,13752
2116,1,4,2023,2.2,3,1,128040,2,2,13139
2117,6,26,2010,2.6,4,1,112202,4,2,8955
2118,3,20,2018,3.6,4,1,91539,2,1,12769
2119,5,5,2009,4.6,1,1,129335,3,1,10313
2120,1,3,2006,2.5,1,3,269369,5,1,3012
2121,8,17,2012,2.2,3,2,136462,2,3,8170
2122,2,2,2014,3.7,1,3,18632,2,5,11627
2123,4,15,2008,2.7,4,1,277355,3,1,5152
2124,1,23,2000,4.1,2,1,77141,2,5,10157
2125,1,23,2009,4.8,4,2,169904,2,2,8201
2126,1,23,2016,3.1,2,2,283526,5,4,8329
2127,6,12,2019,2.2,2,1,179482,2,5,11910
2128,4,16,2020,4.7,1,2,72765,2,5,13344
2129,1,3,2016,4.4,1,2,131640,3,1,10667
2130,7,21,2000,3.9,4,3,179632,2,1,4407
2131,10,28,2022,2.7,4,2,276686,5,4,7866
2132,5,7,2021,1.3,3,1,295825,4,5,8283
2133,1,3,2009,4.9,1,2,93013,2,1,9839
2134,9,24,2011,2.5,4,3,274848,3,4,4403
2135,4,15,2004,4.8,3,1,212546,5,2,8349
2136,1,3,2015,4.1,4,3,101708,5,5,10665
2137,4,14,2006,2.0,1,3,107228,4,2,5755
2138,1,3,2014,3.8,4,2,36393,5,2,11372
2139,10,18,2007,5.0,2,3,1396,2,3,13172
2140,6,26,2011,4.0,2,3,177856,3,3,9842
2141,1,23,2017,2.1,4,2,79782,4,1,9704
2142,10,28,2004,4.3,4,2,191971,3,1,5760
2143,6,29,2002,3.5,2,2,10637,4,5,9987
2144,6,26,2012,1.8,2,2,61142,2,1,10277
2145,4,16,2012,1.1,2,2,257885,5,5,5642
2146,8,6,2019,4.5,2,2,38471,4,4,15530
2147,10,22,2007,3.4,2,1,37822,3,3,12343
2148,3,19,2022,2.4,1,2,289855,4,1,7302
2149,1,4,2005,1.4,2,3,257620,3,3,3847
2150,5,9,2020,4.6,2,2,213924,2,1,12421
2151,8,11,2012,4.0,3,2,120075,3,2,10298
2152,1,23,2005,1.5,3,2,16573,2,4,7768
2153,7,21,2009,4.6,3,1,73847,4,5,12423
2154,5,9,2016,2.6,4,2,175047,2,5,7999
2155,6,26,2019,4.0,1,3,22226,5,3,13355
2156,6,26,2015,3.8,4,1,246108,2,2,8977
2157,6,12,2008,4.0,2,2,63717,2,2,11225
2158,9,10,2017,2.6,3,2,50056,5,3,11798
2159,5,9,2002,2.2,1,1,224180,5,2,3916
2160,3,20,2014,1.7,1,3,224055,2,3,5518
2161,4,14,2014,1.2,1,1,85335,5,1,9293
2162,4,15,2004,1.7,2,1,183828,5,1,6823
2163,2,2,2017,3.4,3,1,58491,2,3,13930
2164,4,16,2022,2.8,2,2,193179,4,5,11636
2165,5,9,2023,2.7,3,2,214496,3,2,10410
2166,9,24,2020,2.4,4,1,227454,3,4,9450
2167,5,5,2001,2.2,2,3,280901,3,2,2981
2168,9,24,2003,1.8,4,1,295758,4,4,2384
2169,7,25,2021,4.4,2,3,234683,5,3,12106
2170,5,7,2002,2.3,1,2,13568,5,3,6728
2171,5,9,2013,1.9,1,3,210826,3,4,5683
2172,3,19,2009,4.1,4,3,159746,4,5,7705
2173,10,18,2006,1.1,1,3,82166,2,3,5356
2174,7,25,2014,1.1,4,1,170507,2,3,7489
2175,8,17,2017,4.2,1,3,112955,5,1,11140
2176,4,14,2023,4.6,2,3,58921,2,3,16421
2177,3,20,2003,4.4,1,2,244924,4,4,4501
2178,2,1,2013,4.2,2,3,287126,2,5,8457
2179,2,1,2003,4.2,3,3,83206,3,1,8535
2180,10,22,2006,3.8,3,3,280369,4,1,5092
2181,5,7,2020,2.7,4,3,27082,2,5,12258
2182,5,9,2007,2.1,3,1,272168,2,5,5356
2183,8,11,2022,2.4,4,2,273128,4,4,7637
2184,4,15,2010,3.5,2,1,277713,3,2,8545
2185,10,28,2019,3.7,4,2,94672,3,3,11606
2186,6,29,2001,1.2,1,2,281172,3,4,2000
2187,5,5,2023,4.9,4,1,179716,2,5,13805
2188,1,3,2009,1.8,3,2,97455,3,1,7650
2189,2,2,2009,3.1,4,2,171748,5,2,6465
2190,7,21,2005,4.2,3,2,230974,3,1,6180
2191,7,27,2008,3.5,3,2,277020,4,1,5459
2192,1,3,2012,1.6,3,2,72078,2,2,8858
2193,2,30,2014,3.8,4,3,10246,5,4,11895
2194,3,20,2004,2.3,1,3,135181,5,2,4896
2195,5,7,2001,1.4,3,3,237884,4,3,2042
2196,9,24,2009,3.8,3,3,60690,3,3,10386
2197,5,9,2006,1.3,2,3,222317,3,5,4753
2198,6,26,2008,1.2,2,1,179164,3,4,7616
2199,3,19,2009,2.4,2,1,275673,4,4,7186
2200,2,2,2002,3.4,1,3,217682,2,2,3746
2201,10,28,2009,4.7,4,2,211596,5,3,7268
2202,6,29,2010,1.8,1,2,210517,4,5,4689
2203,5,7,2021,3.7,3,3,231634,3,5,10467
2204,7,27,2019,1.5,1,2,234529,2,2,6609
2205,4,14,2017,3.2,3,3,64381,2,2,12112
2206,2,1,2012,4.0,2,3,11943,5,2,13461
2207,5,5,2006,1.9,1,1,13116,3,5,9037
2208,10,18,2002,4.7,3,1,237667,2,2,7146
2209,7,27,2012,1.5,3,1,248095,3,3,6738
2210,8,11,2007,4.5,3,2,220144,3,4,7297
2211,1,4,2012,1.5,1,2,168254,5,5,5834
2212,4,16,2017,2.0,3,2,97401,4,1,10251
2213,3,13,2008,3.5,4,2,184428,2,1,6311
2214,4,16,2003,2.2,2,1,71321,3,1,9273
2215,10,22,2002,4.3,3,2,1576,5,3,9968
2216,4,14,2021,2.4,4,2,254658,5,4,7706
2217,7,25,2009,2.4,1,2,13969,4,2,8920
2218,4,14,2004,1.8,1,2,275625,4,5,2000
2219,10,28,2008,3.9,1,2,98703,5,1,8425
2220,9,10,2016,2.3,3,3,284065,2,5,6518
2221,10,22,2005,3.0,3,3,131461,3,5,6970
2222,8,11,2023,1.9,4,2,142491,3,1,10050
2223,3,13,2008,1.7,2,1,19407,3,2,11311
2224,4,16,2019,4.5,3,3,21304,3,4,14873
2225,5,9,2020,4.1,1,1,179602,3,1,12107
2226,7,27,2003,4.1,2,1,4842,2,1,12503
2227,3,20,2010,3.1,4,3,206820,2,3,6063
2228,10,18,2000,3.4,2,3,268243,2,4,4135
2229,9,10,2014,3.8,3,3,99337,3,4,11113
2230,4,16,2004,1.5,2,1,228161,5,5,5736
2231,3,13,2017,2.1,3,1,48595,5,5,12828
2232,10,28,2002,4.3,4,1,92949,3,2,8641
2233,6,12,2017,1.9,1,1,102677,4,2,10546
2234,6,29,2017,2.8,4,2,128059,2,4,9438
2235,3,19,2021,2.8,4,2,120822,5,1,10783
2236,9,10,2010,2.7,2,1,118227,4,2,10935
2237,3,13,2009,4.0,4,1,35778,5,4,11584
2238,8,6,2022,3.1,2,3,263472,4,3,10530
2239,9,8,2005,1.7,1,3,289249,2,2,2000
2240,10,28,2018,3.1,2,1,228898,5,1,11522
2241,5,9,2001,3.4,3,3,213010,5,3,4539
2242,10,18,2008,3.3,2,1,265865,3,4,7982
2243,3,13,2023,1.5,3,3,106184,4,3,11376
2244,5,9,2005,4.8,3,3,218684,5,1,7026
2245,8,17,2017,2.3,3,1,189243,3,5,10215
2246,9,8,2006,4.7,4,1,15561,2,2,11788
2247,6,26,2017,3.0,1,3,282260,5,2,6554
2248,5,5,2021,4.8,1,3,162038,2,3,11959
2249,7,25,2003,3.6,4,3,115892,5,5,6282
2250,1,23,2017,2.5,3,1,141628,5,1,11367
2251,10,28,2019,4.0,3,3,273967,4,1,9320
2252,9,24,2023,2.8,1,1,54576,3,2,14208
2253,2,2,2022,1.5,2,3,109408,4,3,12011
2254,5,5,2002,3.1,4,1,272668,4,5,3846
2255,4,14,2000,1.8,4,1,69308,5,3,6013
2256,4,14,2022,2.2,4,2,79502,4,3,11309
2257,9,8,2017,4.8,1,2,77522,2,4,12449
2258,4,14,2015,2.4,3,3,31711,3,5,11365
2259,3,13,2006,3.6,4,1,107093,5,1,8858
2260,7,27,2005,2.7,1,1,205507,2,3,5689
2261,6,29,2018,1.4,3,1,92010,2,5,11559
2262,4,15,2007,1.9,4,3,4478,4,4,8010
2263,8,17,2015,2.8,3,2,286325,4,1,6673
2264,4,15,2005,1.1,4,1,210763,5,5,3984
2265,5,9,2001,1.2,1,3,265854,5,3,2000
2266,5,5,2017,1.1,1,3,240120,5,5,5497
2267,3,19,2017,1.8,3,2,54765,4,2,10904
2268,3,20,2008,4.0,2,2,90251,2,5,10694
2269,4,15,2017,3.6,2,3,248268,2,5,9834
2270,5,9,2004,2.8,3,2,168251,5,4,5734
2271,5,5,2018,1.1,2,3,174665,2,4,9106
2272,7,21,2016,1.4,1,1,216284,3,2,7474
2273,3,13,2013,1.1,1,3,144900,3,2,6202
2274,5,7,2003,1.3,2,2,89728,5,1,6505
2275,1,4,2013,2.7,3,3,10769,2,5,11484
2276,10,22,2003,3.4,4,2,206616,3,3,4267
2277,7,25,2009,1.7,3,3,255091,4,4,4398
2278,5,9,2007,3.5,3,3,238600,2,3,5928
2279,6,29,2008,1.0,4,1,120850,5,1,6583
2280,4,16,2001,2.6,2,2,212873,5,2,4742
2281,4,16,2001,1.4,2,3,196294,2,2,3874
2282,5,9,2011,4.5,4,1,297338,4,3,7453
2283,7,21,2004,1.1,2,2,42308,3,5,7553
2284,5,7,2007,1.6,2,3,186107,3,1,6077
2285,3,20,2011,2.2,1,3,133652,2,3,6926
2286,4,15,2019,3.6,2,2,75115,5,3,13897
2287,5,9,2011,2.6,1,2,122235,2,2,7555
2288,3,20,2016,3.8,3,3,289487,4,3,7910
2289,9,8,2005,3.5,3,2,31448,3,3,9471
2290,10,28,2013,3.1,4,2,225596,2,4,6588
2291,1,4,2018,2.5,4,1,126221,5,5,10975
2292,9,10,2011,2.4,2,2,95255,3,4,9894
2293,5,7,2020,2.9,2,2,299471,4,5,9010
2294,3,13,2005,2.5,1,3,77298,4,5,6554
2295,10,22,2018,4.8,2,2,111035,2,4,14079
2296,7,25,2001,4.6,3,1,145289,5,4,8594
2297,6,26,2003,4.8,3,2,210016,2,5,6599
2298,7,27,2023,1.7,4,2,164639,5,1,9407
2299,8,6,2010,4.2,2,2,58152,4,1,12136
2300,9,8,2012,2.4,4,1,188235,5,1,7835
2301,7,25,2020,1.2,4,2,257957,2,5,6140
2302,10,18,2000,2.7,4,2,245909,4,4,2000
2303,7,25,2023,3.7,3,1,94331,5,5,15313
2304,2,2,2020,2.3,1,3,33738,5,1,11725
2305,5,9,2003,3.2,3,1,257236,5,5,5555
2306,1,3,2001,4.4,1,3,51568,5,4,7768
2307,1,4,2002,1.8,3,3,52853,4,2,6442
2308,8,11,2018,4.7,2,1,162547,3,3,14449
2309,4,15,2016,3.8,1,1,1669,5,4,14166
2310,5,9,2012,3.0,3,2,262444,3,5,6451
2311,2,30,2002,1.3,4,3,149130,3,4,3017
2312,1,4,2010,1.4,3,3,135385,4,5,6792
2313,1,23,2018,3.8,3,1,275723,4,2,10285
2314,1,23,2012,2.7,2,1,290079,4,2,8098
2315,5,5,2015,1.3,2,2,211781,4,2,7664
2316,3,19,2017,4.6,1,3,228920,3,1,9221
2317,9,8,2004,2.0,3,3,149547,3,3,5309
2318,9,8,2020,2.7,1,2,11995,3,3,12560
2319,9,10,2017,1.1,4,3,15401,4,5,9991
2320,2,30,2012,1.9,1,1,48209,4,2,10135
2321,7,21,2007,1.0,2,2,248712,4,2,4225
2322,5,9,2004,3.0,1,3,28122,5,4,7737
2323,1,23,2001,1.4,2,2,68251,4,2,6434
2324,4,14,2016,3.3,2,1,20770,4,4,15284
2325,6,26,2014,2.2,1,2,233223,3,4,5835
2326,3,20,2018,3.0,3,1,151336,5,2,11973
2327,3,19,2015,4.9,1,3,247813,3,2,8543
2328,5,7,2016,4.1,1,1,208645,3,1,10327
2329,1,4,2017,4.5,3,1,17255,5,2,15854
2330,2,1,2001,4.5,1,2,92101,5,4,7057
2331,4,16,2021,4.3,4,1,261682,4,2,10966
2332,8,11,2011,2.4,3,3,20402,3,3,10391
2333,5,7,2010,1.1,1,3,5010,3,3,8099
2334,2,1,2005,2.0,2,2,161604,4,5,6367
2335,8,6,2011,3.1,2,1,253949,3,5,8921
2336,7,27,2008,3.6,4,2,228614,4,2,5527
2337,3,19,2018,1.1,3,2,261519,4,1,6369
2338,6,12,2010,1.7,2,3,50086,2,1,9798
2339,10,28,2006,4.0,2,2,81343,3,2,10273
2340,5,5,2000,3.6,2,2,207815,4,2,5543
2341,5,7,2011,1.9,1,3,128781,3,3,6724
2342,9,8,2003,3.9,2,1,115187,5,1,10096
2343,8,11,2015,3.4,4,2,86477,3,1,10270
2344,4,14,2002,3.2,4,3,202171,4,4,3856
2345,5,9,2013,2.3,2,1,258356,4,2,8632
2346,7,21,2006,2.4,4,2,97313,3,1,6353
2347,10,28,2016,4.5,1,3,45288,2,1,12494
2348,9,8,2018,1.9,1,1,61578,4,4,11668
2349,3,20,2019,1.4,1,3,184971,4,3,7500
2350,10,18,2004,1.2,4,2,205648,5,5,2387
2351,1,3,2002,2.3,4,3,3918,3,2,6921
2352,6,29,2007,1.5,1,1,248323,5,5,4233
2353,5,5,2014,4.4,1,1,200652,4,2,10186
2354,3,13,2023,3.4,3,2,232648,3,2,10747
2355,5,5,2007,1.8,3,1,262030,3,5,5259
2356,5,9,2008,1.0,1,2,254204,3,4,2415
2357,7,21,2016,2.9,3,2,203018,4,5,8739
2358,8,17,2013,2.8,1,1,193602,4,3,8427
2359,4,16,2001,4.2,2,2,120246,3,4,8195
2360,8,17,2012,4.9,3,2,78173,3,3,12036
2361,8,6,2014,3.6,4,2,131763,4,3,9264
2362,2,1,2013,2.0,4,2,287834,3,5,4243
2363,2,2,2013,3.8,1,1,48409,4,1,12331
2364,5,7,2009,3.5,4,1,204765,2,2,7704
2365,8,17,2020,2.3,2,2,124582,5,3,11908
2366,4,16,2017,3.0,4,2,192940,3,5,8341
2367,6,26,2019,4.6,3,3,45408,4,3,14491
2368,10,28,2012,3.1,2,1,87425,5,2,12551
2369,3,20,2022,4.1,2,1,31949,5,1,17661
2370,7,27,2009,1.3,4,1,16154,3,5,9276
2371,2,2,2012,3.4,1,2,275152,2,2,5596
2372,8,6,2021,1.4,3,1,129843,4,5,11703
2373,3,20,2018,2.8,2,2,147851,4,2,11342
2374,1,23,2007,3.8,3,3,92810,3,5,9143
2375,8,17,2022,1.5,1,3,68067,5,5,10838
2376,8,6,2008,2.7,1,1,53507,2,5,9629
2377,10,28,2010,4.5,3,1,16652,5,1,13766
2378,3,19,2005,2.6,1,3,188993,5,3,4420
2379,9,8,2023,2.3,2,1,4398,5,5,16712
2380,5,5,2010,4.3,3,3,132464,3,2,9750
2381,10,22,2019,2.5,2,2,145875,2,3,11382
2382,5,5,2021,3.5,1,3,192966,5,3,10040
2383,10,28,2019,2.5,3,2,180369,4,5,9692
2384,3,20,2002,1.2,3,1,131811,5,2,5763
2385,8,17,2015,5.0,3,3,2683,3,4,14546
2386,7,25,2015,3.7,4,3,264521,5,5,7009
2387,10,28,2019,3.0,2,2,210129,5,4,10597
2388,3,20,2017,1.5,4,2,257638,3,2,5547
2389,8,6,2002,1.2,4,2,211790,4,3,2000
2390,8,17,2009,3.9,2,2,159229,3,2,9515
2391,3,20,2003,1.2,2,2,226960,3,4,3660
2392,10,18,2002,2.9,1,2,286072,4,4,2000
2393,4,15,2000,1.0,1,3,103206,5,2,3035
2394,2,30,2000,2.0,3,3,242282,2,3,2254
2395,4,15,2006,3.3,2,2,242693,5,3,6346
2396,5,5,2011,2.3,1,3,113764,5,2,7424
2397,4,14,2016,2.1,1,1,253096,2,5,7438
2398,5,9,2017,1.4,4,3,95534,4,2,8689
2399,9,10,2002,2.9,1,1,55509,3,2,7989
2400,3,19,2011,3.0,3,3,147140,4,2,8457
2401,10,18,2012,1.3,1,3,93988,4,4,7120
2402,2,2,2011,4.4,3,1,271772,2,4,8864
2403,5,7,2015,2.4,3,2,235714,2,4,7285
2404,3,19,2015,4.9,3,3,124760,5,2,12004
2405,7,25,2001,3.0,1,1,221519,5,4,4469
2406,6,29,2009,3.3,1,3,122701,4,5,7645
2407,4,14,2016,4.0,3,1,135623,2,4,12687
2408,9,8,2020,3.7,3,2,244645,4,4,9907
2409,7,21,2000,1.8,1,2,279537,5,5,2000
2410,3,19,2011,1.0,1,3,225450,2,5,3891
2411,3,19,2006,2.7,4,1,35544,4,4,9389
2412,2,1,2005,4.2,3,1,17264,5,3,11954
2413,3,19,2010,3.2,4,1,27779,5,5,11244
2414,1,4,2013,5.0,2,1,41303,2,1,15673
2415,10,28,2023,3.9,2,2,233808,5,4,12223
2416,10,22,2005,3.9,2,3,296359,5,1,5572
2417,5,5,2000,1.2,2,2,7576,2,4,7148
2418,5,5,2002,2.2,2,1,157490,3,1,7250
2419,6,29,2007,4.2,1,3,172370,4,3,6952
2420,5,7,2022,4.7,1,3,170236,2,4,11995
2421,6,29,2008,1.6,1,1,44985,4,5,8700
2422,4,16,2003,4.7,1,3,60361,2,3,8492
2423,5,5,2000,2.2,3,2,174062,2,5,3818
2424,2,1,2002,3.5,2,2,42531,3,4,9349
2425,3,13,2020,1.6,4,1,46525,5,1,12269
2426,1,3,2016,2.4,4,2,160395,2,3,8092
2427,9,10,2001,3.9,1,1,54484,3,1,8710
2428,10,28,2018,3.4,4,2,152401,3,2,9851
2429,4,15,2023,2.6,3,2,273840,4,1,9123
2430,2,30,2021,2.7,1,3,181615,5,1,9467
2431,3,20,2013,1.1,4,1,70756,4,5,9184
2432,3,13,2013,2.0,1,1,279322,3,5,5913
2433,4,15,2012,1.1,2,3,88523,2,5,9029
2434,9,24,2010,2.8,2,1,129441,3,4,10811
2435,7,27,2013,4.1,1,2,205001,4,1,7999
2436,10,22,2011,3.8,1,1,123345,4,5,10233
2437,1,4,2010,1.8,1,2,284378,4,2,3212
2438,4,15,2016,3.2,1,3,85000,3,1,10400
2439,5,9,2005,1.8,2,1,161998,5,1,7660
2440,3,19,2005,3.7,2,3,230850,3,3,6683
2441,2,1,2022,3.8,4,1,68244,5,5,14635
2442,1,4,2000,3.4,3,1,100297,5,5,7994
2443,6,29,2014,2.1,1,2,200967,3,4,6380
2444,3,19,2000,4.6,1,3,290821,2,4,2883
2445,8,6,2004,3.2,3,1,201279,5,5,6974
2446,8,11,2011,2.3,3,2,186140,3,5,6977
2447,6,12,2012,1.3,2,1,110716,5,1,10285
2448,5,9,2007,1.4,4,2,91339,2,2,5773
2449,10,22,2022,3.3,4,1,233451,3,4,10830
2450,1,4,2008,4.8,1,3,150832,2,2,8283
2451,10,28,2003,1.3,2,3,52894,4,2,7242
2452,1,23,2020,2.7,1,1,179934,3,1,10701
2453,4,14,2001,2.3,1,1,262977,2,1,2940
2454,6,29,2022,3.0,3,1,55945,5,2,15081
2455,1,4,2014,4.5,3,2,167035,4,5,10459
2456,8,17,2020,1.9,3,1,202766,4,4,10444
2457,2,2,2010,4.1,3,2,176973,2,1,8660
2458,3,19,2015,2.1,2,1,247108,2,1,9257
2459,9,8,2014,5.0,3,3,185806,5,3,10583
2460,1,23,2021,2.4,1,2,42569,5,5,11948
2461,6,26,2023,1.6,1,3,242697,3,3,7746
2462,9,10,2014,1.7,2,1,124805,3,3,11003
2463,6,12,2017,1.4,1,2,31301,2,1,9973
2464,7,21,2021,4.8,4,3,277838,2,3,9643
2465,1,3,2022,1.7,1,1,210126,3,5,9697
2466,8,6,2008,4.3,1,1,155522,4,5,9189
2467,10,22,2011,4.5,4,2,95736,5,1,9985
2468,10,28,2002,4.0,4,1,201169,2,2,6176
2469,6,26,2018,4.4,2,3,202720,5,3,11845
2470,3,13,2022,1.3,1,3,32421,4,1,11351
2471,3,13,2003,3.7,1,1,74560,5,3,8708
2472,3,19,2020,1.2,2,1,153614,5,3,11727
2473,3,20,2016,1.7,4,2,249622,2,1,5607
2474,5,7,2009,1.3,2,3,279749,4,2,4505
2475,8,17,2010,2.1,2,2,276357,3,4,5672
2476,6,29,2001,3.1,4,1,39292,4,2,8214
2477,8,6,2010,3.8,1,3,149913,2,3,7901
2478,7,21,2006,3.4,2,1,74188,3,1,11316
2479,1,4,2003,1.2,1,2,11817,4,1,5963
2480,1,3,2021,4.7,4,2,231318,2,5,10473
2481,10,18,2013,2.8,1,3,91312,4,2,8973
2482,8,17,2008,1.4,4,3,62819,4,2,6643
2483,2,1,2012,1.4,2,1,70485,4,2,11190
2484,6,29,2016,2.7,4,2,257462,5,2,6450
2485,8,11,2010,2.5,2,1,95716,2,5,11185
2486,6,12,2014,4.0,1,2,113849,3,5,10023
2487,7,27,2000,2.8,1,2,107891,3,3,4742
2488,1,23,2002,3.4,1,2,3252,2,3,8034
2489,2,1,2006,3.6,3,2,29478,2,1,9910
2490,3,19,2020,4.3,4,3,10842,2,2,14183
2491,6,26,2009,4.2,1,3,247601,4,5,6047
2492,2,1,2009,1.4,2,1,248906,2,3,6721
2493,9,8,2002,4.7,4,2,105943,3,5,7281
2494,1,4,2022,2.8,4,3,173298,5,5,10034
2495,6,12,2004,2.5,2,2,298642,4,2,3827
2496,5,5,2006,3.4,3,2,61327,4,3,9073
2497,2,30,2017,1.8,4,2,163677,3,5,7726
2498,10,22,2018,1.6,4,1,131223,4,1,9975
2499,5,9,2021,2.9,1,3,106349,2,2,11173
2500,2,2,2006,3.2,3,1,107059,3,1,9458
2501,1,4,2008,2.4,1,1,5844,2,4,10283
2502,3,13,2005,4.8,2,3,145771,3,2,9484
2503,2,2,2013,3.6,1,2,217426,4,5,7251
2504,1,3,2007,2.9,1,1,139422,4,1,7811
2505,2,2,2013,2.0,2,3,200202,4,5,7995
2506,3,19,2021,2.5,3,3,209436,2,1,9711
2507,2,1,2012,1.3,2,2,289461,4,4,5210
2508,8,6,2005,3.2,4,3,298890,3,5,2822
2509,3,20,2005,2.3,4,1,151459,2,1,6370
2510,7,21,2009,4.1,2,1,96287,5,4,12474
2511,4,15,2022,2.1,2,2,52526,5,2,13749
2512,9,10,2006,2.9,1,2,173496,2,2,5330
2513,2,1,2017,2.4,4,2,111282,3,2,9374
2514,6,29,2002,1.7,2,2,230187,3,5,3796
2515,2,1,2023,2.0,2,3,62847,5,1,13743
2516,1,3,2012,1.7,2,3,124324,3,5,8913
2517,10,22,2010,4.3,2,2,169988,2,3,10000
2518,5,5,2009,1.4,1,2,103573,3,5,6128
2519,10,22,2014,3.4,1,1,206819,5,4,9063
2520,3,19,2000,1.5,1,2,208943,4,4,2000
2521,6,26,2020,1.9,4,3,30074,5,2,11398
2522,9,10,2017,2.5,4,1,3381,5,3,13132
2523,10,18,2008,2.0,4,2,220044,2,3,4099
2524,7,27,2009,2.9,4,1,223777,4,3,6724
2525,1,23,2006,1.2,3,2,127033,2,1,5559
2526,7,27,2015,2.9,2,2,31540,2,4,12869
2527,10,18,2021,4.9,3,1,74795,4,3,16304
2528,2,1,2003,4.2,2,2,272876,4,5,5742
2529,8,6,2021,1.5,2,1,270383,5,2,9992
2530,4,15,2008,2.6,2,1,44794,2,5,11704
2531,9,24,2017,3.9,3,3,157946,5,5,10941
2532,2,30,2001,4.7,2,2,154159,3,2,8016
2533,5,7,2006,3.1,1,3,194340,3,1,5113
2534,9,10,2008,1.5,1,2,29852,4,5,7402
2535,6,26,2008,2.6,1,1,161537,2,4,7369
2536,1,23,2015,1.4,2,3,243771,5,3,7124
2537,2,1,2014,2.7,2,1,69430,3,5,13111
2538,9,8,2004,3.6,4,2,64005,2,4,7619
2539,1,4,2016,4.0,3,1,95719,2,1,13485
2540,7,21,2017,4.0,2,2,247267,4,5,10254
2541,1,4,2007,2.8,2,2,14764,5,4,10704
2542,3,20,2000,2.8,4,2,261003,4,1,2000
2543,3,20,2003,2.1,2,1,150597,3,4,7588
2544,9,10,2005,2.5,2,1,62423,4,3,10351
2545,2,30,2011,1.1,2,2,29405,3,5,9911
2546,4,14,2015,4.0,2,2,13533,5,4,14329
2547,7,27,2007,1.9,2,3,203974,2,5,6020
2548,1,3,2022,4.4,2,1,275626,2,1,13087
2549,1,4,2016,3.6,1,1,279916,3,3,8401
2550,7,21,2018,4.0,4,3,85467,2,4,11790
2551,10,28,2014,1.4,3,3,123101,2,5,8237
2552,2,2,2023,2.2,1,1,225321,5,1,10193
2553,2,30,2021,1.8,2,1,221393,3,1,11272
2554,4,14,2004,1.1,3,1,105901,4,2,6781
2555,9,10,2004,1.3,3,3,144910,5,2,4701
2556,7,21,2002,4.7,3,2,57129,3,1,9257
2557,5,7,2007,2.4,4,1,63346,5,2,8833
2558,4,15,2005,2.4,1,3,45740,5,2,7085
2559,7,25,2012,1.8,4,3,32063,3,4,8858
2560,9,8,2005,1.7,3,2,200007,4,5,4299
2561,6,29,2011,4.4,1,2,122108,5,3,9357
2562,9,24,2003,4.2,4,2,234654,3,5,4506
2563,6,26,2021,2.8,3,3,99088,2,1,12218
2564,2,1,2000,2.3,3,3,222441,2,3,2951
2565,3,19,2015,4.2,1,1,45451,2,4,13390
2566,9,10,2016,3.8,4,2,246841,2,2,7763
2567,5,7,2007,4.0,4,1,296917,4,5,5761
2568,3,13,2006,3.3,3,3,143776,2,2,7324
2569,3,19,2016,4.5,4,3,112950,3,5,11141
2570,9,24,2011,4.7,2,2,35398,5,5,13392
2571,6,26,2001,3.3,3,2,24321,4,4,8213
2572,3,20,2017,2.0,1,3,107525,5,5,9049
2573,9,24,2010,1.6,2,1,24051,5,1,11718
2574,7,27,2007,2.7,4,1,270043,4,3,4999
2575,2,2,2015,2.6,4,1,154031,4,1,9619
2576,7,27,2007,4.0,2,1,28099,4,4,13138
2577,7,25,2000,1.9,4,1,217166,4,5,3156
2578,10,28,2021,2.5,4,2,216994,3,3,8560
2579,1,3,2007,2.7,4,2,246486,3,4,3970
2580,1,23,2008,1.5,4,1,152898,4,2,6442
2581,8,6,2023,3.1,3,3,51711,4,5,14065
2582,2,1,2012,4.8,4,3,8891,5,3,12322
2583,6,29,2009,3.7,3,3,224217,2,1,7015
2584,9,8,2015,1.4,4,1,9400,3,5,11312
2585,10,22,2010,2.6,2,1,52378,3,1,12152
2586,5,7,2022,3.0,4,2,165456,5,4,10390
2587,3,20,2023,2.9,3,3,239768,3,4,10104
2588,7,27,2008,3.9,2,3,137257,4,4,9654
2589,4,14,2020,1.5,1,3,235169,2,1,6896
2590,1,4,2003,4.8,2,1,4324,5,2,13213
2591,2,1,2002,2.3,4,3,35718,2,1,6285
2592,7,25,2004,4.1,1,1,273351,2,2,5432
2593,6,26,2017,3.0,1,2,169333,2,3,8813
2594,4,16,2000,1.4,3,1,127902,3,2,5441
2595,10,18,2022,2.2,2,3,13951,5,1,14620
2596,7,21,2020,2.5,2,2,62813,4,4,13343
2597,7,21,2001,1.2,2,3,122361,3,4,5152
2598,9,10,2004,1.0,1,1,274984,4,4,2300
2599,3,13,2005,3.3,2,2,293774,3,2,5024
2600,4,14,2014,3.2,3,2,131027,5,1,9879
2601,2,1,2011,2.8,2,1,140109,3,4,10897
2602,7,25,2008,2.5,1,2,265803,4,3,3683
2603,7,25,2020,2.2,3,3,148075,5,2,10338
2604,4,16,2018,3.9,4,2,215744,5,3,9085
2605,9,24,2008,3.8,2,2,293122,3,4,6437
2606,9,24,2003,3.4,4,3,3533,3,2,8329
2607,7,25,2004,4.2,4,1,48634,4,4,10027
2608,10,28,2009,1.2,3,3,123996,3,1,6520
2609,8,6,2011,2.4,4,2,60114,3,1,8597
2610,3,13,2016,1.7,4,1,79718,3,4,10505
2611,4,16,2018,2.2,2,3,217000,3,4,9360
2612,6,12,2023,2.7,4,3,156170,2,2,10576
2613,5,9,2012,1.5,2,1,241016,2,5,7879
2614,8,6,2013,1.3,1,1,296027,2,5,4879
2615,7,21,2014,2.9,2,1,19288,3,2,14314
2616,4,16,2015,2.7,4,3,50686,4,3,10286
2617,10,28,2012,4.1,2,2,133687,5,3,11126
2618,8,17,2004,4.9,1,3,47611,5,4,9247
2619,3,20,2015,2.1,3,2,217276,5,3,7354
2620,3,19,2011,2.8,2,2,232046,3,2,7559
2621,6,29,2022,1.6,4,2,207317,5,5,8153
2622,9,10,2008,4.5,2,3,264110,4,1,7717
2623,4,14,2017,4.8,3,3,259436,5,2,9811
2624,5,5,2009,4.6,3,2,289840,4,4,6603
2625,7,21,2009,1.4,3,1,72678,3,2,9246
2626,3,19,2011,3.7,1,2,122465,2,5,8650
2627,1,23,2021,2.0,1,1,175090,2,3,10398
2628,7,21,2013,4.9,4,1,155541,2,1,11289
2629,2,2,2011,4.0,4,3,145370,5,4,8492
2630,8,6,2000,1.1,2,1,220988,2,3,4280
2631,4,14,2013,2.8,3,2,140316,4,5,8993
2632,7,25,2004,3.6,2,1,249866,3,5,7402
2633,1,23,2016,3.0,4,2,40193,3,1,11096
2634,6,12,2006,1.5,3,2,265157,3,2,3096
2635,3,13,2023,4.2,1,1,91363,4,4,14872
2636,9,10,2018,2.6,3,1,255077,5,5,9498
2637,7,21,2021,3.3,2,3,291237,5,2,9875
2638,9,10,2006,2.5,1,3,78706,2,3,6825
2639,8,6,2010,3.5,4,3,67470,2,1,9250
2640,1,3,2009,1.0,2,1,8196,4,5,11136
2641,3,19,2011,1.9,2,2,32813,3,1,10643
2642,9,10,2000,3.4,3,2,128068,2,2,5938
2643,10,28,2022,4.4,1,2,9320,3,1,14913
2644,7,27,2017,2.5,1,3,34193,3,1,11016
2645,9,10,2020,1.4,2,1,139088,2,5,12218
2646,7,21,2001,4.9,4,2,110844,3,1,7083
2647,7,27,2015,3.8,4,2,210696,5,5,8186
2648,7,27,2010,2.9,1,3,13906,5,1,9721
2649,5,7,2005,4.5,2,1,228423,3,2,9031
2650,10,22,2008,1.0,4,3,260882,3,3,2282
2651,3,20,2016,2.5,2,1,47183,2,5,13956
2652,1,23,2013,3.6,2,2,209772,3,2,9404
2653,4,15,2004,4.7,2,2,60828,3,1,10783
2654,6,29,2022,1.8,3,2,40030,5,1,12699
2655,9,24,2010,3.7,1,2,149055,2,3,7818
2656,1,23,2014,2.5,4,1,110792,3,4,10084
2657,4,15,2009,4.8,1,3,241980,4,1,6760
2658,7,27,2019,3.3,2,2,130376,2,2,12492
2659,7,21,2018,2.8,1,1,109738,3,5,11605
2660,3,19,2005,1.2,3,1,23847,2,5,8823
2661,6,26,2018,4.1,2,3,292571,5,3,9748
2662,4,16,2016,5.0,2,1,253812,4,4,12323
2663,7,25,2007,4.5,4,1,266174,3,4,6876
2664,1,23,2016,3.8,3,2,69756,3,4,12304
2665,8,17,2001,1.9,1,1,83696,5,4,6126
2666,7,25,2011,2.5,2,1,298476,4,4,7430
2667,8,17,2019,2.6,2,3,21179,4,4,13976
2668,3,20,2006,3.7,1,3,209680,3,5,5406
2669,4,15,2002,4.6,3,2,103548,5,4,8229
2670,7,25,2019,2.1,2,2,108750,4,4,11725
2671,4,14,2013,4.1,2,3,24882,2,5,13602
2672,1,23,2002,2.7,1,2,138030,4,4,4639
2673,4,14,2019,2.9,3,3,246123,2,1,8777
2674,5,7,2013,1.7,4,3,226767,4,1,5164
2675,7,25,2014,4.5,1,1,207887,5,3,10142
2676,3,19,2007,2.5,2,2,241571,2,5,5868
2677,4,15,2003,2.6,3,1,87872,5,5,8342
2678,6,26,2005,1.6,3,2,169966,5,5,4800
2679,2,30,2000,2.0,1,2,158419,3,5,2931
2680,2,2,2005,2.9,4,2,269554,3,2,3108
2681,1,4,2011,4.3,3,1,67882,2,3,12842
2682,6,29,2014,4.0,1,2,30004,3,1,11699
2683,8,11,2005,1.2,1,1,191537,5,3,4469
2684,6,12,2009,1.1,3,2,11510,2,1,8669
2685,7,21,2004,1.9,3,1,78774,4,3,8124
2686,4,16,2014,1.6,1,3,170677,2,3,6486
2687,10,18,2019,1.9,2,3,247738,4,1,8745
2688,9,8,2017,1.4,1,2,14575,3,2,10308
2689,6,26,2007,3.1,4,3,187954,5,4,5540
2690,6,26,2014,3.2,2,2,270876,2,1,8082
2691,10,22,2021,5.0,4,2,183606,4,1,11727
2692,8,11,2002,3.1,3,2,146775,2,4,5864
2693,3,20,2003,3.8,2,3,271544,3,3,5369
2694,5,9,2018,2.0,3,2,224940,5,1,8001
2695,1,23,2016,1.6,2,1,174255,2,1,10514
2696,9,8,2022,4.8,2,1,213016,5,1,14739
2697,2,2,2017,2.0,2,1,279542,2,5,9109
2698,8,6,2020,1.9,2,3,289391,3,5,8212
2699,3,13,2007,2.1,1,2,98341,2,3,6333
2700,3,20,2015,2.1,2,2,295917,4,1,6781
2701,4,14,2023,3.2,3,1,239837,4,5,11903
2702,1,4,2003,1.5,1,2,167768,5,2,3144
2703,10,22,2022,3.5,1,1,185444,2,5,11991
2704,9,8,2017,4.3,4,2,71564,2,4,12068
2705,6,12,2009,1.4,2,2,55857,3,4,9082
2706,9,8,2003,2.9,4,2,235296,4,2,3194
2707,8,17,2013,4.4,4,3,144737,4,2,9505
2708,1,3,2012,4.9,4,1,270529,3,2,8689
2709,6,26,2023,3.2,4,3,274305,3,4,8713
2710,4,14,2021,1.8,2,1,261022,3,1,10479
2711,5,5,2018,1.6,3,1,16937,3,3,13261
2712,4,15,2006,2.9,4,1,86497,2,5,8570
2713,3,20,2023,2.8,2,2,186725,3,2,12065
2714,1,4,2007,3.6,4,3,174326,5,3,6313
2715,5,5,2004,3.4,1,2,187570,2,5,4948
2716,8,11,2017,1.8,2,2,238729,4,1,8225
2717,1,23,2014,2.5,1,2,222808,4,1,6343
2718,4,15,2020,4.2,4,2,187494,3,4,10550
2719,7,27,2016,4.1,3,3,295251,4,3,8094
2720,2,2,2021,4.1,1,3,68393,4,4,13132
2721,8,11,2016,1.6,3,1,263320,3,5,7733
2722,1,3,2012,4.7,4,1,192319,2,2,10053
2723,7,25,2007,2.1,3,3,94648,5,2,7407
2724,3,13,2013,3.7,3,3,3133,5,2,12637
2725,8,11,2005,3.9,3,3,83042,4,2,8839
2726,10,28,2022,2.6,4,2,130508,2,4,10689
2727,8,17,2000,2.0,4,3,289423,2,2,2000
2728,8,17,2002,2.3,2,2,276693,2,3,3466
2729,8,17,2014,2.9,1,2,3243,2,2,11135
2730,3,20,2015,2.8,2,1,92699,4,1,13046
2731,1,3,2015,2.8,4,1,246588,3,2,7968
2732,7,25,2010,3.0,3,1,43974,4,5,11720
2733,1,3,2020,4.5,1,3,165484,2,5,11290
2734,5,5,2007,1.2,4,3,245094,2,5,2498
2735,4,16,2014,2.2,4,3,88831,3,1,8723
2736,8,11,2014,2.8,3,1,262760,5,2,8344
2737,8,17,2001,2.6,3,1,123342,5,2,7033
2738,10,22,2008,3.1,4,2,261959,4,2,4360
2739,1,23,2023,4.1,4,3,273313,4,3,9633
2740,8,17,2017,2.8,4,2,233511,3,4,7329
2741,6,26,2004,2.8,1,3,80740,4,4,6485
2742,3,20,2005,4.7,3,3,80337,2,4,9693
2743,8,6,2011,3.1,2,2,90362,2,3,10692
2744,3,19,2012,3.4,3,1,282395,3,2,7952
2745,7,25,2011,1.1,4,1,195258,4,2,6094
2746,8,11,2004,2.2,2,1,172373,3,5,7552
2747,9,8,2016,2.6,4,3,246185,3,5,6576
2748,5,9,2003,3.7,3,2,78952,2,4,8120
2749,8,17,2017,4.5,3,1,172313,5,2,12753
2750,3,19,2013,2.7,3,1,34649,4,2,12507
2751,9,8,2004,4.8,4,3,139871,2,4,7302
2752,3,19,2021,2.9,1,2,272066,4,3,7858
2753,9,8,2014,4.6,1,2,53192,3,4,11836
2754,5,9,2004,3.5,4,1,223180,5,4,5836
2755,6,26,2016,2.4,2,3,156430,2,2,10171
2756,6,29,2006,1.2,1,1,55653,5,3,7486
2757,6,12,2005,2.0,1,1,23686,2,4,8626
2758,2,1,2002,1.4,4,2,122799,2,1,3644
2759,10,28,2008,3.8,1,3,40095,4,4,9498
2760,3,13,2010,4.0,3,1,129931,4,5,11001
2761,9,10,2012,2.1,1,3,155049,5,3,6699
2762,5,5,2021,2.7,1,1,134924,5,5,11901
2763,4,15,2018,1.3,4,1,48622,3,1,11327
2764,10,18,2014,1.1,3,1,132424,5,3,9251
2765,10,28,2006,4.6,1,3,97345,4,4,8553
2766,6,26,2019,2.9,2,2,125586,3,2,12188
2767,2,30,2005,4.7,3,2,45664,2,5,10386
2768,1,3,2021,3.5,3,1,259125,2,3,11217
2769,4,16,2002,4.7,1,1,121836,4,4,8463
2770,5,5,2001,5.0,4,3,130885,5,5,6782
2771,8,11,2021,4.3,1,1,199460,2,3,12210
2772,9,24,2013,4.7,1,3,194077,2,2,8818
2773,1,3,2022,1.1,3,3,100576,3,4,10788
2774,5,5,2001,4.6,4,3,60030,4,4,7799
2775,2,2,2011,2.2,3,3,1204,4,1,10575
2776,2,2,2018,1.6,3,1,117550,2,2,11249
2777,3,13,2005,2.6,3,2,108983,4,4,7020
2778,6,29,2000,3.7,3,1,127711,4,5,7745
2779,4,15,2011,2.2,1,2,212191,4,3,5356
2780,6,26,2001,2.2,4,1,224898,2,3,3602
2781,2,30,2014,1.9,4,1,123083,4,4,9238
2782,1,23,2022,3.0,2,1,177872,5,3,13642
2783,7,27,2017,1.9,4,1,295322,5,3,6693
2784,2,30,2012,2.1,1,3,210734,5,2,5585
2785,9,8,2014,2.5,3,3,194179,3,3,7916
2786,2,2,2018,4.9,1,2,23752,4,2,13924
2787,5,5,2018,3.2,2,2,239683,5,3,9906
2788,2,30,2014,2.3,3,2,3593,4,4,11528
2789,10,22,2002,1.4,1,1,41749,3,1,6765
2790,10,28,2002,2.2,3,2,215636,4,5,3587
2791,9,24,2007,2.3,2,1,276638,3,4,6467
2792,3,19,2000,3.5,2,2,83835,2,5,7923
2793,2,2,2001,1.6,1,2,129239,5,2,3415
2794,3,19,2014,1.8,2,3,108808,5,3,9923
2795,10,22,2000,1.8,2,1,260652,4,1,4186
2796,1,4,2018,1.1,2,3,297999,4,5,6640
2797,9,8,2006,3.2,3,1,260053,2,2,6398
2798,3,20,2019,2.4,4,1,219203,4,4,9315
2799,1,23,2001,4.5,2,3,147300,2,4,7954
2800,2,2,2007,1.9,2,3,8147,3,1,9937
2801,10,28,2002,1.5,3,1,199749,5,2,4705
2802,3,13,2013,2.7,3,3,53830,5,5,10623
2803,10,28,2017,4.0,3,2,231470,4,2,9570
2804,10,22,2010,2.9,2,2,135920,3,2,9281
2805,9,8,2000,4.4,3,2,57645,3,3,8347
2806,3,13,2019,4.6,1,3,113334,4,3,12133
2807,9,10,2003,2.7,1,2,297911,3,2,2000
2808,9,8,2011,1.9,4,3,4408,5,4,9211
2809,6,12,2023,3.4,3,2,61514,2,2,14169
2810,5,5,2020,2.9,4,1,265957,4,3,9180
2811,3,13,2009,4.9,4,2,187571,4,1,7948
2812,7,21,2023,3.9,1,3,99441,4,1,12911
2813,2,2,2011,2.5,1,2,241741,2,2,5065
2814,3,19,2008,4.0,4,2,288161,4,1,4736
2815,5,7,2000,2.7,3,3,121855,3,4,5362
2816,8,17,2010,1.8,4,1,223845,2,3,5923
2817,7,21,2005,4.9,1,2,256501,3,4,5369
2818,10,28,2001,3.0,1,1,267839,4,3,3543
2819,5,5,2010,2.7,2,2,170924,4,1,8381
2820,9,24,2003,1.3,2,3,106652,5,2,6166
2821,2,1,2002,1.1,3,2,192750,4,1,2945
2822,5,5,2011,4.7,2,1,176460,4,4,12070
2823,5,9,2010,4.0,3,2,57669,3,2,10946
2824,5,5,2008,1.1,2,3,292057,5,3,3758
2825,5,7,2013,3.2,1,2,59388,3,2,10012
2826,6,29,2017,4.5,4,1,267485,3,1,9850
2827,1,3,2015,3.5,3,1,127954,4,1,12040
2828,10,28,2007,1.2,1,3,146587,2,1,4468
2829,3,13,2019,4.1,3,3,9200,3,2,14716
2830,5,9,2002,2.1,2,1,245787,2,5,5384
2831,6,12,2007,4.7,2,2,186809,5,1,9163
2832,8,17,2001,3.6,3,3,35821,4,3,8283
2833,9,10,2013,1.5,2,3,121751,5,2,9064
2834,6,12,2013,2.0,1,3,88275,2,4,8234
2835,1,23,2008,2.8,1,1,227755,5,3,6244
2836,10,28,2011,4.4,3,1,175408,3,4,10791
2837,6,29,2021,4.6,3,2,157634,2,4,12847
2838,4,15,2019,4.9,2,1,250207,4,5,13195
2839,6,29,2006,3.6,4,3,263199,4,4,4236
2840,5,5,2009,2.6,3,1,59651,5,4,10706
2841,1,4,2005,4.1,3,2,101857,4,3,8662
2842,1,4,2010,2.2,1,3,7796,5,1,9144
2843,8,17,2013,3.5,3,2,142779,2,1,9644
2844,9,8,2019,3.5,3,2,160589,2,5,11088
2845,7,21,2013,4.0,1,2,34829,3,5,11303
2846,5,7,2015,1.4,2,1,238290,3,3,8734
2847,7,25,2012,3.3,3,1,253002,3,3,8439
2848,10,28,2013,4.2,4,1,79579,5,3,12108
2849,10,28,2006,1.7,2,2,217119,3,4,5257
2850,3,20,2013,1.9,2,1,36708,2,2,12665
2851,2,2,2000,5.0,4,1,260128,2,3,5397
2852,1,23,2005,2.2,4,1,48268,4,1,8334
2853,7,21,2021,2.2,3,1,205621,5,1,10987
2854,2,2,2000,4.9,4,3,277530,4,1,3449
2855,9,10,2015,3.4,3,1,292522,3,1,8649
2856,1,23,2023,2.7,3,2,214838,4,5,10403
2857,8,6,2008,5.0,3,1,163749,3,3,10725
2858,4,15,2002,1.2,4,3,2113,3,1,5857
2859,10,28,2011,3.9,4,2,230860,2,5,6682
2860,4,15,2017,2.8,1,3,133732,3,3,9325
2861,3,20,2005,2.8,4,2,240044,3,2,3599
2862,7,21,2020,1.6,4,3,135693,5,3,8986
2863,9,8,2007,3.4,2,3,257837,5,5,6443
2864,6,29,2018,4.9,1,3,115393,5,5,12092
2865,2,1,2022,2.2,3,2,148932,2,1,10921
2866,5,9,2000,4.0,4,2,67746,2,2,6745
2867,1,3,2022,1.6,2,3,70988,2,4,12880
2868,3,20,2023,4.3,1,2,48721,2,5,14325
2869,7,27,2004,1.8,4,3,239182,4,5,2316
2870,8,6,2017,2.9,3,2,269013,4,1,7719
2871,1,23,2000,2.0,4,3,64819,4,2,4803
2872,10,18,2013,2.7,4,1,272614,4,5,6747
2873,10,18,2005,1.3,1,3,290532,4,3,2000
2874,9,24,2011,2.8,3,1,223865,5,5,8222
2875,4,16,2017,3.9,4,2,246848,3,4,8163
2876,10,18,2008,3.1,1,2,108467,5,1,7430
2877,10,18,2003,2.1,3,3,103278,3,3,6034
2878,2,1,2015,3.3,3,3,125268,2,1,10394
2879,2,2,2014,2.1,1,3,183149,3,2,6737
2880,4,14,2015,4.7,1,3,202322,5,5,9253
2881,10,18,2017,3.7,1,2,58102,3,3,11737
2882,6,12,2022,1.5,2,3,41173,2,2,13376
2883,10,18,2022,1.8,4,3,278342,5,1,6933
2884,4,14,2009,2.1,3,2,200018,2,3,5899
2885,7,27,2000,3.3,2,3,196915,3,5,5461
2886,2,1,2012,4.4,4,1,552,4,1,13588
2887,4,15,2008,2.9,1,1,89645,2,4,9107
2888,7,27,2004,4.3,3,2,5954,2,3,10480
2889,9,24,2016,1.6,1,3,41061,5,1,9678
2890,4,14,2021,2.0,3,2,153706,5,1,10325
2891,5,7,2003,2.3,4,3,293688,5,5,2000
2892,10,28,2011,4.0,2,3,291373,4,5,7572
2893,5,9,2009,1.0,4,2,285502,4,4,2089
2894,4,16,2000,4.0,2,3,210630,3,3,5887
2895,10,22,2012,4.3,3,1,147407,3,2,11551
2896,3,19,2009,4.6,1,3,58162,3,5,10236
2897,7,21,2000,1.9,1,1,51334,3,2,6473
2898,9,24,2013,1.7,2,3,59577,3,1,10508
2899,9,8,2001,3.1,2,2,279309,4,1,3913
2900,10,22,2009,3.6,4,3,100942,4,1,8381
2901,8,6,2002,4.5,1,1,24369,5,1,10212
2902,7,25,2004,2.0,1,1,116081,3,2,6478
2903,1,23,2007,4.5,1,3,56348,5,5,9573
2904,9,8,2011,3.9,1,3,264755,4,5,6004
2905,2,1,2022,3.5,3,1,254869,2,2,11602
2906,5,5,2003,4.9,1,3,60570,5,4,8688
2907,6,12,2017,2.3,3,3,3009,3,4,12439
2908,2,30,2006,1.8,1,3,48144,4,5,6737
2909,4,16,2002,2.5,2,2,50314,4,4,8193
2910,8,17,2002,2.2,1,1,5020,4,5,8299
2911,1,4,2002,4.4,1,1,81512,3,3,8969
2912,6,29,2013,4.7,1,3,254167,4,4,7616
2913,2,1,2020,3.5,1,3,232400,4,1,8952
2914,10,28,2023,2.0,4,1,128626,5,1,11927
2915,6,12,2010,4.9,1,3,133554,4,3,9328
2916,3,20,2015,2.8,4,3,225481,2,3,6890
2917,8,17,2022,5.0,4,1,211047,4,2,12979
2918,7,25,2006,2.0,2,3,49359,4,4,8912
2919,8,17,2000,2.1,3,3,26663,2,1,6666
2920,4,15,2018,4.9,2,2,183575,4,2,12728
2921,5,9,2006,2.2,4,3,297485,4,3,2150
2922,9,8,2002,4.4,4,3,265879,3,5,3782
2923,8,17,2017,1.9,2,3,5233,2,5,12995
2924,1,23,2009,4.0,2,2,265479,4,5,7490
2925,9,10,2005,2.8,2,2,138032,3,4,7639
2926,3,20,2023,2.0,3,2,160084,2,4,10798
2927,9,10,2008,3.1,3,1,34423,3,3,11411
2928,8,17,2000,2.7,2,3,116677,2,2,6466
2929,10,18,2014,1.1,4,3,113145,3,5,7137
2930,10,22,2002,1.7,2,3,264575,4,1,3108
2931,2,2,2003,3.6,4,1,240657,2,2,5286
2932,10,28,2006,2.4,4,1,154960,3,1,6700
2933,6,12,2017,2.4,3,1,140689,4,5,11286
2934,4,14,2005,4.0,3,3,228725,4,2,6025
2935,3,20,2020,2.0,1,1,183441,4,3,9931
2936,8,11,2003,2.3,3,1,117694,3,3,7446
2937,8,17,2003,1.9,1,3,138278,5,2,4134
2938,9,24,2008,4.5,1,1,203634,3,2,8427
2939,8,6,2007,1.7,4,3,255059,5,2,2798
2940,6,26,2014,1.9,4,3,253678,5,2,5126
2941,3,13,2021,4.3,3,1,189655,5,2,13406
2942,9,24,2020,4.0,3,1,224676,2,4,12106
2943,2,30,2018,3.3,1,3,151881,2,2,9762
2944,9,10,2008,2.0,3,2,210592,5,4,5288
2945,4,16,2007,1.6,4,3,244812,3,4,2903
2946,2,2,2011,2.9,2,1,270773,5,5,8384
2947,2,1,2016,3.8,4,2,196371,4,4,8772
2948,6,12,2004,3.4,3,1,90326,4,3,9393
2949,10,28,2004,2.0,3,2,47929,2,1,7341
2950,1,4,2010,1.7,1,2,260904,5,3,3581
2951,4,15,2011,2.3,2,1,254220,3,2,8115
2952,5,7,2014,2.5,4,3,47829,2,3,9843
2953,4,14,2009,1.5,4,2,4339,5,4,8213
2954,7,27,2022,3.4,1,1,68508,2,2,14229
2955,4,16,2006,2.8,2,1,282433,2,4,6551
2956,9,10,2018,1.1,2,2,156396,3,2,9472
2957,8,11,2011,1.5,3,3,173761,3,5,6424
2958,6,12,2020,1.8,3,2,7887,2,2,12742
2959,4,16,2010,1.5,3,3,86892,2,5,7862
2960,10,22,2017,1.8,1,2,37685,2,1,10246
2961,1,3,2003,4.2,3,3,188952,5,3,6420
2962,7,27,2015,3.1,1,1,256058,3,3,8078
2963,7,21,2008,4.5,4,2,246080,5,1,6078
2964,3,13,2001,1.7,2,1,103088,4,4,7538
2965,4,14,2022,1.3,4,3,102092,3,4,9958
2966,5,9,2001,3.9,4,2,85459,5,2,6590
2967,1,4,2020,4.0,2,1,85954,5,1,15880
2968,8,17,2005,4.5,4,1,89422,2,1,9811
2969,9,8,2007,1.6,1,2,67080,3,2,6458
2970,8,17,2007,3.4,1,1,275042,5,4,5599
2971,10,28,2004,4.9,3,2,220473,2,1,6790
2972,4,15,2005,1.8,2,2,13353,5,4,9132
2973,2,1,2007,4.9,3,2,40316,2,5,11293
2974,1,4,2015,4.9,4,2,213995,5,5,9220
2975,1,4,2002,2.1,2,2,249454,2,4,3810
2976,5,5,2017,1.3,2,3,179848,3,3,8903
2977,7,25,2019,4.9,3,2,42389,4,2,14852
2978,5,7,2003,2.9,4,1,63886,3,1,8122
2979,3,20,2013,2.1,4,2,100047,2,4,8099
2980,8,11,2009,3.7,4,3,24132,3,1,10017
2981,2,2,2019,4.3,2,2,187276,2,5,12354
2982,3,19,2020,4.9,1,2,100441,2,4,12991
2983,10,28,2015,1.9,3,2,163910,5,5,8221
2984,10,28,2021,4.1,1,1,37195,4,5,15256
2985,1,3,2014,2.7,3,1,143682,5,2,10626
2986,6,12,2010,3.3,2,1,292576,3,2,8048
2987,10,28,2020,2.2,1,1,34617,4,5,13107
2988,9,10,2018,2.6,3,1,17983,3,3,14240
2989,2,2,2019,4.8,3,1,165434,4,5,13791
2990,7,27,2008,4.8,3,3,72579,4,2,10848
2991,4,16,2017,3.6,2,3,154486,3,3,11710
2992,3,20,2012,1.8,2,2,213510,2,1,7229
2993,4,16,2011,3.5,1,2,191624,4,5,7067
2994,3,13,2022,3.1,3,3,233710,4,4,10125
2995,9,10,2004,3.5,4,2,213763,4,3,4524
2996,2,1,2012,3.2,4,2,106364,3,4,8772
2997,7,21,2016,1.8,4,2,84202,3,1,9015
2998,7,27,2012,1.3,4,3,75977,3,5,7480
2999,4,16,2023,4.1,2,1,230235,5,3,13995
3000,8,6,2015,2.9,2,2,203225,3,2,9435
3001,1,4,2002,1.9,1,2,207014,3,5,2459
3002,2,30,2023,2.2,1,2,280936,4,2,7581
3003,3,19,2021,2.9,4,2,28402,4,3,12731
3004,4,15,2014,1.6,4,2,238558,5,3,5128
3005,3,13,2007,1.9,2,2,203009,3,3,6039
3006,7,21,2017,1.0,2,2,217816,4,5,7843
3007,6,12,2008,1.3,2,2,56405,5,3,8671
3008,9,24,2000,2.4,1,2,157208,4,2,3355
3009,1,3,2001,3.2,1,3,159856,4,3,4402
3010,4,14,2016,4.6,1,1,59450,2,5,13811
3011,2,2,2013,1.3,2,1,34820,3,4,12103
3012,10,18,2016,1.0,2,3,211578,3,2,7668
3013,7,21,2013,4.5,4,3,150515,2,2,9489
3014,5,5,2006,1.9,4,3,112805,2,3,5543
3015,6,26,2004,2.9,3,3,250475,3,1,4190
3016,6,26,2009,2.5,2,2,148855,5,2,8322
3017,3,19,2009,2.4,4,2,18036,4,2,8839
3018,1,4,2020,3.5,3,3,132329,2,2,11953
3019,9,10,2018,3.0,1,2,228362,5,2,7932
3020,9,24,2014,2.4,3,1,131822,2,1,10563
3021,1,4,2023,2.6,1,1,62285,2,5,13854
3022,4,16,2008,2.0,2,1,202191,5,1,7956
3023,2,1,2015,3.7,3,3,94816,5,2,11403
3024,8,11,2019,3.7,1,1,143171,4,2,12136
3025,10,22,2007,4.4,2,3,5568,2,3,12488
3026,6,26,2016,4.8,3,2,1064,2,1,14678
3027,5,9,2013,1.7,2,3,83367,3,4,10032
3028,6,12,2005,4.3,2,3,130852,4,4,9282
3029,5,7,2019,2.5,2,1,262723,4,5,10545
3030,1,23,2009,4.7,1,2,239901,2,2,6701
3031,10,18,2008,2.8,4,3,19835,5,1,8903
3032,3,19,2015,1.3,1,1,282191,2,4,5756
3033,6,26,2008,2.0,2,3,61418,2,1,9271
3034,6,26,2007,1.4,1,3,40965,3,1,6780
3035,5,7,2001,2.8,3,1,282319,2,2,4053
3036,2,1,2016,4.8,3,1,93677,3,3,14326
3037,5,9,2018,1.9,1,1,182852,2,4,9242
3038,9,8,2022,4.0,4,1,66018,4,5,14879
3039,1,3,2013,4.6,3,3,264204,3,2,8315
3040,2,2,2011,2.9,1,3,267798,5,4,4944
3041,10,28,2014,4.4,3,3,200804,3,2,9683
3042,7,21,2002,4.5,1,2,261006,3,5,3979
3043,10,28,2022,2.1,1,3,1906,4,5,12761
3044,4,15,2000,2.2,1,2,151812,4,3,3263
3045,8,6,2011,3.5,1,2,133153,4,4,8236
3046,6,26,2010,2.5,2,1,55812,3,5,11983
3047,10,28,2002,3.0,1,3,175153,5,5,4196
3048,4,15,2002,2.1,4,3,256425,3,5,2000
3049,3,13,2020,3.4,4,3,151481,4,3,10470
3050,4,14,2014,3.8,1,3,164325,3,4,8813
3051,1,4,2004,3.1,4,2,184871,5,1,4702
3052,8,6,2012,1.7,4,2,46963,5,2,8460
3053,3,13,2023,4.8,4,3,144096,4,4,12918
3054,1,23,2000,4.8,1,1,189164,4,2,6616
3055,4,15,2010,4.8,2,3,233196,2,1,9236
3056,8,17,2022,4.5,1,1,19165,2,5,16316
3057,8,11,2017,1.7,1,2,231532,5,4,6269
3058,3,13,2010,4.4,1,1,152466,2,1,9950
3059,7,25,2003,2.2,2,3,180863,5,3,5582
3060,2,30,2013,4.0,1,1,151734,2,3,10465
3061,7,25,2011,1.7,1,3,64106,3,2,7817
3062,10,28,2011,2.4,2,2,229655,3,1,7206
3063,10,28,2015,3.2,4,3,204013,4,5,7719
3064,10,28,2009,1.0,1,1,208583,4,1,5128
3065,5,9,2002,4.7,2,3,61535,3,4,10169
3066,8,17,2011,3.2,3,3,176930,5,2,8061
3067,1,3,2019,2.6,4,3,49817,5,2,11403
3068,7,25,2017,1.4,1,3,212576,2,3,6348
3069,4,16,2008,2.6,1,2,272185,3,4,3656
3070,6,29,2001,3.2,4,2,214674,4,2,3306
3071,2,1,2012,2.5,1,1,252115,2,3,6657
3072,1,23,2019,1.5,4,2,285575,4,2,5588
3073,2,1,2002,4.7,1,2,87544,3,1,7649
3074,9,24,2004,1.1,1,1,35570,3,4,7188
3075,9,8,2011,2.5,2,3,109008,3,4,9719
3076,1,3,2006,1.2,3,2,163168,2,2,4836
3077,2,30,2014,3.5,2,3,87181,5,5,12056
3078,1,3,2005,4.8,4,1,240527,5,1,7089
3079,5,9,2013,1.4,2,1,192393,4,2,9052
3080,10,28,2010,1.7,1,2,206335,3,3,4673
3081,9,8,2018,2.2,1,3,183658,5,5,8026
3082,1,4,2009,4.9,4,2,132063,2,1,9058
3083,9,10,2014,1.0,4,1,223635,3,5,6327
3084,4,15,2019,3.6,1,2,260280,3,5,8194
3085,9,24,2004,5.0,3,2,132068,5,1,8658
3086,2,30,2007,1.5,4,3,181250,4,2,4075
3087,1,4,2017,2.2,2,1,205295,4,1,10794
3088,4,15,2005,3.0,3,2,144199,2,4,6716
3089,4,16,2008,3.5,3,2,284000,4,3,5320
3090,2,2,2002,2.3,4,3,180395,3,4,3392
3091,6,26,2003,3.5,1,3,97355,3,3,6552
3092,4,14,2008,4.9,1,3,92827,2,5,9543
3093,8,11,2004,2.3,2,1,235443,5,2,6391
3094,4,14,2017,2.0,4,3,68000,5,4,9840
3095,4,14,2001,1.6,1,1,89796,4,3,5704
3096,6,26,2020,4.7,4,3,186954,5,2,11060
3097,9,24,2001,4.5,1,3,210371,5,1,4692
3098,8,11,2002,2.5,2,2,49187,2,3,8216
3099,8,11,2017,2.5,4,1,44142,4,2,12317
3100,10,22,2010,1.6,3,1,255550,5,4,6089
3101,8,11,2008,2.3,4,3,150136,2,1,5797
3102,4,15,2011,3.0,1,1,126817,2,4,9363
3103,4,14,2017,4.1,2,1,268157,3,5,11436
3104,1,23,2020,5.0,1,1,56508,3,3,15469
3105,7,21,2002,4.4,2,1,83927,2,3,10921
3106,8,11,2015,4.3,3,1,218104,3,1,11037
3107,4,15,2016,3.6,3,3,271745,4,5,8065
3108,7,27,2010,1.5,1,3,215696,5,4,4286
3109,8,11,2020,1.3,3,2,201528,5,2,8369
3110,8,17,2021,4.8,1,1,181278,2,4,13074
3111,6,26,2014,2.0,1,2,222492,4,3,5850
3112,1,3,2004,4.0,1,1,126911,5,3,8261
3113,10,28,2005,4.9,2,2,195620,3,2,8587
3114,6,29,2001,2.7,4,3,177686,3,2,3546
3115,3,19,2008,4.0,2,2,229386,3,2,7912
3116,1,4,2023,1.8,1,3,60422,2,1,11591
3117,5,5,2011,3.3,1,1,281236,2,2,6575
3118,6,12,2015,1.6,4,1,202711,3,1,7645
3119,6,29,2019,2.1,4,2,280632,3,1,6287
3120,9,8,2003,3.9,2,3,182192,4,4,7256
3121,7,25,2018,3.3,4,3,27157,5,3,12256
3122,2,1,2000,5.0,4,3,199363,5,1,5112
3123,7,25,2022,4.9,4,2,6863,2,1,15462
3124,10,18,2014,3.4,1,1,89526,5,3,11409
3125,9,8,2019,3.5,3,1,96903,5,2,13861
3126,5,7,2001,4.0,3,1,35704,5,3,10185
3127,9,24,2014,3.5,3,3,161187,3,4,9576
3128,1,23,2009,3.5,2,2,76449,4,2,10771
3129,1,3,2001,3.9,4,2,19843,3,4,7903
3130,2,2,2000,1.2,3,2,103614,2,4,4227
3131,7,27,2005,3.4,3,2,256607,2,2,4867
3132,4,14,2013,1.4,1,1,204333,5,1,6813
3133,2,30,2019,3.2,4,2,283521,3,1,7329
3134,7,21,2023,2.7,2,2,201672,3,4,11666
3135,1,3,2022,1.5,2,3,222668,4,3,9746
3136,8,11,2001,2.6,1,2,43761,5,5,6124
3137,5,7,2001,4.7,4,1,59718,2,2,9405
3138,5,5,2006,1.1,3,1,14039,2,2,9219
3139,3,13,2013,1.6,3,2,141716,4,5,7765
3140,9,10,2022,2.4,1,3,104599,2,5,11008
3141,3,20,2017,1.9,3,2,282278,3,5,6454
3142,10,22,2001,2.5,2,3,210985,3,5,4680
3143,6,26,2002,2.1,3,1,79025,5,5,7719
3144,6,26,2022,3.0,2,1,52689,2,1,16146
3145,5,5,2018,4.0,3,3,184080,3,4,10818
3146,7,27,2007,2.8,1,2,185683,5,2,5286
3147,10,18,2018,4.6,2,1,237720,4,4,12845
3148,4,16,2018,4.0,2,2,6098,4,5,15378
3149,2,2,2005,4.3,2,1,272769,4,1,7944
3150,10,18,2007,2.9,2,2,13144,2,4,10837
3151,8,6,2023,4.2,4,2,18248,2,5,14835
3152,2,1,2007,2.8,3,2,238724,3,2,5225
3153,3,13,2003,2.6,1,3,286590,3,4,2000
3154,5,5,2011,4.2,2,3,291049,4,2,7779
3155,10,18,2006,2.3,4,1,163052,3,4,6438
3156,4,15,2018,4.7,2,2,8898,3,5,16022
3157,1,3,2004,3.9,4,1,228725,2,5,6125
3158,8,6,2016,2.1,4,3,8126,4,3,10837
3159,8,11,2009,4.2,1,3,221870,2,4,6562
3160,4,15,2021,4.0,3,1,133334,5,1,14233
3161,4,15,2006,4.4,3,1,276855,5,2,7262
3162,5,7,2003,4.6,2,2,162129,2,2,8357
3163,3,20,2022,4.4,3,2,62734,5,1,14845
3164,2,30,2008,2.4,4,1,2880,3,4,10342
3165,3,20,2016,2.9,4,2,10380,5,2,11592
3166,7,27,2003,4.4,2,1,173173,4,1,9436
3167,1,4,2010,1.1,2,2,13601,3,1,9927
3168,1,4,2012,4.4,3,1,57938,3,3,13441
3169,3,13,2011,3.8,3,1,122142,5,2,11257
3170,6,29,2011,4.7,1,3,51514,2,2,11069
3171,7,27,2018,3.0,1,2,116209,5,2,10175
3172,5,5,2020,2.9,4,3,125825,3,5,10483
3173,6,29,2003,3.1,1,3,235029,5,2,3399
3174,7,25,2013,2.1,2,1,61878,5,4,12362
3175,1,23,2009,2.7,2,2,62039,3,2,10259
3176,5,7,2019,3.3,4,1,15599,5,3,14288
3177,5,9,2019,4.9,2,1,73887,2,4,16722
3178,2,2,2006,2.5,1,3,232088,3,3,3758
3179,2,1,2017,1.7,2,2,166412,3,1,9571
3180,3,20,2018,1.7,4,1,70260,5,4,11294
3181,7,21,2006,3.0,1,2,110232,2,3,6695
3182,6,26,2016,3.6,4,1,228179,5,3,9436
3183,1,4,2020,3.2,3,1,220296,2,5,11394
3184,9,24,2003,3.5,2,1,15300,4,5,11694
3185,7,25,2016,4.1,1,3,234176,2,2,8316
3186,3,13,2007,4.9,1,1,247098,5,5,7658
3187,3,13,2015,1.7,2,1,55038,4,2,12699
3188,4,15,2015,1.2,2,2,178698,5,3,8226
3189,9,8,2002,4.0,3,2,239428,5,1,4911
3190,10,28,2003,1.1,3,1,75829,2,3,7083
3191,2,30,2013,1.4,3,3,72172,3,4,8956
3192,8,11,2022,4.7,4,2,286738,2,3,9665
3193,4,16,2008,4.7,2,3,45559,3,1,12288
3194,10,18,2001,2.7,4,1,155536,5,3,5489
3195,8,6,2017,3.3,3,3,141231,3,1,10675
3196,3,13,2013,3.3,2,1,184018,4,3,11119
3197,10,28,2014,2.2,2,3,229476,5,3,7910
3198,4,15,2011,1.4,3,3,151995,3,1,6760
3199,7,27,2011,1.9,3,2,191680,2,4,6466
3200,10,22,2005,4.9,2,2,464,3,3,12490
3201,9,24,2012,1.1,4,3,159339,2,4,5613
3202,9,24,2015,4.6,1,2,13395,5,5,12932
3203,3,19,2018,2.0,1,1,27151,4,2,12456
3204,4,14,2016,1.5,1,1,72633,2,4,10447
3205,9,24,2016,4.0,3,1,137486,2,5,12650
3206,9,10,2005,3.1,1,1,115517,2,1,7889
3207,4,15,2005,2.1,3,1,79897,5,3,8602
3208,1,4,2012,3.7,1,1,51665,2,3,11866
3209,2,1,2017,1.4,2,2,3410,4,1,12531
3210,5,7,2010,1.3,3,3,113673,2,2,7126
3211,5,5,2012,3.6,3,3,299818,2,1,6303
3212,4,16,2005,3.3,1,3,166957,5,3,5560
3213,9,24,2021,4.8,1,2,104524,2,3,13109
3214,6,26,2013,4.2,2,1,233376,5,1,11032
3215,2,1,2019,1.9,1,3,248734,2,2,6725
3216,8,11,2002,2.8,1,2,218885,5,1,3122
3217,4,14,2005,2.7,3,3,241335,5,3,4473
3218,9,24,2008,3.9,1,1,61794,3,5,10664
3219,5,7,2018,1.4,2,3,132394,5,3,10252
3220,10,28,2014,4.7,3,3,77660,2,2,12446
3221,8,17,2015,2.7,3,3,72565,3,4,10848
3222,4,16,2007,3.0,3,1,145166,2,1,8796
3223,6,26,2012,1.8,2,2,268663,3,5,6126
3224,9,24,2019,4.8,1,2,235390,5,2,9892
3225,10,28,2009,1.9,2,2,206148,5,2,6577
3226,5,7,2017,4.6,1,1,133555,2,1,12628
3227,6,29,2007,2.8,1,1,231194,2,1,5876
3228,7,25,2013,3.2,3,1,129599,2,4,11108
3229,10,22,2023,3.8,1,2,33833,3,3,14123
3230,2,1,2003,1.3,1,2,59817,3,5,5103
3231,4,14,2023,4.6,2,3,26070,2,4,17078
3232,7,27,2010,1.1,2,1,48286,4,3,10734
3233,10,22,2006,3.0,2,1,77120,2,3,10857
3234,2,1,2016,4.7,1,1,141532,5,1,12269
3235,4,16,2002,3.3,3,2,280773,5,5,3384
3236,6,26,2023,4.6,1,3,153793,4,3,12524
3237,9,10,2000,4.9,3,2,40527,3,1,9189
3238,8,17,2022,2.9,4,3,37227,3,2,12855
3239,2,1,2000,4.2,2,1,200754,4,3,7784
3240,6,26,2020,2.4,2,1,30068,3,1,15398
3241,3,19,2004,2.4,1,3,176865,5,5,4162
3242,5,7,2002,2.8,2,2,79829,3,4,7903
3243,4,16,2013,3.8,3,3,279744,2,1,7205
3244,9,24,2013,3.6,4,1,114121,2,1,10817
3245,4,16,2016,4.2,4,2,156634,2,2,9967
3246,6,29,2015,2.1,1,2,184933,5,1,7001
3247,8,11,2011,3.6,1,2,52920,2,4,9941
3248,4,14,2000,2.9,2,3,257314,4,2,3853
3249,8,11,2012,1.7,4,1,32575,5,2,10248
3250,3,20,2007,4.2,3,2,129413,4,5,8811
3251,3,13,2004,3.5,1,1,31788,3,1,9664
3252,6,29,2003,3.2,4,3,19907,4,4,7801
3253,3,19,2000,5.0,3,3,94803,2,1,8203
3254,10,18,2002,2.1,2,2,217899,5,3,4442
3255,9,24,2020,1.4,1,3,280732,4,3,5885
3256,10,22,2000,2.3,3,2,247828,2,1,2443
3257,10,18,2018,2.1,2,2,266946,4,3,8261
3258,5,5,2019,1.4,4,2,169170,4,4,7816
3259,2,30,2001,2.8,3,2,93899,4,4,6322
3260,8,17,2011,4.1,1,3,196806,3,5,7563
3261,6,26,2008,3.2,1,3,83330,5,5,8033
3262,8,11,2021,3.9,4,2,16170,4,4,13976
3263,5,9,2022,3.8,2,1,245725,4,2,13085
3264,7,25,2016,4.2,3,2,288473,4,3,8330
3265,8,11,2008,1.5,4,2,180724,3,5,4385
3266,1,4,2013,4.2,1,2,186877,3,2,8462
3267,9,8,2004,1.2,4,2,117856,3,1,4142
3268,5,7,2010,3.1,4,2,112998,5,1,7940
3269,5,9,2007,3.8,4,2,183634,4,3,6327
3270,2,2,2020,1.1,2,1,159745,4,5,11505
3271,3,20,2015,4.7,2,2,30179,4,1,14696
3272,4,15,2000,3.9,2,2,257208,3,2,4855
3273,4,14,2009,4.7,4,2,175410,4,1,7991
3274,3,19,2020,3.6,4,2,135042,4,4,10999
3275,9,10,2005,1.9,4,3,153255,3,2,4434
3276,1,3,2021,4.3,4,2,18069,2,3,14338
3277,5,5,2009,1.7,3,2,133329,4,5,6833
3278,4,15,2011,3.6,2,2,250467,4,3,7990
3279,10,18,2005,4.1,3,2,268530,5,1,5329
3280,9,8,2000,4.8,2,3,43037,5,3,10039
3281,10,18,2008,3.9,2,1,6053,5,2,13778
3282,7,25,2006,2.5,3,2,251354,5,4,4372
3283,5,7,2009,4.6,3,2,158411,3,4,9231
3284,5,7,2003,3.9,2,3,249104,5,4,5917
3285,1,23,2018,2.4,2,1,50466,2,1,14390
3286,8,6,2013,3.9,4,2,29334,3,3,11313
3287,2,30,2008,2.5,2,3,261973,4,2,5760
3288,1,23,2003,3.0,2,2,82693,4,1,8346
3289,9,8,2012,1.3,1,1,143095,5,1,7638
3290,5,5,2006,4.5,2,1,21478,4,4,13470
3291,9,8,2019,2.3,1,2,49227,4,2,11115
3292,6,12,2007,2.3,3,2,185938,2,2,5781
3293,5,5,2020,4.5,2,1,288635,4,5,12327
3294,6,29,2019,1.1,2,3,105555,3,3,10788
3295,1,3,2006,3.4,2,2,289298,2,2,5514
3296,1,3,2010,1.7,3,2,246548,2,3,4869
3297,5,9,2014,3.9,4,2,98449,5,4,10231
3298,3,13,2015,3.8,3,1,175806,5,2,11383
3299,7,25,2007,3.4,2,3,256558,2,4,6468
3300,9,10,2005,1.1,4,2,208422,3,4,2531
3301,1,3,2001,4.4,2,1,17528,5,5,11949
3302,1,4,2016,4.6,2,1,19046,3,1,16619
3303,3,13,2018,1.5,2,2,98136,5,5,11037
3304,3,19,2016,4.6,1,2,118502,3,1,11129
3305,7,25,2011,1.4,2,3,180812,5,5,7183
3306,9,8,2009,4.9,2,2,242655,4,3,8846
3307,4,15,2003,3.8,4,3,262792,3,5,3544
3308,1,4,2011,4.7,1,3,134561,5,1,9408
3309,4,15,2018,4.8,2,1,173693,3,2,14326
3310,3,20,2001,4.7,1,2,122928,3,2,6641
3311,10,18,2001,3.0,3,1,38726,2,2,9125
3312,3,20,2012,1.4,1,1,192630,4,2,6747
3313,8,6,2014,4.8,1,2,148417,2,2,10131
3314,9,24,2023,4.3,4,3,140554,4,2,12488
3315,2,30,2021,4.4,4,3,161063,3,1,11578
3316,4,16,2007,3.0,3,2,219068,3,5,5818
3317,6,29,2022,1.4,2,3,179768,3,2,10504
3318,10,22,2005,3.8,3,3,293937,4,3,4521
3319,2,2,2017,4.8,2,1,5686,2,1,17386
3320,9,24,2017,2.5,1,3,144055,2,5,8818
3321,9,8,2016,2.2,2,2,259242,2,5,7915
3322,6,12,2003,4.0,4,1,219313,2,5,6113
3323,7,21,2004,4.8,3,1,188578,3,4,8828
3324,3,20,2017,2.4,1,3,78114,3,4,10037
3325,5,7,2017,3.8,2,1,218815,3,3,12123
3326,5,9,2015,1.0,3,2,31953,4,4,9960
3327,10,18,2011,1.3,1,2,158466,3,5,5530
3328,6,26,2001,1.1,3,3,51025,5,4,5479
3329,1,4,2004,1.9,4,1,78643,2,4,7127
3330,6,26,2022,1.2,3,1,188526,4,4,10629
3331,10,28,2006,1.3,2,1,242962,5,4,5840
3332,1,3,2007,3.7,2,1,34075,3,1,12718
3333,5,9,2012,3.7,2,1,74879,2,5,13402
3334,1,4,2009,2.8,1,2,195158,4,2,5696
3335,8,11,2004,2.7,4,3,208100,5,5,3838
3336,8,17,2008,2.8,1,2,267054,2,3,3958
3337,4,16,2017,4.8,3,2,94922,5,4,13101
3338,7,25,2012,2.3,1,1,182254,4,2,7854
3339,10,18,2015,1.5,4,2,81504,5,1,8469
3340,7,21,2008,3.2,1,3,208070,2,5,5538
3341,10,18,2014,4.5,4,1,108746,2,5,12125
3342,5,5,2003,2.2,3,1,132362,4,1,7052
3343,5,9,2022,3.1,2,3,288024,5,4,10039
3344,10,28,2020,1.5,2,2,287278,3,3,7854
3345,5,5,2011,2.1,1,2,96697,5,2,7566
3346,5,9,2017,4.8,1,1,45576,2,4,14588
3347,4,14,2003,4.4,2,1,99011,4,1,10919
3348,1,23,2017,3.6,3,2,203663,3,3,9726
3349,4,14,2012,2.2,2,2,30438,2,4,11291
3350,9,8,2018,2.1,3,1,145579,3,2,11188
3351,9,8,2015,2.3,4,3,245126,3,3,5997
3352,1,4,2010,1.1,4,1,70800,3,3,8284
3353,4,15,2022,4.4,4,3,165541,3,1,11789
3354,6,12,2002,3.5,3,3,30233,2,5,8595
3355,2,1,2004,3.3,3,1,202088,2,4,7058
3356,8,17,2015,2.8,2,1,153011,3,2,11839
3357,2,30,2012,1.6,4,1,67160,4,3,9456
3358,4,15,2007,1.3,2,3,7611,3,1,9347
3359,9,24,2011,3.1,3,3,60048,5,1,10299
3360,9,10,2020,4.3,2,3,259708,3,4,11205
3361,5,9,2009,1.5,3,3,226058,4,4,4778
3362,4,15,2010,4.1,4,1,292108,4,4,6857
3363,10,18,2003,1.2,4,2,163611,5,4,2927
3364,4,14,2021,5.0,3,2,213777,4,4,12124
3365,3,13,2002,4.4,4,2,282381,5,1,3452
3366,2,30,2016,3.7,1,2,8605,5,1,12427
3367,8,17,2011,2.0,1,1,171458,4,1,7470
3368,10,22,2012,3.5,3,3,175562,4,5,8688
3369,9,8,2004,1.5,3,2,253703,3,5,2725
3370,7,25,2012,2.7,3,1,80248,5,4,11295
3371,2,1,2004,2.9,4,1,203128,2,3,5637
3372,6,12,2008,1.3,3,1,40014,3,4,9499
3373,6,29,2012,3.1,2,1,57470,5,3,13150
3374,5,9,2003,2.1,3,3,18980,2,4,7720
3375,9,8,2010,2.6,1,3,256743,2,1,4565
3376,8,6,2017,1.5,4,1,99485,5,2,10210
3377,2,2,2002,3.1,2,1,105904,2,3,9181
3378,7,27,2018,4.8,2,1,286450,5,5,12071
3379,6,26,2006,4.9,2,3,76978,4,3,11260
3380,6,29,2000,2.7,4,1,38496,2,3,7530
3381,3,19,2016,4.9,2,2,110431,5,2,13591
3382,8,6,2009,3.3,1,1,277044,3,2,6059
3383,4,15,2013,2.9,1,3,150643,4,4,7887
3384,6,29,2000,2.1,3,2,93376,5,5,5332
3385,1,3,2000,4.7,3,2,277622,4,4,4247
3386,4,14,2018,3.7,2,3,219198,2,1,10816
3387,4,14,2017,3.0,4,3,78527,2,4,10629
3388,2,1,2000,1.5,3,1,37505,2,5,7349
3389,10,28,2019,1.0,3,3,85468,4,5,10090
3390,7,21,2020,2.5,1,2,229237,2,1,8015
3391,3,13,2019,1.9,2,3,183579,2,5,10028
3392,8,17,2009,3.7,2,1,150699,5,4,10986
3393,7,25,2001,4.3,1,1,37724,2,5,9445
3394,8,17,2012,2.1,3,2,222392,2,5,6352
3395,7,27,2009,1.7,3,1,15117,4,2,10697
3396,2,1,2002,1.5,2,1,229644,4,1,5107
3397,3,19,2009,2.5,3,1,184256,5,3,8114
3398,1,4,2023,3.3,2,2,167226,3,5,12955
3399,4,16,2018,3.2,3,3,280596,3,1,8088
3400,7,27,2021,2.5,4,1,209544,3,5,10209
3401,4,15,2000,4.8,3,3,66401,2,5,8571
3402,4,15,2003,3.1,4,2,79442,3,2,6511
3403,2,1,2020,4.6,4,1,285151,4,1,10496
3404,2,1,2016,3.7,1,3,164408,5,3,9311
3405,5,5,2001,3.4,2,3,276695,5,3,4266
3406,7,25,2010,4.4,4,1,54011,5,3,11919
3407,4,14,2020,2.8,1,1,8303,2,3,14233
3408,2,30,2001,1.5,3,1,185862,4,1,4682
3409,6,29,2011,4.4,3,1,47786,3,1,13344
3410,8,6,2007,3.6,4,1,262571,4,3,6048
3411,3,19,2018,4.2,2,2,146145,4,3,12777
3412,2,30,2001,2.5,3,3,164351,5,3,4612
3413,10,22,2018,3.4,3,3,218439,4,5,9531
3414,6,26,2010,2.7,4,2,228021,5,4,5239
3415,8,11,2014,3.3,3,3,113081,2,4,10338
3416,1,4,2020,3.9,3,3,56504,2,1,13869
3417,4,15,2012,4.4,1,2,72901,5,1,10641
3418,7,27,2010,1.6,3,1,290236,5,4,5395
3419,8,11,2005,2.1,1,1,15630,2,5,8887
3420,6,29,2016,3.2,2,3,98175,5,4,12136
3421,7,27,2023,4.2,4,2,252286,4,4,10154
3422,2,2,2003,1.6,3,1,190931,3,5,5281
3423,7,21,2019,4.2,1,1,165768,2,1,12184
3424,4,15,2005,1.5,1,1,54274,5,4,7514
3425,1,4,2005,4.7,4,2,55577,4,5,9188
3426,8,11,2018,1.7,4,2,162443,2,5,7951
3427,5,7,2005,5.0,1,2,192853,5,1,6742
3428,1,3,2003,2.8,3,1,239707,2,5,5505
3429,7,25,2012,2.8,2,3,154469,3,4,9410
3430,10,22,2020,1.8,2,1,173956,2,2,11920
3431,3,19,2021,4.4,2,2,141211,2,3,13975
3432,6,26,2009,2.8,2,1,155905,2,1,9981
3433,4,15,2014,1.6,3,3,134678,3,5,8206
3434,5,9,2018,3.4,4,2,114354,2,1,10612
3435,9,10,2009,1.9,1,3,207922,2,1,4541
3436,3,19,2017,1.3,4,1,248197,3,2,7036
3437,10,22,2013,2.5,3,2,184260,4,2,7814
3438,6,12,2018,1.9,4,3,70221,3,2,9995
3439,6,12,2005,1.3,3,1,244352,3,3,4512
3440,4,15,2015,4.5,4,2,232959,5,1,8440
3441,10,22,2017,2.2,1,3,39488,2,1,10610
3442,1,3,2013,3.2,4,1,105211,3,3,10595
3443,9,8,2012,1.9,1,3,157819,5,1,6443
3444,6,26,2017,1.2,4,1,186933,2,4,8161
3445,5,9,2023,2.4,3,1,157233,2,3,12755
3446,4,15,2010,2.4,3,1,87991,5,4,10240
3447,4,15,2000,3.6,4,1,53225,2,4,8135
3448,8,11,2015,4.7,1,1,221990,3,3,10360
3449,1,23,2016,3.6,2,2,136826,4,3,11763
3450,3,19,2011,4.8,4,2,261385,4,4,6972
3451,2,2,2018,3.4,1,2,242283,3,1,8054
3452,5,7,2012,1.3,2,2,11556,2,3,10768
3453,2,1,2012,4.9,1,3,87773,5,5,10844
3454,5,9,2013,4.9,2,1,264354,4,4,11112
3455,9,8,2017,2.7,1,1,171032,3,3,9979
3456,1,23,2015,1.8,2,1,109815,2,4,11703
3457,3,19,2004,3.8,2,2,8659,5,3,10926
3458,7,21,2010,4.6,1,3,261904,4,5,6461
3459,6,26,2012,4.5,1,3,18262,4,4,11834
3460,1,23,2008,2.7,3,1,53414,2,2,10631
3461,10,28,2012,2.0,2,3,180769,4,1,8084
3462,8,17,2015,4.7,3,1,81669,5,4,14166
3463,4,16,2018,1.8,3,1,117777,4,1,11444
3464,10,28,2016,1.8,2,3,171501,4,4,9269
3465,9,10,2022,3.0,4,2,34107,2,3,13017
3466,6,29,2017,1.6,4,1,122439,3,2,9851
3467,3,20,2001,2.0,1,1,247962,5,1,2940
3468,6,26,2018,3.0,3,2,39048,2,3,12719
3469,6,29,2014,3.9,3,2,278143,5,4,7637
3470,2,2,2023,3.5,2,2,215199,3,3,12196
3471,9,10,2008,1.3,2,2,82111,2,5,8157
3472,10,18,2013,1.1,3,3,185290,2,5,6394
3473,3,13,2002,4.3,4,3,154339,3,1,5913
3474,6,12,2010,1.7,3,2,280332,3,4,4193
3475,2,1,2007,1.5,1,1,21969,2,1,8760
3476,6,26,2015,1.9,1,2,266854,2,2,5162
3477,5,5,2003,2.9,2,3,166661,4,2,6566
3478,1,23,2021,2.5,4,3,162133,3,3,9657
3479,4,15,2022,1.6,3,1,34818,3,4,14103
3480,2,30,2019,2.4,2,2,35696,3,1,13486
3481,3,13,2013,2.3,4,3,239847,5,3,5503
3482,9,10,2011,2.3,3,1,282746,3,1,6545
3483,8,11,2008,4.7,4,2,269660,3,5,5806
3484,2,2,2004,4.5,4,3,5223,2,1,9695
3485,8,11,2012,2.3,1,1,147905,2,3,8541
3486,6,26,2018,3.4,4,1,130629,4,3,11787
3487,2,2,2017,4.4,2,1,294306,4,5,11213
3488,1,4,2016,2.7,2,2,292450,3,2,7751
3489,9,10,2023,2.2,1,3,163252,3,5,9934
3490,4,16,2012,4.5,1,3,12118,3,5,11957
3491,7,25,2014,1.8,4,3,26905,5,3,9561
3492,3,20,2013,3.8,2,1,187116,4,4,11557
3493,2,2,2021,3.1,2,2,51446,5,4,14471
3494,3,13,2021,2.9,1,3,217855,5,3,8942
3495,1,3,2022,1.3,1,3,248632,5,2,7027
3496,3,19,2010,2.5,2,3,270465,3,4,6190
3497,5,7,2022,2.1,2,2,149334,4,4,11813
3498,10,18,2012,3.2,4,3,239063,4,1,6118
3499,2,1,2022,1.3,4,2,29539,2,4,11409
3500,6,12,2010,2.6,2,3,49036,3,4,10719
3501,8,6,2021,2.4,2,2,257224,2,5,9655
3502,10,18,2002,2.3,2,3,48461,5,4,8030
3503,4,14,2012,1.8,3,1,80843,5,2,10383
3504,6,29,2022,3.8,4,1,50336,5,5,14993
3505,3,20,2008,4.9,2,3,209811,5,3,9203
3506,9,24,2006,1.4,1,3,182285,2,1,3654
3507,1,4,2004,2.8,2,1,138076,2,4,8838
3508,8,17,2015,1.0,2,2,95342,2,3,9693
3509,6,12,2019,2.2,1,1,242596,4,2,8648
3510,2,1,2007,1.3,4,3,265336,4,1,2193
3511,6,12,2005,1.8,1,1,98755,4,3,6924
3512,9,24,2014,2.0,1,2,198322,5,2,6333
3513,1,3,2011,1.5,2,1,276613,4,5,6867
3514,6,12,2007,1.9,3,1,293378,4,2,4732
3515,3,20,2006,1.4,4,3,19610,3,1,6907
3516,3,19,2002,2.5,1,2,171498,3,4,3770
3517,10,18,2021,2.6,4,1,177568,2,4,10948
3518,9,10,2013,4.6,1,1,105259,3,4,11994
3519,7,27,2010,1.3,1,1,92151,3,5,8056
3520,9,8,2017,1.2,4,3,172463,5,1,6950
3521,9,10,2022,2.9,1,3,20578,2,4,13188
3522,10,22,2005,1.1,1,3,135809,4,4,3983
3523,5,9,2009,3.0,3,3,85043,2,1,9099
3524,4,16,2006,3.1,3,3,25657,3,2,9486
3525,9,10,2019,3.2,1,1,14979,2,4,14200
3526,8,6,2021,3.3,4,2,4500,2,5,13610
3527,6,29,2002,1.4,3,3,161997,3,1,3860
3528,2,2,2011,3.3,3,2,14572,5,3,11408
3529,10,22,2012,3.3,4,2,176070,3,5,7478
3530,7,25,2007,3.9,4,3,180708,3,1,6485
3531,3,13,2022,2.7,4,1,252928,2,5,9841
3532,7,27,2010,4.9,3,1,206945,3,4,10361
3533,4,14,2002,4.2,1,3,196015,3,4,4979
3534,10,22,2012,2.2,2,1,175025,4,5,9899
3535,1,4,2012,4.5,2,2,34710,3,3,13505
3536,3,19,2000,1.5,3,2,100575,4,3,4588
3537,10,22,2014,4.8,2,2,206044,2,2,10979
3538,1,23,2004,2.5,4,1,261129,5,3,4077
3539,8,17,2014,1.9,2,3,107912,4,2,10041
3540,3,13,2016,4.9,1,3,226208,5,3,9275
3541,6,26,2010,4.0,4,2,270726,3,3,5685
3542,4,16,2003,2.0,2,1,63899,3,2,9222
3543,5,9,2002,1.5,4,2,12478,3,3,5950
3544,4,15,2016,2.8,3,2,224812,2,4,8203
3545,9,8,2016,1.4,2,1,227233,5,4,9255
3546,5,7,2000,1.5,4,3,181545,4,4,2000
3547,7,27,2020,1.3,1,2,193757,5,3,7524
3548,8,17,2005,4.0,2,2,127691,5,5,9046
3549,10,28,2017,2.4,2,1,37270,2,4,14354
3550,6,26,2013,1.8,3,3,168366,2,3,7432
3551,6,29,2012,4.1,2,1,176279,3,1,11774
3552,1,3,2017,3.8,1,3,243977,4,2,8120
3553,4,16,2012,4.6,3,1,203906,3,1,10721
3554,6,12,2021,1.3,3,3,43395,3,2,11832
3555,3,13,2019,2.3,3,1,144144,3,3,11717
3556,4,16,2004,3.3,1,3,188701,3,1,4825
3557,1,4,2004,2.0,4,2,222344,2,3,2853
3558,8,17,2004,1.4,4,3,135482,4,2,3990
3559,4,15,2023,1.4,1,3,9651,5,4,12206
3560,7,27,2014,1.9,2,2,29573,2,2,11608
3561,10,22,2023,3.0,4,2,208515,2,2,9829
3562,8,17,2018,4.5,2,2,153032,2,4,12939
3563,10,18,2013,2.8,2,1,88109,5,3,12537
3564,10,18,2022,1.4,1,3,140758,3,1,9284
3565,10,22,2002,4.3,4,3,160517,4,4,5789
3566,8,6,2002,1.0,4,2,135119,5,4,2997
3567,2,30,2015,3.0,2,3,278471,3,4,8030
3568,4,16,2019,3.5,4,3,242192,4,2,8456
3569,1,3,2014,1.7,1,1,111647,2,5,9267
3570,2,2,2019,2.8,2,2,8447,5,3,14431
3571,10,18,2021,2.7,4,1,157306,5,2,11453
3572,5,5,2005,3.8,3,1,116127,4,2,9577
3573,1,23,2006,3.4,3,2,43578,5,5,9428
3574,3,19,2021,4.7,4,3,165021,4,1,11799
3575,5,9,2017,2.6,3,2,57952,2,2,11640
3576,2,1,2013,2.8,1,1,129902,4,2,9701
3577,4,16,2013,2.8,1,1,201247,5,4,8275
3578,4,14,2016,4.4,2,1,14988,4,2,16500
3579,10,22,2022,4.2,4,3,49755,4,1,13904
3580,2,30,2023,3.9,3,3,70509,4,3,14489
3581,1,23,2018,3.7,2,3,219694,3,1,10806
3582,8,11,2014,4.3,2,1,95694,4,4,14186
3583,3,13,2005,4.0,2,1,295997,5,3,7180
3584,1,23,2018,1.2,1,1,115943,5,4,9881
3585,9,8,2003,4.8,1,3,44756,4,5,8904
3586,2,2,2012,3.1,2,2,270415,3,1,7391
3587,5,9,2008,2.3,3,1,297439,3,2,5351
3588,2,2,2016,1.7,4,1,261342,2,1,6873
3589,7,25,2003,1.9,2,1,10909,5,4,10181
3590,4,15,2006,4.6,2,2,74832,2,3,11003
3591,4,16,2001,4.6,4,1,100403,3,4,8491
3592,9,8,2020,1.8,4,2,232300,3,5,7254
3593,5,7,2022,1.0,1,1,62864,4,2,11942
3594,6,29,2023,1.3,3,3,85036,3,4,11599
3595,4,14,2010,3.3,1,2,11674,4,3,10166
3596,9,10,2014,4.2,2,2,268193,4,4,9136
3597,5,5,2014,3.6,3,2,69323,5,4,11513
3598,3,19,2013,1.9,3,3,6384,4,1,10772
3599,2,1,2013,2.4,2,2,258931,2,3,7221
3600,3,13,2007,4.4,4,3,93305,2,2,8733
3601,4,14,2004,3.8,2,3,285599,3,2,5388
3602,3,20,2010,1.9,3,3,289292,4,1,4214
3603,4,14,2004,4.4,2,3,71374,4,4,10272
3604,2,2,2017,2.3,4,1,223475,3,5,8530
3605,9,10,2020,1.9,2,1,27280,4,3,14954
3606,3,13,2015,2.2,1,3,208862,4,4,6622
3607,4,14,2016,3.4,1,2,198524,4,2,8329
3608,6,12,2006,3.1,1,1,190601,2,2,6687
3609,4,14,2011,4.1,1,2,229878,2,2,6902
3610,6,29,2008,1.5,3,2,67624,3,5,7647
3611,8,11,2009,3.4,2,3,82692,5,1,10546
3612,7,21,2008,1.5,4,3,19502,4,1,7609
3613,4,16,2017,4.8,3,3,124099,3,2,12518
3614,1,3,2013,3.5,4,3,97089,3,5,9558
3615,10,18,2016,2.3,1,2,127675,3,1,8646
3616,7,25,2018,4.4,1,1,95246,5,3,13495
3617,6,29,2015,3.4,2,3,7427,2,4,13851
3618,8,17,2018,1.3,2,3,268121,5,3,7437
3619,10,28,2007,4.3,2,3,74484,4,5,11010
3620,9,10,2014,4.7,2,1,199,5,3,16496
3621,4,16,2018,2.4,4,1,120663,4,3,10986
3622,6,12,2013,3.8,2,2,229715,4,3,9205
3623,8,11,2005,3.4,4,1,104731,5,3,8405
3624,4,16,2013,4.5,2,3,244577,5,1,9608
3625,3,20,2014,4.5,2,1,174693,4,2,12806
3626,9,24,2020,1.2,4,3,6927,4,2,11161
3627,10,22,2018,2.5,4,2,298898,3,2,6022
3628,9,8,2022,2.9,2,2,275243,5,1,10095
3629,4,16,2008,3.2,2,1,254263,4,5,8114
3630,8,6,2003,3.5,4,1,35466,2,3,9290
3631,6,29,2021,2.3,3,3,46192,4,3,12776
3632,1,3,2018,4.1,4,1,58746,2,3,13925
3633,4,14,2021,4.9,4,2,189212,2,3,11515
3634,8,6,2021,1.5,2,3,36361,3,2,13172
3635,10,28,2001,1.3,1,1,12264,3,4,6954
3636,8,6,2012,4.0,2,2,195401,2,4,9791
3637,2,30,2004,2.8,2,3,225396,3,3,5592
3638,8,6,2013,3.6,3,3,5454,2,3,12490
3639,9,24,2000,3.9,1,3,261380,2,3,2772
3640,4,14,2020,3.1,3,1,212514,2,3,11449
3641,8,17,2023,4.3,1,1,190352,5,5,12992
3642,4,14,2019,2.7,3,3,113132,2,4,11237
3643,9,10,2011,4.6,1,3,38767,3,5,11224
3644,8,17,2008,1.2,4,2,223313,5,1,3233
3645,8,6,2016,3.4,2,3,164748,2,1,11005
3646,4,14,2015,3.6,1,2,122830,3,5,9743
3647,8,17,2003,2.6,2,3,73743,4,1,8125
3648,8,6,2009,4.2,1,3,129755,4,2,8404
3649,9,24,2002,3.7,2,2,209831,4,3,6203
3650,2,1,2010,2.9,2,2,5937,2,1,11881
3651,6,29,2001,4.1,1,3,131476,4,3,5870
3652,8,11,2013,2.4,1,1,218617,4,5,7527
3653,1,4,2019,4.7,3,1,163928,5,2,13721
3654,8,17,2008,4.6,1,1,132257,3,3,9954
3655,6,12,2013,3.7,3,3,115061,2,1,10398
3656,10,22,2014,3.5,2,2,223321,4,2,9333
3657,5,7,2003,3.4,3,1,481,2,2,10890
3658,2,1,2000,2.6,1,1,138810,5,3,5423
3659,9,8,2014,4.3,4,2,86943,2,3,10861
3660,4,15,2001,3.2,3,2,145349,2,3,5693
3661,7,25,2010,4.4,4,3,194466,4,4,7610
3662,8,11,2017,1.5,3,2,282064,4,3,6058
3663,9,24,2017,1.4,4,2,250784,5,3,5584
3664,8,11,2018,2.0,3,3,286852,5,5,6762
3665,9,10,2020,3.7,1,2,48207,5,5,12835
3666,4,16,2002,3.7,2,3,162846,5,2,7143
3667,10,18,2010,4.5,4,3,28453,5,1,11030
3668,1,23,2005,3.3,1,2,52310,5,2,7853
3669,6,12,2023,4.7,2,3,65453,5,2,16390
3670,1,23,2017,2.4,3,2,54182,2,3,11516
3671,5,5,2020,1.6,4,2,156097,4,1,8578
3672,6,29,2001,4.3,1,2,215248,4,4,4395
3673,3,20,2011,3.6,3,2,15263,5,1,11694
3674,7,21,2016,2.2,2,3,198793,3,3,9124
3675,9,24,2022,5.0,1,2,102680,4,5,13646
3676,9,8,2019,4.5,2,2,281108,5,4,10677
3677,6,29,2013,3.7,1,3,250130,3,5,6697
3678,7,27,2006,4.1,4,2,277454,2,5,4450
3679,8,17,2000,4.4,4,3,128955,3,3,5920
3680,6,12,2000,2.5,2,3,232662,4,1,3946
3681,2,1,2007,4.5,2,2,188241,4,2,8935
3682,1,4,2023,2.2,4,3,297332,4,3,7253
3683,5,7,2006,2.4,2,2,175936,2,5,6781
3684,2,1,2014,1.9,2,3,129082,5,2,9618
3685,3,13,2011,1.4,4,2,108001,2,2,6639
3686,10,28,2016,4.5,4,2,166642,3,3,10067
3687,4,14,2023,3.4,4,1,42411,5,4,15051
3688,2,2,2005,4.6,2,2,147137,5,4,9257
3689,5,5,2006,4.1,3,1,30667,2,2,11886
3690,9,24,2017,2.5,2,2,863,4,5,13682
3691,10,18,2008,2.2,2,3,127373,3,1,8152
3692,10,18,2019,3.3,1,3,63983,3,2,11820
3693,2,1,2007,4.3,4,3,144233,3,2,7615
3694,1,4,2000,1.9,3,2,22116,4,4,6557
3695,4,16,2014,1.8,3,3,118510,4,5,8729
3696,10,28,2022,1.4,4,1,37234,3,5,12855
3697,6,26,2015,2.7,1,2,277799,3,2,5744
3698,1,23,2019,1.2,4,2,30990,5,4,10380
3699,5,5,2019,4.5,4,1,1711,3,3,15765
3700,1,4,2013,3.7,2,3,142165,3,2,10856
3701,1,4,2003,3.4,3,2,134339,2,5,6713
3702,6,29,2021,4.2,1,2,33006,3,2,13939
3703,1,23,2019,1.8,3,2,42745,4,5,11745
3704,5,7,2023,1.6,2,2,209883,4,2,10402
3705,10,22,2001,1.2,3,3,231784,3,2,2000
3706,6,29,2019,4.4,3,2,208525,3,4,11029
3707,3,13,2005,2.5,2,2,296474,3,2,4170
3708,2,2,2009,2.1,3,2,152054,3,1,6858
3709,1,3,2012,1.4,1,2,178980,5,3,5520
3710,1,4,2021,4.7,1,2,220514,3,3,10689
3711,1,4,2011,3.7,1,3,68000,3,4,9740
3712,7,21,2003,2.6,4,2,263165,5,5,2336
3713,1,3,2019,4.2,4,1,173506,5,3,12029
3714,4,16,2002,1.4,4,1,125698,4,3,5086
3715,8,17,2013,4.6,3,3,183157,3,1,9936
3716,10,22,2004,2.5,1,3,45162,3,5,6896
3717,5,7,2000,1.2,2,2,101748,4,1,5265
3718,6,29,2005,2.3,3,1,267630,4,1,5047
3719,2,2,2016,1.4,1,1,126236,4,1,9275
3720,6,12,2015,2.6,2,2,17615,2,4,12847
3721,3,19,2000,3.5,3,1,286192,2,5,4376
3722,4,15,2004,3.6,3,2,234958,3,5,5200
3723,2,30,2019,3.9,2,2,56649,2,3,14567
3724,8,17,2022,4.2,1,2,145910,5,5,11981
3725,7,27,2022,3.7,1,1,176616,2,3,12367
3726,4,14,2004,1.1,4,3,255380,2,1,2000
3727,4,16,2000,1.2,3,3,212639,2,5,2047
3728,5,9,2003,1.3,4,3,19031,3,2,5919
3729,10,22,2015,3.7,2,2,280737,2,1,8685
3730,6,29,2012,1.6,3,2,293903,4,2,4421
3731,6,29,2009,4.0,4,2,211984,2,1,6560
3732,6,12,2019,1.1,4,3,237889,4,4,6142
3733,5,5,2023,3.4,1,3,288644,5,2,8627
3734,8,6,2009,2.3,2,2,34712,5,3,10405
3735,7,21,2018,3.4,1,3,158515,3,2,9729
3736,7,25,2008,4.9,1,3,160271,2,2,8194
3737,7,21,2002,1.6,4,2,198545,4,4,2329
3738,2,30,2012,3.0,2,3,162880,3,1,9442
3739,1,23,2004,3.4,1,3,272359,4,1,3252
3740,10,28,2007,1.9,1,1,173998,2,3,6120
3741,9,24,2006,2.0,1,2,183402,3,3,4231
3742,6,26,2015,2.8,3,3,10480,5,5,12190
3743,8,11,2017,2.1,3,3,237070,4,2,7558
3744,7,21,2014,3.2,4,3,205908,3,2,7381
3745,6,26,2006,3.8,2,1,145009,2,1,10299
3746,10,22,2009,3.6,3,3,5542,3,3,11289
3747,3,20,2018,4.0,4,2,117757,2,3,11144
3748,4,16,2006,4.9,3,2,279830,3,5,6203
3749,2,2,2021,1.1,2,2,3994,4,2,13420
3750,4,15,2001,4.9,2,1,255478,4,5,7690
3751,2,30,2000,1.6,4,2,223296,2,4,2000
3752,4,14,2006,3.4,4,2,218600,5,2,4928
3753,10,22,2009,1.2,2,1,255334,2,3,6393
3754,8,6,2020,1.9,2,1,166138,5,5,12177
3755,10,22,2004,5.0,3,1,75883,4,2,11282
3756,4,16,2019,4.9,1,2,106164,2,1,12576
3757,9,10,2018,1.8,2,1,108315,5,3,12633
3758,5,7,2013,1.1,3,1,58981,4,1,10420
3759,2,30,2003,4.1,2,3,259753,4,5,5904
3760,7,21,2020,2.2,1,3,156554,5,5,9168
3761,4,15,2014,3.9,4,3,112331,2,5,9953
3762,8,17,2011,4.9,1,1,176321,5,2,10273
3763,6,29,2018,4.3,3,1,52641,2,2,15247
3764,5,7,2002,2.6,1,2,157366,3,3,4152
3765,3,13,2010,2.5,2,1,91837,3,4,11263
3766,9,8,2017,3.7,2,2,182841,5,5,11243
3767,9,24,2008,2.8,3,3,88,2,5,10298
3768,8,6,2018,4.0,1,2,14916,5,5,13201
3769,6,26,2022,3.2,3,1,104166,4,3,14316
3770,1,23,2020,2.6,2,1,26106,5,5,15677
3771,2,1,2016,2.8,3,3,236994,2,4,7960
3772,7,25,2010,1.3,3,3,202284,5,3,5354
3773,7,25,2008,4.1,1,3,290144,4,1,4797
3774,3,13,2009,1.8,3,1,164435,4,1,7811
3775,5,5,2020,1.2,1,2,64912,5,3,10001
3776,4,14,2018,3.7,1,2,287165,3,1,7456
3777,4,16,2013,1.2,2,1,280380,2,4,7092
3778,1,3,2019,4.1,3,3,100885,3,5,12882
3779,4,16,2023,1.6,4,3,228076,5,2,8038
3780,2,1,2023,1.8,2,3,56819,3,5,13663
3781,2,30,2017,1.4,1,1,68227,3,5,10735
3782,7,21,2009,3.4,4,3,266741,5,5,4865
3783,8,6,2000,5.0,3,3,98983,5,2,8120
3784,9,10,2003,1.5,2,3,28708,3,4,7925
3785,3,13,2004,1.6,3,2,140604,4,4,5087
3786,5,5,2021,4.9,4,1,170561,2,5,13388
3787,6,12,2010,2.2,3,2,146178,2,2,7376
3788,5,5,2017,3.0,1,2,179267,4,2,8614
3789,7,25,2004,1.9,1,1,130458,3,3,6090
3790,10,22,2001,3.5,4,1,88334,4,4,7633
3791,2,30,2010,2.6,3,2,294829,4,1,4803
3792,1,4,2005,3.1,1,1,44279,5,4,9314
3793,8,17,2021,1.0,3,3,252052,3,3,7358
3794,5,9,2019,4.2,4,1,272129,3,4,10057
3795,9,10,2019,1.6,2,2,95319,3,2,11493
3796,10,22,2018,1.6,3,1,16251,3,4,13274
3797,5,5,2022,4.6,2,2,221709,4,3,12865
3798,7,27,2012,3.7,2,2,47666,5,5,12446
3799,1,23,2013,3.2,4,3,254892,4,5,6102
3800,3,13,2014,3.8,3,1,208596,4,3,10428
3801,2,30,2000,1.7,4,1,125572,3,4,4788
3802,4,14,2009,1.2,2,3,128204,5,3,7435
3803,4,14,2006,4.0,1,3,266380,4,1,4572
3804,3,13,2006,4.4,2,2,214108,5,1,8017
3805,9,24,2023,2.1,1,2,48946,5,1,12121
3806,9,10,2004,1.7,4,3,207917,3,1,2841
3807,7,27,2009,4.7,2,2,164625,5,1,10207
3808,2,30,2014,4.9,1,1,12718,4,4,14445
3809,2,30,2018,1.6,2,2,14337,2,1,12813
3810,2,2,2021,2.9,1,1,197176,2,3,10856
3811,2,30,2010,4.3,2,1,43416,5,5,14031
3812,5,7,2002,3.4,3,2,24318,4,3,8613
3813,3,20,2001,4.1,4,1,118193,2,2,7636
3814,7,25,2001,1.2,3,3,217685,5,3,2246
3815,1,4,2019,3.2,4,3,245339,4,3,8093
3816,2,2,2001,3.8,4,1,156455,3,1,6570
3817,3,20,2004,3.4,1,3,111929,3,5,6461
3818,6,29,2016,2.4,3,2,177222,3,4,8755
3819,5,5,2009,2.2,2,3,79939,3,1,9401
3820,5,5,2010,3.7,3,1,103833,2,2,11223
3821,2,2,2017,2.9,1,2,239622,2,3,7307
3822,3,13,2016,2.3,2,2,189903,3,3,9401
3823,5,9,2012,2.1,3,1,197513,3,1,8349
3824,10,28,2006,3.9,1,3,196034,4,5,5879
3825,9,10,2013,4.0,4,2,185606,4,2,8287
3826,2,2,2001,4.2,1,1,42277,4,5,9254
3827,7,21,2003,3.9,3,1,249537,2,1,6409
3828,9,24,2011,3.1,4,1,172587,3,2,8548
3829,5,7,2009,3.6,2,2,259386,4,2,7212
3830,2,1,2014,4.4,3,3,42050,2,5,12859
3831,7,21,2011,4.4,4,2,137287,2,3,9054
3832,5,5,2012,4.7,1,3,18822,2,2,12023
3833,10,28,2000,2.2,2,3,237559,4,5,3548
3834,5,7,2016,3.5,4,1,56643,4,1,12767
3835,7,25,2011,4.4,1,2,135324,5,4,9093
3836,2,2,2022,2.0,3,1,200256,5,4,11194
3837,7,25,2012,2.0,4,2,74505,3,2,8209
3838,6,26,2015,1.9,2,2,36004,3,3,11779
3839,3,13,2003,4.4,1,1,100017,5,5,8899
3840,5,9,2021,2.4,2,3,58999,5,3,13620
3841,3,19,2012,1.6,1,3,244844,2,4,4403
3842,4,14,2010,5.0,2,3,274510,5,2,8609
3843,3,19,2012,1.1,1,2,188415,2,1,5031
3844,2,2,2016,3.6,2,3,258949,5,4,9321
3845,1,3,2007,3.3,4,2,284333,3,4,3813
3846,9,24,2011,4.0,1,1,208900,3,1,8722
3847,6,26,2020,3.6,2,3,221974,2,4,11260
3848,6,12,2013,2.9,2,1,279029,3,4,8819
3849,7,27,2004,4.5,1,1,180753,5,3,7684
3850,8,17,2008,1.3,1,1,188548,2,4,5529
3851,1,4,2001,3.8,1,2,229884,3,5,3602
3852,7,21,2002,1.7,3,3,209021,3,1,3219
3853,5,9,2020,2.5,2,2,209850,5,1,10403
3854,6,12,2003,3.2,3,3,53511,3,3,8129
3855,6,29,2019,2.5,3,3,294876,5,3,7402
3856,5,9,2020,4.6,2,1,107435,4,2,16051
3857,5,5,2019,4.6,2,1,293449,3,5,12031
3858,2,30,2002,2.8,3,3,105696,3,5,6386
3859,7,21,2022,2.5,1,3,58978,2,3,12020
3860,6,26,2020,4.8,1,1,163682,2,3,13126
3861,1,23,2000,2.8,1,3,43964,2,5,6020
3862,7,21,2022,2.9,4,3,30706,2,2,12985
3863,10,22,2005,2.8,1,3,258944,4,1,3221
3864,3,13,2014,1.6,4,1,7149,2,5,11257
3865,6,29,2007,3.1,3,1,88211,3,4,10035
3866,1,4,2014,3.6,4,3,55382,2,3,10792
3867,6,12,2019,2.5,3,2,245950,2,2,8381
3868,2,2,2016,2.6,1,3,242016,2,2,6659
3869,4,14,2012,1.7,1,1,85535,4,5,9189
3870,7,27,2011,2.6,3,2,234332,4,1,6313
3871,1,23,2006,1.2,1,2,197238,3,5,3155
3872,3,13,2022,4.4,3,1,288171,2,1,11836
3873,10,22,2009,1.1,3,1,189686,3,3,6606
3874,10,18,2021,2.6,4,1,44993,3,4,13600
3875,1,3,2019,4.4,4,3,254761,4,1,9104
3876,4,16,2016,1.6,1,2,11161,5,3,10276
3877,10,28,2019,4.7,1,1,136891,2,1,13262
3878,4,15,2016,4.7,3,3,225517,4,5,10089
3879,3,19,2000,2.6,2,3,190700,2,3,4886
3880,3,19,2022,1.6,2,2,16916,2,4,13961
3881,4,15,2020,1.6,1,3,173424,5,3,8231
3882,10,18,2020,2.3,3,3,285243,3,2,7695
3883,5,5,2022,4.4,1,2,181785,2,3,11464
3884,10,28,2011,4.1,3,2,57334,5,3,11353
3885,1,3,2002,1.6,1,3,125878,2,3,3782
3886,10,28,2021,2.9,2,3,275340,3,4,9793
3887,5,9,2017,2.6,4,3,296890,2,3,5862
3888,2,30,2006,4.1,4,2,259401,4,1,4811
3889,5,5,2000,2.2,4,2,92288,3,1,4454
3890,2,2,2015,5.0,1,3,286165,2,3,7876
3891,6,12,2005,1.3,2,2,256169,4,5,3776
3892,5,5,2006,3.7,4,2,191695,4,1,5766
3893,8,17,2022,1.1,4,2,289633,4,1,6007
3894,7,25,2023,4.6,2,2,182101,5,5,13957
3895,5,9,2007,3.5,2,3,69542,2,2,10309
3896,7,21,2021,1.1,2,3,94181,5,1,11616
3897,1,4,2006,2.9,3,3,15020,4,4,9499
3898,1,23,2018,2.6,2,1,175018,2,5,12099
3899,3,13,2017,4.5,1,3,89136,4,3,11917
3900,3,13,2019,4.8,3,2,15204,5,5,15295
3901,6,26,2000,3.0,2,3,99131,5,2,7117
3902,9,10,2006,4.9,1,1,17345,5,1,11953
3903,2,30,2021,2.0,3,1,69563,2,4,13508
3904,4,16,2021,3.8,1,1,165991,4,5,12380
3905,2,30,2001,3.1,3,1,138225,2,4,7235
3906,5,9,2001,2.2,4,1,181057,2,3,4478
3907,7,25,2002,2.3,1,3,90184,3,2,5196
3908,3,20,2002,1.3,1,1,25176,2,1,6996
3909,10,28,2022,4.1,4,1,143237,5,1,13435
3910,7,21,2018,4.2,3,3,13628,2,5,14427
3911,2,1,2013,1.4,2,3,75066,4,5,9898
3912,7,25,2006,3.6,4,1,15862,2,4,10682
3913,10,28,2018,2.1,2,1,182259,3,2,11454
3914,2,30,2011,3.3,2,3,207905,4,5,8541
3915,3,19,2001,3.7,3,3,68961,3,3,7720
3916,7,25,2010,4.8,2,2,56608,4,3,12767
3917,1,4,2013,2.5,4,3,39545,4,4,9709
3918,1,23,2006,4.6,4,1,82956,2,4,10340
3919,3,19,2011,4.4,1,3,253910,4,5,6721
3920,2,2,2010,3.8,2,3,17692,2,3,12546
3921,8,11,2018,4.3,3,1,238692,4,5,11526
3922,4,15,2011,4.6,4,1,8080,4,1,13338
3923,6,12,2000,2.4,1,3,274394,5,2,2000
3924,6,26,2022,4.8,4,1,14112,2,5,16717
3925,1,23,2007,1.5,3,1,47271,5,5,9254
3926,1,4,2000,3.1,1,3,241257,4,1,2374
3927,2,1,2002,3.4,2,1,186232,4,3,7875
3928,6,26,2011,2.7,4,3,261861,2,5,4862
3929,4,15,2014,4.5,2,1,291598,4,4,10468
3930,3,13,2013,2.9,3,1,226998,2,1,8860
3931,4,14,2007,2.8,4,2,22602,2,4,8547
3932,2,2,2014,2.4,3,2,35891,4,2,10982
3933,9,10,2004,4.5,1,2,231341,2,2,5173
3934,2,1,2015,2.8,3,3,36440,5,3,11671
3935,10,28,2018,4.8,1,2,284370,3,5,8612
3936,1,3,2006,3.4,2,3,193208,2,5,7435
3937,9,24,2018,3.2,2,2,180401,2,5,11091
3938,6,12,2021,4.9,1,2,139330,4,4,12513
3939,5,9,2007,4.0,3,1,46601,3,5,11767
3940,1,23,2012,3.5,3,2,73754,3,4,10724
3941,6,12,2002,1.2,2,2,85497,3,3,6190
3942,6,29,2006,5.0,3,2,290710,4,1,6085
3943,8,17,2004,2.2,1,3,19490,3,3,7110
3944,6,26,2018,3.0,1,1,107860,4,4,11842
3945,1,3,2015,3.9,1,1,69218,3,2,12615
3946,7,25,2013,2.2,1,2,248556,2,4,5228
3947,9,8,2002,3.0,3,1,188512,3,2,6429
3948,10,28,2014,1.3,1,3,102033,5,5,7559
3949,8,17,2009,3.6,2,3,276591,3,5,6868
3950,8,17,2016,4.7,1,1,220208,2,3,10695
3951,7,27,2000,3.1,3,3,221132,2,3,3777
3952,5,5,2009,5.0,2,3,251402,4,1,8771
3953,4,16,2018,1.6,3,2,288854,3,1,6322
3954,10,22,2011,4.6,1,2,82736,5,5,10345
3955,4,16,2022,1.9,1,3,124484,3,1,10110
3956,10,28,2023,1.7,3,3,285183,4,3,7996
3957,9,24,2012,4.7,3,1,237823,4,5,10143
3958,10,18,2011,4.5,1,2,241336,5,4,7073
3959,9,24,2008,2.8,1,2,233893,2,5,4622
3960,9,8,2006,1.9,1,1,102104,3,2,7257
3961,8,11,2008,2.7,2,1,75955,3,1,11180
3962,8,17,2001,1.2,1,3,92504,3,1,3749
3963,1,4,2017,4.8,4,2,36286,4,4,13274
3964,10,18,2011,2.5,2,1,94439,2,3,11511
3965,4,16,2009,2.5,2,3,175762,4,4,7784
3966,3,20,2013,2.8,2,2,6338,5,2,12673
3967,7,27,2009,3.5,4,1,167596,2,3,8448
3968,10,22,2014,1.2,3,1,238967,4,3,7220
3969,9,8,2005,3.5,2,3,252280,5,1,6054
3970,5,7,2004,1.0,1,2,11202,3,3,6075
3971,4,15,2022,4.0,1,2,13780,2,1,14424
3972,8,17,2006,2.9,1,1,90075,4,4,8498
3973,9,10,2011,3.6,4,1,174720,4,5,9005
3974,3,13,2017,1.7,3,3,73747,5,2,10425
3975,2,2,2018,4.7,4,2,256062,3,4,9078
3976,3,20,2009,4.1,4,3,88293,5,2,9134
3977,1,23,2023,2.8,1,1,236824,3,5,10563
3978,5,5,2004,3.8,1,3,191338,3,1,5273
3979,9,8,2023,4.6,3,3,69109,3,5,15217
3980,4,16,2019,1.1,4,3,255997,4,1,5780
3981,4,16,2007,1.6,1,3,66019,4,4,6479
3982,1,4,2006,4.7,2,1,246680,2,1,9166
3983,6,12,2017,3.1,4,3,169100,5,4,8918
3984,9,24,2013,2.0,1,2,272929,5,4,4541
3985,10,28,2021,2.3,4,2,248305,3,5,7733
3986,8,17,2002,3.5,3,3,254225,3,4,4115
3987,3,19,2022,1.4,2,1,47019,3,5,14659
3988,7,27,2020,3.4,1,3,83390,4,2,11832
3989,9,8,2011,1.7,2,1,77835,5,4,11043
3990,3,20,2009,3.5,3,1,82111,3,1,11157
3991,3,13,2022,3.6,3,3,217850,2,5,10943
3992,5,9,2014,2.0,1,2,118113,3,3,7937
3993,8,17,2018,4.4,3,2,9421,5,2,14711
3994,2,1,2009,2.5,1,2,51310,3,2,8273
3995,9,24,2000,1.4,1,3,192625,3,5,2000
3996,7,21,2018,2.0,1,2,55996,4,5,10380
3997,10,18,2000,4.9,1,2,45648,5,4,8087
3998,3,20,2023,4.4,1,2,192605,5,2,11547
3999,1,23,2016,2.0,4,1,220765,4,1,7984
4000,5,7,2002,3.7,3,2,145636,4,2,6487
4001,8,6,2008,2.7,1,1,126886,4,3,8162
4002,2,2,2000,4.5,4,3,64082,2,3,7318
4003,2,1,2004,4.3,3,3,127011,2,1,8059
4004,5,9,2011,2.7,4,3,298055,3,3,4138
4005,8,6,2015,1.6,4,3,245031,4,1,5299
4006,9,24,2004,4.1,1,2,137027,2,5,6659
4007,4,14,2007,1.1,2,2,108253,5,3,7134
4008,8,17,2018,4.3,4,2,35492,2,2,13090
4009,3,13,2011,3.2,1,3,26067,3,2,10078
4010,1,3,2008,4.5,1,2,252980,2,5,5940
4011,7,21,2011,2.2,3,1,54394,3,2,11012
4012,9,8,2007,4.3,4,1,131175,2,5,9376
4013,2,30,2014,1.9,2,2,38682,3,1,11426
4014,4,14,2023,1.8,2,2,65646,4,5,13487
4015,4,14,2013,2.2,1,3,84522,4,1,8509
4016,5,7,2002,2.6,2,2,226495,4,1,4770
4017,2,30,2000,3.4,4,1,56709,4,4,7865
4018,9,24,2000,3.1,4,3,274306,2,1,2000
4019,7,25,2021,2.0,3,3,52286,4,2,12354
4020,10,28,2014,4.0,4,3,75337,4,1,10793
4021,10,28,2007,2.7,1,1,229899,5,1,5802
4022,6,12,2009,4.8,4,2,176131,2,2,8077
4023,1,4,2002,1.5,3,2,203668,3,4,3126
4024,10,18,2013,3.7,1,3,247190,3,1,6756
4025,6,12,2009,3.2,2,3,208683,5,4,7826
4026,4,15,2010,2.9,1,1,31151,5,3,10876
4027,9,10,2017,2.1,4,2,168083,4,5,7938
4028,2,1,2017,4.6,3,2,184711,2,1,11105
4029,1,4,2002,2.1,3,1,299461,2,5,3310
4030,5,7,2001,2.4,4,2,257319,3,1,2000
4031,6,26,2004,2.4,4,2,157530,5,2,4549
4032,4,15,2010,4.4,1,2,173156,3,5,8036
4033,7,25,2013,4.4,2,1,190339,5,2,12093
4034,1,23,2013,3.3,2,3,52837,2,3,12243
4035,1,4,2021,3.5,2,3,107283,3,1,13754
4036,6,29,2018,2.5,1,2,241825,4,4,7163
4037,10,22,2010,2.3,2,3,260528,3,5,6189
4038,6,12,2009,1.3,3,1,133051,5,3,7938
4039,3,19,2018,4.5,3,2,290473,2,2,9190
4040,3,13,2023,1.7,1,3,161643,4,1,9467
4041,3,20,2022,4.4,1,3,90319,4,5,13293
4042,6,26,2008,3.1,2,3,232100,2,2,6958
4043,5,9,2014,2.1,4,3,285867,4,2,4682
4044,1,3,2012,3.0,3,2,149799,3,4,8704
4045,4,14,2010,3.8,4,1,29701,2,4,11805
4046,5,9,2016,4.4,2,1,31046,4,3,16179
4047,3,13,2015,2.1,2,3,132749,3,2,10045
4048,6,29,2010,3.0,1,1,118944,3,1,9221
4049,8,11,2021,1.7,4,3,3110,4,5,12037
4050,1,3,2011,2.8,3,2,39276,3,2,10414
4051,1,3,2010,4.9,1,3,243840,5,2,7123
4052,2,30,2015,3.7,2,1,119160,4,3,13416
4053,4,15,2014,4.8,2,2,180179,4,3,11496
4054,6,29,2002,1.3,4,1,185646,5,2,3787
4055,5,9,2007,1.2,1,2,296829,5,5,2000
4056,4,14,2021,2.7,2,3,11278,2,4,14874
4057,6,12,2016,1.5,3,3,164349,4,1,8113
4058,3,19,2010,4.3,1,3,205963,4,4,7280
4059,10,28,2013,1.2,2,2,55288,4,5,10094
4060,7,21,2014,1.3,3,2,96285,4,4,8674
4061,6,12,2003,2.8,4,2,68097,4,5,6438
4062,4,15,2007,2.7,2,2,148284,5,4,7934
4063,8,17,2019,3.7,3,1,18073,4,5,15638
4064,3,13,2022,1.2,1,2,16944,4,5,11561
4065,6,29,2009,2.4,1,3,133857,4,2,6522
4066,4,15,2000,2.5,1,1,209459,3,5,3910
4067,8,11,2011,4.6,4,2,143907,2,2,9121
4068,1,3,2015,4.5,4,3,78334,2,5,11533
4069,10,22,2001,3.3,2,2,17416,2,3,9351
4070,7,27,2008,1.2,1,1,198144,5,5,5237
4071,8,6,2021,4.5,4,3,145598,2,4,11988
4072,4,15,2023,1.3,1,3,281549,5,3,6669
4073,5,7,2011,4.5,1,3,52119,3,5,10857
4074,8,11,2004,3.0,4,2,124637,3,3,5807
4075,9,24,2005,4.2,2,3,122621,3,4,9347
4076,10,22,2008,4.7,1,2,147462,3,1,8250
4077,3,20,2011,4.6,1,1,128078,4,2,10938
4078,10,28,2021,2.0,3,1,234068,4,5,10218
4079,7,25,2013,4.1,3,3,255638,2,3,7987
4080,4,14,2016,1.5,2,3,108905,3,3,10221
4081,4,14,2012,4.7,3,1,243207,2,3,10035
4082,6,29,2016,3.1,3,1,298162,2,3,8536
4083,9,10,2019,4.4,3,1,185937,3,4,12981
4084,4,14,2009,1.9,3,3,98000,4,1,7740
4085,9,10,2000,1.7,2,1,129804,2,4,6703
4086,5,5,2011,2.1,2,3,170168,3,3,8096
4087,1,23,2010,3.8,2,2,46745,2,2,11965
4088,3,19,2019,4.3,1,3,234580,2,3,9408
4089,8,11,2008,4.9,1,2,254292,3,1,6314
4090,10,22,2019,1.0,2,2,46740,2,1,11865
4091,2,30,2005,2.8,2,2,71126,3,3,8977
4092,8,6,2007,4.7,2,3,123828,3,2,10423
4093,10,18,2008,4.2,1,1,184721,3,3,8505
4094,7,21,2016,1.0,3,3,71812,5,4,9463
4095,1,4,2013,2.9,2,1,188014,5,1,10639
4096,10,28,2017,2.0,4,3,209159,4,4,7016
4097,7,27,2006,3.2,2,3,33858,3,2,10422
4098,9,24,2012,2.1,1,3,112487,3,5,7550
4099,1,3,2001,4.4,3,1,241106,3,5,6477
4100,2,1,2004,1.6,2,3,100428,4,2,6891
4101,10,18,2003,3.0,1,3,162482,4,5,4750
4102,5,7,2001,4.0,3,1,183201,5,5,7235
4103,3,20,2019,2.0,2,3,167665,4,1,10446
4104,3,20,2013,3.0,2,3,268913,2,3,7621
4105,3,20,2003,4.8,3,1,299039,4,3,6319
4106,7,25,2004,2.2,2,1,291942,4,4,5161
4107,2,2,2011,3.9,1,3,110444,3,5,9091
4108,5,7,2004,1.6,4,2,275129,5,1,2000
4109,2,2,2013,2.8,4,1,96744,4,2,10365
4110,6,12,2011,5.0,1,3,296078,5,3,6478
4111,1,3,2002,4.1,4,1,14469,5,5,10010
4112,7,27,2013,2.4,3,2,181915,3,2,7761
4113,8,6,2003,2.4,2,1,160999,2,5,7680
4114,6,29,2018,1.8,3,2,255887,4,4,7182
4115,2,1,2004,2.3,4,2,25578,5,5,7088
4116,7,27,2010,4.8,2,3,283821,3,5,8223
4117,6,12,2023,2.1,4,3,18796,2,4,12724
4118,8,11,2021,2.9,1,3,88477,5,5,11530
4119,2,1,2011,2.0,2,3,139588,3,3,8608
4120,7,27,2014,1.8,4,1,278674,4,3,6026
4121,4,15,2018,1.6,3,2,293150,5,1,6237
4122,3,19,2019,2.9,3,2,63419,3,5,12431
4123,10,18,2003,1.1,4,1,61872,3,2,6362
4124,2,30,2022,1.1,2,1,81742,5,5,13665
4125,8,11,2002,1.4,4,1,258150,3,2,2437
4126,1,4,2023,1.2,2,3,220679,4,2,9786
4127,6,12,2013,3.0,4,1,55558,4,1,11388
4128,1,4,2021,1.8,3,3,174256,5,5,9714
4129,5,7,2014,4.0,2,1,175993,2,4,12280
4130,6,29,2003,3.9,2,1,139022,5,5,9619
4131,3,13,2008,4.7,4,2,243934,4,2,6321
4132,10,22,2022,1.5,3,2,278120,3,4,7637
4133,6,26,2012,2.1,4,1,107128,4,1,9157
4134,2,1,2004,4.9,2,1,26550,3,2,13169
4135,4,15,2023,3.2,4,2,209452,4,5,10010
4136,7,25,2013,2.1,3,3,188937,5,3,7321
4137,10,18,2009,3.4,3,1,261403,4,1,7471
4138,8,11,2010,2.4,1,1,174219,5,5,7515
4139,3,19,2012,2.3,4,2,1228,3,4,9975
4140,10,22,2014,1.8,4,1,220551,3,4,7188
4141,2,2,2019,3.9,2,1,103855,2,3,15122
4142,9,10,2010,4.9,3,2,198114,2,4,9037
4143,8,6,2012,4.4,2,2,149348,4,1,11113
4144,4,15,2009,2.3,4,1,195204,2,5,6695
4145,1,3,2020,4.7,4,1,175965,4,5,12780
4146,10,18,2005,2.1,3,3,251614,2,2,3667
4147,4,16,2019,1.5,4,1,296846,5,2,6863
4148,1,4,2020,2.3,4,3,34915,3,5,11701
4149,4,16,2011,1.4,4,3,94129,4,2,6917
4150,10,28,2002,4.9,2,2,18683,3,2,11226
4151,5,7,2020,1.1,3,2,109977,3,5,10000
4152,8,11,2018,2.6,2,3,153610,5,4,11027
4153,6,29,2010,1.4,2,1,281799,3,5,6364
4154,5,7,2008,4.4,3,1,184529,2,4,9709
4155,6,12,2001,3.2,4,2,101712,5,5,5565
4156,9,10,2003,2.6,2,2,192971,2,1,5740
4157,7,21,2006,2.8,1,3,39388,5,4,7912
4158,1,23,2017,3.2,4,3,60338,2,3,11193
4159,8,11,2007,3.6,3,1,264856,2,4,7002
4160,2,2,2017,1.2,2,2,251813,5,2,7363
4161,1,4,2019,2.7,2,2,168579,2,1,11128
4162,1,23,2003,3.9,4,3,183257,5,5,5234
4163,9,24,2014,3.1,4,2,84681,2,3,9706
4164,1,3,2022,4.6,1,3,39523,5,1,14509
4165,3,20,2018,4.5,4,3,247699,3,4,9046
4166,5,5,2013,3.6,1,1,180494,3,4,9490
4167,5,5,2018,4.6,4,2,121295,5,4,11674
4168,3,13,2009,3.0,4,3,237887,5,2,5042
4169,6,26,2017,2.0,4,1,227979,4,1,8140
4170,10,28,2014,3.8,3,2,166180,5,2,9776
4171,4,16,2015,4.3,1,2,68179,4,5,11536
4172,5,9,2009,1.2,3,3,217591,5,5,4648
4173,2,30,2006,1.1,3,3,51966,4,3,6960
4174,5,7,2001,4.5,3,2,164665,2,2,6606
4175,3,13,2003,2.6,3,1,199991,4,5,6100
4176,4,15,2013,4.9,4,2,208159,4,1,8736
4177,5,7,2006,1.4,2,3,219244,4,5,4915
4178,9,24,2021,4.5,3,2,17312,3,3,15553
4179,10,22,2017,3.9,3,2,120595,2,5,11688
4180,8,6,2022,4.9,1,3,191411,5,3,11771
4181,3,20,2005,2.4,3,1,152005,3,3,7459
4182,4,15,2011,1.6,2,1,200684,3,3,8486
4183,3,13,2016,5.0,1,2,241016,2,3,9079
4184,10,28,2019,2.8,2,2,74060,2,3,13118
4185,10,18,2006,3.9,1,2,145184,4,4,6896
4186,5,5,2019,3.2,2,2,69198,4,5,13616
4187,7,27,2020,3.4,1,2,17052,3,5,13158
4188,6,29,2017,2.3,1,1,31693,3,4,12366
4189,7,21,2020,1.9,1,3,93598,3,4,10128
4190,3,13,2016,2.2,4,3,265978,5,4,5780
4191,1,23,2016,2.7,4,3,172833,5,5,8143
4192,4,15,2021,4.7,4,2,182833,4,4,11443
4193,1,3,2012,1.4,1,1,118261,3,5,8234
4194,4,16,2007,1.8,1,2,240623,2,1,3187
4195,1,4,2007,2.9,4,1,213158,4,2,6336
4196,2,30,2008,3.9,3,1,282296,3,1,7254
4197,5,7,2001,3.8,1,2,220246,3,3,3795
4198,3,20,2023,4.3,1,1,271366,4,2,11372
4199,4,14,2004,1.7,1,2,290006,2,5,2000
4200,8,17,2023,4.3,3,1,172434,3,2,14351
4201,3,20,2018,1.5,2,1,81520,3,5,12869
4202,5,5,2020,3.4,3,2,173818,3,1,11023
4203,1,4,2022,2.7,2,2,33563,3,5,14728
4204,10,28,2007,4.0,4,2,167913,5,5,6841
4205,2,30,2002,1.5,4,3,244846,5,2,2000
4206,5,9,2001,2.8,1,3,216768,2,1,2864
4207,9,10,2015,2.5,2,3,141026,5,3,10279
4208,9,10,2004,2.3,2,3,289261,5,4,3814
4209,10,18,2018,2.2,1,2,103942,3,1,9621
4210,6,29,2005,3.1,2,1,109563,4,2,10008
4211,7,27,2011,1.6,3,3,78021,2,1,8439
4212,7,21,2010,3.0,4,1,293509,4,4,5729
4213,10,22,2006,1.6,1,3,32222,3,3,6855
4214,3,20,2015,1.4,3,1,104171,2,3,10416
4215,1,3,2019,1.6,1,1,256344,5,3,7773
4216,2,1,2005,2.4,1,1,208352,3,5,5332
4217,3,19,2023,3.1,2,1,296122,2,4,11677
4218,2,2,2007,1.9,4,3,194177,2,4,4216
4219,4,15,2018,5.0,2,3,226702,2,4,11965
4220,5,7,2017,2.1,2,3,185046,5,4,9599
4221,1,3,2016,1.6,1,2,230431,4,5,5891
4222,4,15,2002,1.9,1,2,140394,2,2,3792
4223,7,25,2015,4.7,1,3,107916,4,2,11141
4224,1,4,2018,3.7,2,2,181383,4,3,11572
4225,9,24,2010,1.9,1,3,122550,3,4,6549
4226,5,9,2017,2.7,4,3,244961,5,3,7000
4227,9,10,2014,1.3,4,2,91179,3,4,7776
4228,9,8,2021,4.3,4,2,172622,2,5,11247
4229,8,11,2000,1.7,3,1,31977,4,1,7660
4230,10,28,2006,4.9,2,1,96639,3,4,12367
4231,9,10,2023,1.3,2,3,221773,5,1,9864
4232,6,12,2006,3.4,3,1,35668,4,4,11086
4233,5,7,2002,1.8,1,1,100995,3,5,5980
4234,1,4,2012,2.3,4,2,252030,3,4,4959
4235,4,14,2020,4.5,1,2,258609,3,3,9427
4236,1,3,2001,2.4,4,2,19036,3,3,6419
4237,1,4,2003,2.6,3,1,280984,5,1,4480
4238,2,2,2021,2.4,2,2,70665,5,2,13386
4239,4,16,2007,3.3,1,1,164256,5,4,7714
4240,9,10,2021,2.2,4,3,131183,4,5,9976
4241,3,20,2011,4.1,2,1,171809,2,1,11563
4242,5,7,2022,2.3,4,2,196407,5,5,9071
4243,3,20,2004,4.8,3,1,184289,4,1,8914
4244,8,6,2002,4.8,2,1,232734,2,1,8345
4245,10,18,2019,2.3,1,1,153306,5,3,10533
4246,5,7,2002,3.0,4,3,136847,4,3,4963
4247,1,23,2000,3.8,4,1,192924,5,4,5541
4248,3,20,2003,3.9,4,1,98938,3,5,8421
4249,7,25,2019,4.2,3,2,116016,5,5,12679
4250,10,28,2012,5.0,4,2,16715,2,2,12365
4251,6,26,2008,3.9,2,3,228511,4,5,7829
4252,4,16,2005,4.6,3,1,57014,2,3,11559
4253,1,3,2005,3.2,3,2,123998,5,1,7320
4254,10,18,2002,4.8,2,1,161122,2,3,9777
4255,3,13,2023,4.0,3,1,88992,3,4,15720
4256,4,14,2001,4.4,1,2,202069,4,2,4758
4257,7,27,2000,3.7,4,2,134764,2,5,5104
4258,9,8,2010,4.1,3,2,25999,5,1,11680
4259,6,26,2004,2.5,3,2,82100,5,5,7158
4260,1,4,2007,2.5,3,1,106426,5,2,9071
4261,9,8,2014,4.7,4,2,148085,2,4,10038
4262,3,20,2000,1.7,3,2,155021,3,5,3699
4263,1,3,2008,2.2,2,3,213836,5,1,6423
4264,8,17,2014,1.9,3,2,70635,5,5,9787
4265,5,9,2001,2.7,2,1,74508,4,1,9109
4266,2,30,2016,1.4,1,3,32541,3,3,9649
4267,10,22,2007,2.2,3,1,290736,4,4,5085
4268,1,4,2008,2.2,2,3,157108,3,4,7557
4269,7,25,2011,3.6,3,1,115465,3,4,11190
4270,8,11,2002,2.9,1,1,71027,5,4,7679
4271,9,8,2021,3.1,2,2,51057,3,5,14478
4272,1,23,2018,4.8,1,3,107717,5,2,12145
4273,5,5,2008,3.2,4,1,73503,5,4,9729
4274,6,26,2009,1.6,2,2,84518,5,5,8709
4275,2,2,2012,1.7,3,3,122057,3,2,7958
4276,5,5,2013,4.9,3,2,16832,2,1,13563
4277,3,20,2013,1.7,2,3,105823,2,1,9583
4278,2,1,2014,3.4,1,3,263998,5,1,6420
4279,4,15,2011,4.1,3,2,199760,5,4,8504
4280,6,29,2000,1.2,4,1,88148,3,1,5037
4281,4,15,2012,2.8,4,1,205270,3,2,7894
4282,10,28,2016,3.3,3,3,246385,4,2,8272
4283,2,2,2006,4.5,1,2,124588,5,4,7908
4284,8,6,2009,3.8,3,1,103517,5,1,11029
4285,8,6,2000,3.4,2,3,109243,2,1,7315
4286,10,22,2019,4.6,4,2,29373,2,4,13812
4287,9,8,2000,2.3,3,3,165643,5,2,4087
4288,2,30,2002,3.2,4,3,3901,3,3,7821
4289,2,30,2006,3.2,2,2,132257,3,1,8454
4290,9,24,2009,3.2,2,1,41395,5,1,12672
4291,6,12,2019,2.9,3,3,299472,5,4,7710
4292,1,23,2015,2.2,4,2,299714,5,2,4805
4293,5,7,2007,1.7,2,1,263647,3,3,6127
4294,4,15,2018,3.1,3,3,57619,5,5,12447
4295,5,9,2010,3.8,4,1,202211,2,2,8355
4296,3,19,2007,1.4,4,3,149686,5,1,4606
4297,7,21,2019,2.6,1,1,250958,4,5,8880
4298,7,21,2018,1.7,1,1,241508,3,1,7869
4299,2,2,2023,2.5,4,3,209785,5,2,9304
4300,4,15,2007,3.4,2,1,200176,4,2,9096
4301,4,16,2018,3.5,4,2,239996,4,1,8200
4302,3,19,2007,1.4,3,1,127134,5,3,7557
4303,6,12,2021,1.8,1,1,124497,4,2,11210
4304,4,16,2011,2.9,3,1,128050,4,2,10239
4305,10,22,2007,1.7,2,2,13151,3,3,9636
4306,2,2,2002,2.9,1,3,152266,4,2,4554
4307,5,5,2002,2.1,4,2,97749,4,2,4845
4308,5,9,2011,2.7,3,3,294262,2,5,5214
4309,7,27,2014,4.7,4,3,119128,4,2,10617
4310,8,11,2022,3.1,1,3,82545,3,2,12149
4311,3,13,2018,2.1,1,2,291296,4,1,5774
4312,6,12,2011,4.9,4,1,226959,5,2,9260
4313,5,9,2006,4.0,4,3,268070,4,4,4538
4314,5,9,2002,2.9,4,2,144962,3,2,4700
4315,9,24,2009,1.3,1,2,267380,4,4,2752
4316,7,25,2001,3.3,2,1,106887,4,3,9062
4317,1,23,2006,4.2,3,2,175387,5,3,7592
4318,2,2,2019,3.9,4,1,268188,4,4,9836
4319,2,1,2013,2.3,4,1,158475,4,1,8630
4320,2,30,2018,1.8,2,3,69733,3,4,11905
4321,1,23,2014,2.1,2,2,116789,3,2,10064
4322,7,21,2023,3.4,4,2,222656,5,5,9946
4323,10,28,2001,2.6,2,1,167586,2,2,7148
4324,10,18,2015,3.9,1,1,191745,3,3,10165
4325,4,15,2019,1.8,4,3,35376,4,2,10892
4326,2,1,2020,3.2,4,3,84397,4,1,11612
4327,3,13,2014,1.3,2,2,148192,2,2,8636
4328,9,10,2008,1.0,3,2,71514,4,4,7069
4329,5,7,2002,4.8,1,3,163875,2,5,6222
4330,5,5,2008,2.7,2,2,76443,2,3,9671
4331,10,18,2018,3.0,4,2,163371,2,3,9232
4332,4,16,2004,3.3,4,2,295928,3,5,2681
4333,7,27,2012,3.1,2,2,52872,5,1,11742
4334,8,11,2011,2.0,1,1,295007,3,4,4999
4335,4,14,2008,3.9,4,1,180706,2,5,8285
4336,10,22,2004,1.7,2,3,209392,3,2,4812
4337,8,11,2005,1.3,3,3,278024,5,3,2339
4338,10,18,2003,3.7,3,2,78673,4,5,8126
4339,8,17,2012,1.7,4,2,12689,2,2,9146
4340,7,21,2016,2.9,3,2,89062,4,4,11018
4341,2,1,2000,1.6,1,2,250736,5,5,2000
4342,8,6,2008,3.4,2,3,113280,5,4,9634
4343,7,25,2018,4.0,2,1,297664,2,3,11046
4344,8,11,2006,2.9,3,2,42016,5,5,8959
4345,4,16,2002,3.8,2,2,34216,4,5,9815
4346,5,9,2012,4.8,3,3,141658,4,1,10666
4347,1,4,2018,4.9,2,2,293890,3,2,10522
4348,8,6,2004,4.9,2,2,83044,3,3,10539
4349,3,19,2002,4.7,3,1,36862,4,4,11162
4350,1,3,2013,1.1,4,1,98768,5,2,8624
4351,3,20,2008,1.6,4,3,136629,3,5,5367
4352,7,25,2008,3.7,3,3,8170,2,4,11036
4353,6,29,2020,2.8,2,3,73990,4,2,13420
4354,10,22,2001,2.8,1,3,223950,4,2,2721
4355,8,17,2018,1.5,3,2,116026,4,2,9679
4356,6,12,2018,2.0,4,1,232527,2,3,8349
4357,9,10,2001,3.8,3,3,40935,4,5,8381
4358,10,28,2014,1.9,4,2,52859,2,2,9142
4359,9,24,2013,3.1,4,3,193684,2,5,7226
4360,9,8,2006,1.3,4,2,151379,2,2,4172
4361,6,26,2021,1.6,4,2,230436,4,1,7391
4362,6,29,2008,2.5,4,2,166390,4,1,5672
4363,2,30,2018,3.4,3,1,169196,2,3,12016
4364,3,20,2007,1.1,1,1,42238,3,3,7955
4365,8,17,2002,1.8,3,1,173099,2,5,5538
4366,5,5,2019,2.7,1,3,273260,5,4,7034
4367,4,16,2009,1.8,4,1,67606,2,1,8747
4368,4,16,2020,2.8,2,2,84377,2,1,13212
4369,9,24,2016,2.6,4,3,233350,5,1,6833
4370,2,2,2001,2.2,2,1,203100,4,4,6038
4371,6,26,2009,4.1,2,1,226315,4,2,9873
4372,10,18,2007,2.5,4,1,32143,5,4,9557
4373,8,6,2022,4.5,4,2,78604,5,3,13627
4374,10,18,2006,4.2,1,3,42613,3,5,9247
4375,5,5,2011,3.3,1,1,216830,3,5,7863
4376,8,6,2000,4.7,4,1,43400,5,2,9432
4377,2,30,2002,3.9,2,1,207519,5,1,7949
4378,9,24,2007,1.7,1,1,266065,2,2,4078
4379,5,5,2008,5.0,1,1,173260,2,5,9534
4380,8,11,2002,2.3,4,3,46455,5,3,6070
4381,7,25,2013,4.2,1,2,61692,5,5,10966
4382,8,11,2019,5.0,2,3,88654,2,4,15026
4383,3,13,2023,2.0,2,2,5086,5,3,14898
4384,8,6,2016,2.2,2,3,299287,3,2,7114
4385,1,4,2018,1.9,4,1,218506,4,4,8529
4386,10,18,2007,1.2,4,3,186908,5,5,3661
4387,4,15,2006,4.3,2,1,128881,3,1,11122
4388,7,27,2008,3.3,3,3,64813,3,1,9503
4389,4,14,2023,1.2,3,1,39557,4,4,13908
4390,10,28,2005,2.0,1,1,114559,5,3,6808
4391,5,5,2016,2.0,1,2,63505,4,5,9629
4392,9,8,2018,3.4,2,3,20423,3,1,14491
4393,2,30,2021,4.2,1,3,263328,4,2,9333
4394,2,1,2015,2.7,4,1,230835,4,1,8183
4395,7,21,2019,2.5,2,2,124314,4,2,11813
4396,1,4,2012,3.2,3,3,258221,2,5,6735
4397,9,10,2010,3.0,1,3,32347,4,1,9453
4398,9,24,2015,3.4,3,1,35371,4,4,13792
4399,10,18,2022,1.1,1,1,100212,2,5,11295
4400,2,30,2007,1.0,1,1,293388,3,3,2832
4401,7,25,2015,1.1,1,1,213044,2,2,6939
4402,7,25,2015,3.6,2,1,133945,4,4,13021
4403,2,1,2009,1.1,4,3,271776,5,4,2464
4404,2,30,2008,1.7,2,2,71714,3,1,8765
4405,1,3,2007,2.2,3,1,5049,3,2,10799
4406,9,24,2017,3.9,2,1,157242,3,3,13455
4407,8,6,2004,3.9,4,3,206087,4,3,5078
4408,6,12,2012,4.7,1,2,137379,3,5,9652
4409,9,24,2022,4.0,3,3,215548,5,4,11389
4410,1,3,2014,4.1,2,3,72306,4,3,12953
4411,8,11,2023,3.1,3,1,183781,3,1,12924
4412,8,17,2020,4.7,2,3,56519,5,4,15669
4413,4,14,2020,1.9,3,1,228471,4,4,9930
4414,1,4,2002,2.4,3,3,749,3,5,8085
4415,1,23,2004,4.6,2,2,205475,5,4,7790
4416,1,3,2019,3.7,1,2,128588,2,5,10928
4417,8,17,2010,4.3,3,1,106738,4,1,11765
4418,2,30,2006,1.5,1,3,131980,4,5,4760
4419,9,8,2013,1.1,1,3,218485,3,4,4730
4420,9,8,2007,3.7,4,2,7203,3,5,9755
4421,1,4,2016,3.1,1,2,97800,5,3,10044
4422,4,14,2019,2.2,1,1,262822,3,1,8243
4423,2,30,2019,1.7,1,1,189988,4,1,9200
4424,2,1,2017,1.6,1,1,240226,2,2,7495
4425,5,5,2015,4.6,1,3,90142,2,1,11397
4426,3,13,2005,3.4,2,2,82467,4,5,9350
4427,10,28,2010,4.5,3,1,234158,5,4,9416
4428,1,23,2009,2.6,3,1,177694,4,1,8346
4429,1,23,2018,3.7,1,1,140877,5,2,11882
4430,7,21,2020,2.6,4,1,186639,4,5,10467
4431,4,15,2014,2.5,1,2,1540,2,5,10769
4432,4,14,2015,3.8,3,1,35335,2,2,14193
4433,7,21,2008,4.5,2,1,132866,3,5,11842
4434,7,21,2013,1.4,4,3,21187,3,1,8976
4435,8,17,2010,3.0,2,1,109329,4,3,11413
4436,9,8,2003,3.9,4,2,102299,3,1,6854
4437,9,10,2007,4.3,1,1,147539,4,1,9049
4438,4,14,2008,2.6,4,3,220336,2,5,4693
4439,10,22,2023,1.9,1,1,206886,5,2,10262
4440,3,19,2011,1.1,1,1,69570,3,2,8608
4441,5,9,2022,4.2,3,3,151184,5,4,12876
4442,9,24,2012,3.3,4,3,158791,2,1,7824
4443,10,28,2017,3.3,2,1,111531,4,4,13769
4444,3,19,2010,1.3,2,2,3075,2,5,10338
4445,5,9,2008,2.5,1,1,48695,2,1,9526
4446,1,23,2008,1.7,4,3,199728,2,1,4205
4447,3,20,2020,3.6,1,3,136688,5,1,10966
4448,1,4,2017,2.1,1,2,136340,3,1,8573
4449,8,17,2008,2.7,4,3,135623,5,2,6487
4450,6,29,2015,1.6,4,1,43454,3,2,10830
4451,10,28,2009,4.8,4,3,81481,5,1,9970
4452,8,6,2018,1.1,3,1,15005,3,2,12799
4453,7,25,2022,3.2,1,1,27425,4,1,14851
4454,9,8,2012,4.6,1,3,159593,5,5,9108
4455,9,24,2018,1.2,2,1,23090,2,2,13738
4456,2,2,2003,3.1,2,2,21203,5,5,9675
4457,7,21,2005,3.8,3,1,7995,3,4,11740
4458,6,12,2004,3.3,3,3,50875,2,1,8582
4459,6,26,2002,1.8,2,3,293718,4,1,2625
4460,9,10,2023,2.2,2,3,62511,5,3,13949
4461,3,13,2020,3.9,2,1,175761,5,4,13984
4462,3,20,2019,3.9,3,3,167618,2,3,11347
4463,1,23,2012,1.6,4,2,289368,4,5,3512
4464,8,11,2022,4.0,4,3,159928,2,3,11501
4465,4,15,2019,3.9,1,2,100659,5,3,11686
4466,9,8,2013,3.1,1,2,203588,3,5,7028
4467,2,30,2009,2.6,4,3,70133,5,1,7997
4468,10,18,2006,2.3,4,2,55654,2,5,7086
4469,9,24,2022,4.1,2,1,253516,3,5,13229
4470,6,12,2000,4.1,1,2,269426,4,3,2811
4471,2,2,2011,4.7,4,2,193401,4,1,8231
4472,10,28,2023,3.6,4,1,45801,4,4,15183
4473,8,6,2005,2.7,2,2,221258,5,2,5874
4474,9,24,2023,1.6,1,2,112349,5,5,10353
4475,7,25,2001,3.6,4,1,183666,4,5,5826
4476,1,23,2012,4.5,1,2,187400,5,3,8452
4477,5,9,2016,3.0,4,1,16505,4,2,13069
4478,7,27,2008,3.7,3,3,271404,2,2,5771
4479,1,3,2007,2.5,2,1,80739,4,2,10585
4480,1,4,2005,2.9,2,1,187906,5,2,8241
4481,4,16,2001,3.0,4,1,190816,3,5,5083
4482,1,3,2002,3.3,4,1,244633,3,2,4607
4483,5,7,2015,3.7,1,3,18846,3,4,11923
4484,2,2,2018,2.7,3,2,297818,2,3,7243
4485,1,3,2008,2.6,1,3,31085,5,1,8478
4486,1,4,2016,3.8,2,3,40584,3,5,13888
4487,6,26,2022,2.0,2,2,252579,5,5,9648
4488,4,14,2002,2.5,1,1,137131,3,3,5957
4489,2,2,2020,2.2,1,3,181518,4,2,8669
4490,2,2,2003,2.3,3,2,198662,3,4,4326
4491,1,23,2007,3.8,4,3,270796,5,3,4584
4492,8,11,2008,4.6,1,3,202468,5,4,7050
4493,6,26,2002,2.0,4,1,159764,4,2,5004
4494,2,30,2002,3.1,4,2,244188,5,2,2916
4495,8,11,2013,2.5,1,2,115976,5,5,8180
4496,5,5,2023,2.7,1,1,42252,2,2,14354
4497,10,22,2016,4.8,2,1,36943,5,1,16461
4498,8,11,2013,2.4,2,3,176391,2,4,8872
4499,4,14,2013,1.4,4,2,253282,4,4,4334
4500,7,27,2004,3.8,2,2,189775,4,3,7304
4501,9,24,2021,5.0,4,1,164237,5,5,13615
4502,6,12,2004,3.4,1,2,299626,3,3,2707
4503,5,9,2009,1.6,3,2,200905,5,3,5381
4504,6,12,2004,4.3,1,3,217759,3,1,5244
4505,2,30,2013,2.3,4,3,216833,4,3,5963
4506,3,19,2010,4.7,2,1,47121,5,1,14357
4507,4,15,2013,1.8,3,1,37903,4,5,11541
4508,8,17,2015,4.2,1,3,238931,3,3,8021
4509,6,12,2022,3.6,2,2,538,2,1,16289
4510,9,10,2006,4.6,2,1,93440,5,1,12131
4511,4,16,2023,4.4,2,2,195913,5,5,13481
4512,6,26,2017,3.5,3,2,251153,5,4,8676
4513,8,11,2014,3.8,1,1,163258,3,2,10334
4514,3,20,2006,4.0,3,2,265454,3,3,5590
4515,7,27,2017,3.2,4,2,204302,4,1,8313
4516,9,24,2005,3.6,4,2,78941,3,4,7621
4517,8,11,2005,3.2,2,3,253434,4,3,5731
4518,7,27,2018,3.9,3,1,60938,5,2,14681
4519,8,17,2021,4.3,3,3,86892,4,2,13962
4520,5,5,2002,1.5,3,2,155050,3,4,4099
4521,5,9,2012,1.3,4,1,18611,3,5,10127
4522,10,28,2017,4.2,1,1,59104,2,3,13717
4523,2,30,2002,4.3,4,2,162723,5,3,5745
4524,6,29,2021,3.0,2,3,132255,5,5,12754
4525,6,12,2001,1.6,2,2,170043,3,1,4599
4526,1,23,2017,2.9,3,1,157795,3,2,11444
4527,10,22,2013,2.5,4,2,116315,4,3,8173
4528,10,28,2008,4.7,4,1,226596,4,1,8168
4529,9,10,2012,3.3,3,1,164117,3,2,10217
4530,5,9,2019,4.7,3,3,254760,2,5,10404
4531,7,25,2022,4.1,4,3,61422,5,1,13571
4532,3,20,2017,2.9,2,1,299218,3,4,9615
4533,2,30,2004,1.2,4,3,13525,5,5,6229
4534,4,14,2011,3.2,2,3,183636,4,3,8927
4535,4,15,2020,3.6,2,2,86259,3,4,13974
4536,10,18,2013,2.0,2,3,228406,4,2,7431
4537,3,20,2021,1.3,1,3,169843,5,1,8303
4538,6,26,2022,3.2,3,1,261305,4,2,11173
4539,10,28,2005,2.9,3,1,69400,5,3,9612
4540,8,11,2016,1.2,2,2,79084,5,5,10518
4541,1,23,2005,4.0,2,3,243799,2,5,6724
4542,3,19,2005,1.8,4,2,116675,3,5,5066
4543,4,14,2012,2.1,2,1,162395,3,4,10052
4544,6,29,2022,4.5,2,3,156806,2,3,14063
4545,10,18,2021,1.4,4,1,64978,5,2,12000
4546,2,2,2003,1.4,2,3,5400,4,5,8292
4547,6,12,2014,2.9,2,1,132962,5,1,12040
4548,1,4,2007,4.9,3,2,177012,2,4,8559
4549,2,30,2015,3.0,2,3,85063,2,3,11898
4550,7,21,2011,2.9,4,1,137771,2,2,9044
4551,2,2,2021,2.4,4,2,36857,3,1,12062
4552,3,13,2016,2.8,1,1,74133,5,3,11717
4553,5,5,2000,2.6,3,1,93376,2,4,7332
4554,5,7,2014,2.5,1,3,206868,2,3,6662
4555,9,10,2005,3.4,4,2,212699,4,3,4746
4556,1,23,2002,2.3,2,3,273206,3,5,3535
4557,2,1,2009,3.9,2,1,75927,4,3,12681
4558,4,16,2014,1.4,1,3,103373,2,1,7632
4559,6,12,2000,4.8,1,1,298742,5,5,4425
4560,8,17,2009,1.6,3,3,25764,2,1,8884
4561,7,27,2011,2.7,2,2,21260,4,5,11674
4562,1,3,2009,1.1,3,1,57983,3,1,9240
4563,3,20,2023,2.0,2,3,37328,3,1,14253
4564,9,8,2016,3.7,4,1,240983,3,4,9280
4565,5,5,2009,3.3,4,2,74667,5,5,8606
4566,10,22,2014,1.5,4,2,1470,2,2,9770
4567,7,27,2020,4.5,2,1,287416,5,5,12351
4568,3,19,2008,3.6,1,2,258326,3,4,4933
4569,9,10,2001,3.8,3,2,13886,2,4,8922
4570,9,10,2007,3.8,4,2,252617,3,2,4947
4571,4,15,2004,2.7,4,2,33338,3,1,7333
4572,6,26,2004,1.2,2,2,178018,2,5,4939
4573,1,3,2004,3.5,2,3,284771,4,3,5104
4574,9,10,2011,3.3,4,2,124745,2,3,8205
4575,5,9,2012,1.1,4,3,89483,3,3,7010
4576,6,29,2015,2.5,1,3,292957,2,5,5240
4577,7,27,2006,3.9,2,2,177274,2,1,8254
4578,7,25,2000,3.3,1,1,104614,4,5,6807
4579,5,5,2018,4.4,2,1,291085,2,4,11578
4580,1,3,2008,1.1,4,3,248569,5,5,2628
4581,4,14,2010,4.7,3,3,44277,5,5,11914
4582,6,29,2007,2.2,4,3,34949,2,4,7701
4583,1,4,2018,1.2,2,3,16602,4,3,12367
4584,1,23,2005,2.2,3,2,63288,3,3,7534
4585,8,11,2001,3.7,3,2,69261,3,1,7714
4586,8,17,2019,1.8,4,3,107742,3,4,9445
4587,4,16,2005,1.1,4,3,171245,4,4,3275
4588,7,21,2019,4.1,4,3,192186,5,5,10056
4589,9,24,2001,1.5,1,1,155289,4,2,4294
4590,5,5,2020,3.4,1,3,286798,3,1,7764
4591,8,11,2021,2.9,3,3,74814,2,3,12803
4592,6,26,2004,1.5,3,3,283114,5,1,2137
4593,8,6,2011,2.4,3,1,12182,2,1,12056
4594,4,15,2003,2.2,3,3,1097,5,3,8178
4595,4,14,2020,4.1,3,3,58741,4,1,14025
4596,8,11,2021,1.2,1,1,57806,5,3,11943
4597,7,25,2017,2.9,2,2,8920,3,3,13921
4598,3,20,2000,2.7,1,3,267764,2,1,2000
4599,4,16,2012,4.0,1,1,124372,3,3,10712
4600,3,20,2016,1.0,1,3,56441,2,3,8771
4601,10,18,2007,4.6,2,3,62688,3,4,11546
4602,7,21,2006,4.6,4,2,108869,3,3,8322
4603,9,10,2012,1.6,2,2,55532,2,5,10189
4604,9,10,2017,3.8,3,1,213119,4,3,11237
4605,5,9,2011,1.1,3,1,126234,2,4,8475
4606,7,27,2022,1.7,4,3,211633,5,1,8167
4607,9,24,2019,2.5,4,3,89607,4,5,10507
4608,5,5,2014,3.0,1,2,143777,3,1,8424
4609,7,21,2000,4.4,2,2,145958,5,3,7580
4610,1,23,2019,3.6,3,1,71871,2,4,14462
4611,7,25,2016,4.6,1,3,113169,3,4,11236
4612,2,30,2016,1.9,3,1,81638,4,2,11667
4613,9,8,2014,1.3,1,3,256054,2,4,4478
4614,2,2,2004,4.5,3,1,178984,4,5,8720
4615,5,9,2009,3.4,1,2,234001,3,3,5519
4616,6,12,2013,4.1,2,3,229219,3,1,9515
4617,3,19,2006,3.9,1,1,102807,5,5,9243
4618,4,15,2004,2.5,4,1,158888,4,2,6122
4619,8,6,2022,3.5,1,3,246762,3,2,9264
4620,9,24,2000,4.2,1,2,153301,3,1,5233
4621,1,3,2001,4.4,1,3,270519,3,5,3389
4622,3,13,2011,3.2,2,3,170508,2,3,9189
4623,3,20,2008,4.5,1,2,146621,5,2,8067
4624,9,10,2010,3.3,1,2,81955,5,3,8760
4625,7,21,2019,1.8,4,1,218904,5,3,8721
4626,7,27,2015,3.2,3,3,113979,5,3,10520
4627,7,27,2022,3.6,3,1,92022,4,4,14959
4628,7,21,2013,3.0,3,2,254347,2,2,6913
4629,3,20,2010,4.3,2,1,51893,4,1,13862
4630,6,26,2000,1.1,2,1,126235,2,3,6175
4631,8,11,2001,1.0,2,3,175506,4,5,3889
4632,1,3,2004,2.1,4,3,211397,5,2,3172
4633,1,3,2005,3.5,4,2,41440,5,1,8271
4634,1,3,2016,3.9,4,3,182656,3,1,9146
4635,6,29,2010,2.6,2,2,101481,5,5,9670
4636,5,5,2016,1.3,2,2,126279,4,2,9674
4637,5,9,2001,1.5,3,3,212006,4,2,2659
4638,3,13,2007,3.0,2,1,286425,3,5,6971
4639,5,7,2006,2.0,2,2,73969,4,3,8420
4640,10,28,2004,2.0,4,1,29136,2,3,8217
4641,10,18,2003,1.1,2,2,80354,2,4,6492
4642,7,21,2006,2.5,3,3,172054,3,5,5958
4643,4,14,2012,2.8,2,1,173252,3,1,10534
4644,8,17,2009,2.9,4,2,111900,2,5,7462
4645,4,15,2001,1.9,1,1,91289,4,4,5974
4646,10,22,2023,2.7,2,3,92615,4,2,13847
4647,5,5,2012,4.8,3,3,263129,5,5,8237
4648,7,25,2022,2.6,2,1,90981,4,4,14980
4649,3,19,2020,1.5,4,1,201213,4,5,9075
4650,3,19,2001,3.5,4,2,89104,2,5,6117
4651,5,9,2000,2.7,3,1,109892,2,4,7102
4652,9,10,2000,3.2,3,1,1424,5,2,9771
4653,6,29,2016,4.8,1,3,181897,3,2,10062
4654,4,15,2018,1.6,4,3,196919,3,4,7161
4655,2,1,2011,3.5,1,2,206623,4,1,6767
4656,2,2,2019,2.7,2,1,208650,2,2,11827
4657,5,5,2004,2.0,4,3,189384,2,2,3512
4658,4,15,2004,3.0,3,2,27703,3,5,8745
4659,5,7,2012,2.6,3,3,200050,2,4,7299
4660,7,21,2000,2.0,2,1,256374,3,3,4472
4661,5,9,2012,3.0,2,1,124932,3,1,11701
4662,1,4,2019,3.3,2,1,296036,3,2,10679
4663,4,16,2010,4.0,4,3,132847,2,3,8443
4664,5,9,2000,3.6,3,3,83240,2,1,7035
4665,10,28,2012,3.9,1,3,170913,5,3,8181
4666,2,1,2010,4.1,2,2,59372,2,1,12012
4667,1,4,2015,4.4,1,2,9382,2,3,12812
4668,7,21,2005,3.5,4,1,46360,3,2,9672
4669,3,13,2000,3.8,2,3,126129,4,4,7377
4670,7,21,2019,1.6,3,1,61497,2,3,12670
4671,10,18,2023,1.3,3,2,154823,4,1,10203
4672,9,10,2020,1.0,1,2,191019,3,2,7279
4673,3,13,2005,3.2,2,1,165446,3,4,8991
4674,3,13,2013,1.5,3,1,129450,4,5,9411
4675,10,28,2011,4.1,4,3,40188,4,2,10696
4676,9,10,2007,4.1,2,2,237383,5,2,7552
4677,5,7,2008,1.1,2,2,120058,4,2,7198
4678,6,26,2020,1.4,2,2,218769,4,1,9124
4679,6,26,2004,4.7,4,2,285148,5,5,4297
4680,10,22,2021,4.1,2,3,103502,4,1,14429
4681,9,24,2021,3.3,1,1,269307,5,2,9813
4682,2,1,2015,4.8,1,2,169599,3,4,10008
4683,2,1,2018,2.7,3,3,154589,5,5,10108
4684,10,18,2013,2.9,3,1,111790,5,3,11164
4685,1,4,2008,1.4,3,2,66730,3,4,7565
4686,1,23,2002,3.2,1,2,243581,4,2,3028
4687,1,3,2008,1.1,2,3,148643,5,5,6627
4688,3,13,2002,4.4,4,3,192489,5,5,5250
4689,4,16,2018,1.6,3,3,21524,3,1,11669
4690,1,4,2008,2.3,3,1,204121,3,4,7217
4691,4,15,2019,2.2,4,2,56754,4,1,10864
4692,8,17,2019,4.5,1,1,138977,4,3,13020
4693,4,14,2020,2.0,2,3,64810,5,2,12803
4694,10,18,2021,2.5,2,1,151011,4,2,13379
4695,8,6,2009,4.4,3,2,71046,5,5,10779
4696,1,3,2000,3.5,3,1,178868,4,4,6522
4697,4,16,2005,3.8,3,1,175368,3,2,8392
4698,5,9,2015,1.3,3,3,112570,4,5,8648
4699,8,17,2022,3.6,2,3,153964,2,2,13220
4700,10,22,2001,3.2,4,3,255709,4,4,2485
4701,2,30,2023,4.1,4,1,209321,3,1,12413
4702,4,14,2009,2.1,2,2,244561,4,4,6008
4703,7,27,2007,4.9,4,3,84273,2,5,9414
4704,8,11,2016,2.4,4,3,59501,3,1,10109
4705,3,19,2018,3.5,2,3,34705,3,2,14305
4706,8,6,2023,1.3,1,2,229158,4,5,7716
4707,4,15,2008,4.1,4,2,90408,3,1,8791
4708,7,25,2002,1.2,2,3,128977,2,4,5320
4709,8,11,2009,1.0,1,3,122795,3,3,5344
4710,7,27,2022,2.7,1,2,237252,4,5,8654
4711,8,6,2016,4.9,3,1,101076,4,4,14278
4712,10,28,2022,3.6,3,1,169615,4,2,13407
4713,9,24,2012,1.4,2,2,287514,2,3,5349
4714,6,26,2017,4.8,4,1,261093,3,3,10278
4715,8,17,2021,4.2,2,2,10841,2,4,16383
4716,1,3,2014,2.1,2,3,215637,5,2,8087
4717,1,4,2011,1.6,1,3,46915,4,1,8061
4718,2,30,2015,3.7,4,1,89557,4,4,12008
4719,6,12,2017,1.6,1,1,38658,3,3,11526
4720,8,11,2023,3.1,2,2,31674,5,3,15466
4721,3,20,2008,1.5,3,1,81677,4,3,8866
4722,1,3,2001,3.5,1,1,141361,2,5,6572
4723,9,24,2020,1.8,1,1,224124,5,1,8917
4724,4,15,2019,3.5,2,3,126381,2,4,12772
4725,5,9,2022,4.6,2,2,298286,5,3,11334
4726,7,21,2003,2.2,1,3,133304,3,1,4533
4727,7,21,2007,2.7,3,1,141569,5,5,8568
4728,10,18,2013,1.6,4,3,75338,4,3,8093
4729,1,4,2015,1.1,1,3,128408,2,2,7131
4730,4,15,2016,1.7,4,2,241003,2,4,5779
4731,8,17,2002,3.8,4,1,63557,2,5,8728
4732,5,5,2021,4.4,2,3,141878,2,5,13962
4733,9,24,2000,2.6,4,1,127278,3,2,5654
4734,9,10,2010,2.5,1,3,250313,3,3,4593
4735,8,17,2010,2.3,2,2,89390,5,5,9612
4736,8,17,2011,4.0,2,1,114697,4,5,12606
4737,5,5,2001,2.4,3,1,73832,5,4,7823
4738,6,26,2011,1.5,1,3,139296,4,5,6114
4739,8,6,2003,2.4,3,2,184934,5,2,4701
4740,3,19,2017,2.5,4,1,71606,2,4,11767
4741,1,3,2017,4.2,4,1,165656,4,3,11586
4742,8,11,2007,3.8,1,2,133298,4,5,7334
4743,3,20,2017,3.5,1,2,202844,2,4,8643
4744,4,16,2011,2.4,2,3,236749,2,5,7065
4745,4,14,2010,4.6,1,2,50227,5,5,10695
4746,9,10,2001,2.4,2,2,158652,2,5,5626
4747,7,25,2022,4.1,1,2,141625,4,5,11967
4748,5,5,2004,1.2,1,1,129209,2,5,5415
4749,4,16,2002,1.2,2,2,118168,5,4,5536
4750,6,29,2008,3.1,4,2,291415,3,4,3771
4751,10,22,2016,4.6,1,3,48115,3,1,12537
4752,1,3,2008,2.6,1,2,272771,2,1,3644
4753,10,18,2023,3.7,1,2,175895,2,2,11182
4754,3,19,2016,1.7,2,2,285078,3,2,6898
4755,4,16,2021,4.9,2,2,256022,3,1,12179
4756,3,20,2004,4.6,1,3,35520,3,2,9189
4757,5,7,2008,4.0,2,2,237702,5,5,7745
4758,4,14,2001,3.8,4,2,141448,4,4,5371
4759,6,29,2003,2.1,4,2,178043,2,2,3539
4760,10,28,2011,4.1,3,2,115564,3,5,10188
4761,6,29,2019,4.5,3,1,261055,5,1,11578
4762,1,23,2021,1.4,3,2,260797,3,4,7584
4763,2,1,2015,2.6,4,1,113253,5,5,10434
4764,1,3,2014,4.4,2,2,103694,5,4,12626
4765,9,10,2020,1.8,2,1,82553,2,1,13748
4766,3,13,2021,1.0,4,3,263836,4,3,6123
4767,6,12,2016,3.1,4,1,75358,5,3,11992
4768,7,25,2009,2.2,1,2,97278,2,1,7054
4769,2,2,2015,3.3,2,2,124543,4,2,11409
4770,5,5,2018,1.1,4,1,259314,5,4,6913
4771,3,13,2017,4.1,2,2,298555,3,1,9328
4772,6,29,2013,1.3,3,2,133708,4,3,7625
4773,4,16,2023,2.2,2,3,271751,2,2,9764
4774,4,15,2010,4.6,2,3,279587,5,4,8108
4775,6,26,2006,4.3,3,1,254929,2,2,7601
4776,1,23,2015,2.7,2,1,59311,3,3,13613
4777,4,15,2006,2.9,1,3,207765,4,3,4644
4778,6,12,2011,4.5,3,3,29887,3,2,12302
4779,4,15,2021,4.5,1,2,97705,4,2,12945
4780,6,26,2003,4.8,1,3,134587,3,3,7108
4781,6,29,2018,2.8,3,2,293291,3,2,7434
4782,5,7,2015,4.3,2,3,109966,2,1,12700
4783,5,5,2021,1.0,2,2,226314,5,5,8873
4784,1,3,2023,3.1,1,1,259026,3,1,10419
4785,6,12,2022,4.5,1,3,253634,2,2,10127
4786,8,11,2022,2.2,3,2,120004,3,4,11499
4787,7,25,2017,2.5,2,3,225526,4,4,9189
4788,4,14,2000,3.7,4,1,247523,2,2,4349
4789,7,21,2019,2.3,2,3,29218,5,3,13515
4790,1,3,2009,2.4,3,2,17928,4,2,9841
4791,10,22,2016,4.2,1,2,219739,2,4,8705
4792,1,23,2022,3.5,2,1,163972,3,2,14420
4793,3,20,2003,2.3,4,1,132667,4,3,6146
4794,6,26,2007,2.7,4,1,29157,2,2,9816
4795,10,28,2019,4.9,4,2,227405,2,5,10151
4796,1,23,2008,4.2,3,1,23797,4,4,12724
4797,8,6,2023,2.6,3,1,261742,5,4,10865
4798,4,14,2015,1.4,3,3,23534,2,1,10529
4799,9,10,2023,1.6,3,1,189772,2,1,11304
4800,8,17,2008,3.0,3,2,121774,3,3,8064
4801,6,29,2001,4.9,1,1,168068,5,3,7438
4802,9,10,2013,1.6,3,2,297002,5,2,4659
4803,9,24,2017,1.9,3,1,117468,5,3,11250
4804,6,12,2015,3.8,4,3,211545,2,5,8169
4805,10,18,2014,4.2,2,3,288436,2,1,8731
4806,9,8,2018,4.4,1,2,114684,5,1,11606
4807,9,24,2022,4.6,3,2,142869,2,2,13442
4808,3,20,2001,3.2,1,1,248129,2,2,4137
4809,3,13,2013,4.6,2,1,181417,3,2,12471
4810,3,20,2019,2.1,3,1,31024,2,4,13779
4811,10,28,2023,1.0,4,1,108139,4,2,11337
4812,1,3,2023,2.8,1,2,211895,5,3,9562
4813,7,27,2010,3.6,1,1,165807,4,3,8883
4814,4,14,2021,3.6,4,2,49144,2,1,13017
4815,4,15,2022,3.6,4,2,285033,4,3,8599
4816,1,4,2009,3.7,1,3,204116,5,4,6417
4817,5,7,2011,4.0,3,3,148122,5,1,9437
4818,2,30,2021,3.3,3,1,48794,4,4,15224
4819,8,11,2004,4.3,3,3,1468,4,1,10570
4820,4,15,2018,4.1,1,1,250214,4,2,10095
4821,5,9,2000,3.8,3,3,198579,2,3,4928
4822,10,18,2014,1.9,3,2,8606,2,4,11027
4823,8,6,2009,2.7,1,2,190357,4,5,5692
4824,1,23,2020,1.4,2,3,22948,4,2,13041
4825,1,3,2014,2.9,3,1,99602,3,5,11707
4826,8,11,2008,2.4,1,2,297184,5,3,2956
4827,8,11,2022,1.5,1,2,167423,4,3,8851
4828,8,11,2014,4.6,2,3,167413,3,1,11551
4829,2,30,2023,2.0,1,1,167629,3,1,11147
4830,6,29,2002,1.2,1,2,135449,3,5,3191
4831,4,15,2010,4.3,4,3,263113,2,4,6137
4832,3,19,2007,1.6,1,1,8250,3,3,9135
4833,3,13,2017,4.9,2,3,240222,4,1,11295
4834,1,3,2004,1.7,3,3,136830,2,4,5263
4835,10,22,2006,2.6,2,3,205832,5,3,6383
4836,7,27,2001,3.2,2,2,157182,2,2,6456
4837,2,1,2005,1.2,2,1,166820,2,3,6963
4838,7,25,2000,3.6,2,1,232094,5,5,6558
4839,4,15,2017,4.6,2,1,250034,3,4,12299
4840,7,21,2020,4.0,1,1,151346,2,4,12573
4841,2,1,2014,2.7,2,1,130418,2,5,11891
4842,6,29,2011,1.4,4,3,166927,3,5,5461
4843,2,2,2021,2.7,3,1,231281,4,2,10974
4844,10,18,2018,2.9,3,2,19860,5,2,13002
4845,5,7,2008,2.3,3,1,100144,3,3,9297
4846,1,23,2001,4.2,4,2,160095,5,2,5398
4847,9,24,2017,2.6,2,1,117587,4,5,12948
4848,7,27,2005,1.0,1,3,33013,3,1,5939
4849,2,1,2021,4.9,1,1,106965,3,3,14660
4850,6,12,2003,1.8,4,1,152446,4,2,5251
4851,4,14,2010,4.5,4,3,50328,3,1,10593
4852,7,25,2016,2.0,1,3,234734,4,4,6205
4853,3,19,2009,1.9,2,2,273001,3,2,5239
4854,4,15,2020,3.3,3,3,203134,4,5,10337
4855,6,26,2002,4.1,3,2,122406,4,3,7351
4856,6,12,2005,2.5,3,1,175563,5,1,7088
4857,10,28,2008,1.1,2,3,89304,3,3,7813
4858,5,9,2004,3.6,3,1,258034,4,5,6239
4859,6,12,2014,1.3,1,1,120033,2,3,8699
4860,6,12,2006,4.2,1,3,6007,3,4,9979
4861,9,10,2014,4.8,4,1,184138,4,1,10917
4862,8,6,2005,1.3,1,1,234518,3,3,3709
4863,6,12,2015,2.1,1,2,282541,2,2,5049
4864,1,23,2020,1.3,3,1,100488,2,2,11890
4865,3,13,2001,2.2,1,3,68178,2,4,5236
4866,3,13,2018,4.1,4,2,151138,4,2,10577
4867,6,12,2002,3.3,3,3,159436,5,4,5811
4868,8,6,2008,3.9,2,3,282354,3,5,6752
4869,7,21,2016,3.6,2,3,104867,3,2,12402
4870,2,2,2007,1.8,1,2,54751,4,1,6904
4871,1,23,2014,4.3,2,1,231270,4,5,11474
4872,9,8,2022,2.3,3,2,272342,2,2,8553
4873,8,11,2010,2.7,1,3,147775,3,1,6844
4874,10,28,2023,1.0,3,1,136461,4,2,11770
4875,2,2,2021,4.8,1,3,262444,4,2,9951
4876,7,21,2009,3.0,1,3,230536,5,1,5189
4877,7,27,2006,2.1,3,2,219324,2,5,4613
4878,8,17,2004,1.5,2,2,27269,2,1,8254
4879,7,21,2015,1.1,4,3,109317,5,4,7513
4880,4,14,2000,1.4,2,3,298968,5,1,2000
4881,10,28,2014,2.2,3,2,113037,4,1,9239
4882,4,15,2021,3.5,2,2,240581,2,5,11088
4883,6,12,2011,2.9,1,1,129776,2,4,9204
4884,3,19,2007,2.0,2,3,109453,3,3,8010
4885,4,14,2013,3.9,2,1,36738,4,5,14665
4886,2,30,2014,3.6,1,2,193268,2,5,8034
4887,1,4,2019,4.1,1,3,181617,5,5,10267
4888,10,22,2007,1.6,4,1,88320,2,1,7533
4889,10,28,2017,4.0,4,1,229856,2,2,10102
4890,5,9,2004,1.8,4,1,119745,3,2,6205
4891,3,19,2004,1.2,2,3,132112,5,1,5857
4892,4,16,2005,4.3,1,1,179568,3,1,7808
4893,3,19,2023,1.6,1,1,112043,2,4,11859
4894,3,20,2002,2.2,3,1,51457,5,3,8370
4895,3,19,2003,1.6,3,2,121133,2,1,5177
4896,9,8,2004,4.4,1,3,137461,4,5,6950
4897,10,22,2006,1.9,1,3,189664,4,1,4006
4898,6,26,2018,4.2,4,1,57590,3,3,14048
4899,1,4,2013,2.0,1,2,57287,2,3,8854
4900,4,16,2006,4.0,1,1,25900,5,2,10882
4901,6,26,2015,3.1,4,3,203562,4,3,7628
4902,7,27,2009,2.1,2,3,141534,3,4,8069
4903,9,8,2004,2.6,3,2,272288,4,3,3454
4904,6,12,2012,1.0,1,2,207163,3,4,4556
4905,10,28,2015,4.6,3,1,116791,5,5,13364
4906,10,22,2017,1.1,2,3,284501,2,5,6609
4907,5,7,2016,4.9,2,1,118813,4,1,14923
4908,9,8,2020,4.6,4,1,184309,2,4,12513
4909,8,6,2017,2.0,1,3,10721,3,3,10985
4910,4,16,2014,3.6,4,2,141452,5,1,9070
4911,10,18,2010,2.4,2,3,291045,4,1,5679
4912,9,8,2003,2.9,4,3,182498,4,4,4250
4913,4,15,2022,1.7,1,1,130630,5,4,11287
4914,5,9,2023,2.9,1,3,209776,3,3,9704
4915,8,11,2021,4.5,2,2,166297,4,1,13574
4916,5,9,2014,3.6,3,1,144755,5,2,11504
4917,8,11,2008,2.4,1,1,10501,5,5,10189
4918,1,3,2023,2.9,4,3,116400,3,4,11572
4919,1,3,2021,2.0,2,2,193207,4,2,10535
4920,3,19,2000,2.5,4,2,224322,3,4,2113
4921,4,16,2019,2.2,2,2,83009,4,1,12339
4922,1,3,2018,2.4,3,1,229468,3,4,9810
4923,9,10,2005,1.0,2,2,217030,2,4,4259
4924,5,7,2001,2.0,4,1,116633,5,5,5567
4925,5,5,2001,4.6,4,2,281996,2,1,3360
4926,6,12,2016,3.5,2,3,249659,3,3,9406
4927,10,18,2002,4.8,4,3,234282,5,3,4814
4928,6,29,2021,1.1,3,3,251430,5,5,7471
4929,5,7,2016,4.3,4,3,299754,2,2,7204
4930,6,29,2003,4.0,2,3,264192,4,3,5716
4931,4,15,2022,1.9,3,2,6260,5,1,13474
4932,5,5,2003,2.3,4,3,120658,4,2,4886
4933,1,23,2012,2.5,1,2,267628,2,4,4847
4934,5,9,2016,1.5,2,3,6248,5,1,12275
4935,8,11,2020,3.6,1,1,29521,3,5,14609
4936,8,6,2018,1.2,1,1,237046,3,4,7459
4937,3,20,2005,1.3,4,3,98813,5,5,4923
4938,3,20,2000,2.0,1,2,151821,4,4,3063
4939,1,4,2001,3.5,3,2,251686,4,2,3866
4940,7,25,2022,3.2,2,1,207165,2,4,13256
4941,8,6,2021,1.4,2,1,126699,5,4,12766
4942,3,20,2010,3.8,1,2,146879,2,2,7962
4943,7,21,2019,1.3,2,2,209699,3,4,8906
4944,4,16,2010,2.4,3,1,126169,2,5,9476
4945,5,9,2006,3.9,1,3,214980,2,3,5500
4946,4,15,2008,3.6,3,2,178809,5,2,7523
4947,10,18,2020,3.3,2,1,95581,4,2,14988
4948,1,4,2001,2.0,2,3,144439,2,5,5511
4949,3,19,2010,4.6,4,2,59267,4,2,10514
4950,8,6,2017,4.6,4,1,233357,4,1,10632
4951,4,14,2002,3.6,1,3,56722,5,4,7165
4952,10,28,2003,2.8,2,1,201488,4,2,7270
4953,9,8,2022,4.1,2,3,225670,4,4,12286
4954,5,5,2012,1.8,2,1,267150,4,5,7657
4955,1,4,2019,4.5,4,1,244818,3,5,10903
4956,6,12,2011,4.0,4,2,178485,5,4,7830
4957,7,25,2002,2.6,3,3,219752,2,1,3904
4958,6,26,2006,4.6,4,2,99528,5,2,8509
4959,10,18,2008,2.0,3,2,31438,2,2,8871
4960,9,10,2002,1.2,4,1,148740,5,5,4425
4961,2,30,2000,3.8,1,1,18836,4,4,9023
4962,9,10,2002,2.8,2,1,211794,4,4,6764
4963,3,20,2001,4.3,2,2,201932,5,5,6661
4964,9,8,2005,2.7,4,2,124590,2,2,5808
4965,10,22,2017,4.8,3,3,187136,5,5,11257
4966,3,19,2020,4.6,2,1,130431,5,5,15591
4967,1,23,2023,2.2,1,1,124452,5,2,12210
4968,3,19,2001,2.7,3,1,292575,3,5,3748
4969,4,14,2016,1.2,3,3,5659,2,3,10986
4970,3,13,2006,1.3,4,1,276465,5,1,3170
4971,8,11,2018,3.4,2,1,225654,3,2,11886
4972,2,1,2016,3.1,1,1,59765,2,2,12304
4973,8,11,2014,2.9,1,2,105427,3,5,9091
4974,2,30,2005,3.7,4,3,115844,2,3,6983
4975,4,16,2006,1.8,4,1,290915,5,5,3381
4976,8,11,2014,4.5,3,2,162543,4,3,10549
4977,8,17,2018,4.1,2,1,186690,4,2,13366
4978,2,1,2018,4.9,4,1,126701,5,5,13365
4979,1,4,2015,3.8,1,2,244038,4,2,7519
4980,2,2,2003,3.7,4,3,148815,5,1,5723
4981,2,1,2020,4.1,2,2,8111,4,2,16037
4982,1,4,2022,1.4,3,3,232385,2,4,8452
4983,10,22,2017,3.7,2,2,86463,2,3,13170
4984,1,4,2005,4.2,3,2,116904,4,3,8461
4985,9,24,2018,4.8,4,3,58612,4,3,13127
4986,6,26,2011,3.1,1,2,132448,5,3,7851
4987,5,5,2021,3.5,1,1,244748,5,5,10505
4988,6,12,2003,2.7,1,2,150497,2,5,4690
4989,7,21,2016,2.2,1,3,287720,2,2,5345
4990,5,9,2003,2.9,2,2,32266,4,1,9254
4991,7,27,2007,4.6,3,1,86931,5,3,11561
4992,3,19,2005,4.6,1,1,66725,5,3,10365
4993,4,14,2005,4.1,3,2,85536,5,1,8989
4994,4,14,2019,1.0,2,2,33680,3,3,12126
4995,5,7,2016,1.0,1,2,152865,5,5,6842
4996,8,11,2004,3.6,3,1,2810,5,3,11343
4997,8,6,2010,2.0,3,1,212019,5,1,7359
4998,2,2,2009,1.2,4,2,165992,4,2,4680
4999,7,21,2012,4.5,1,3,112693,4,3,9946
5000,6,12,2001,1.0,4,3,4557,4,3,5308
5001,5,5,2021,1.9,4,2,29518,2,1,11709
5002,10,18,2016,4.5,2,1,179925,5,4,13301
5003,4,15,2023,4.8,3,3,209679,5,4,12606
5004,7,27,2022,1.3,3,3,239136,2,4,8217
5005,2,2,2021,3.6,4,2,171034,5,1,10579
5006,10,28,2001,5.0,3,3,255834,3,3,5283
5007,10,22,2000,4.5,4,2,179413,3,3,5011
5008,1,3,2012,4.3,1,2,24069,5,2,11518
5009,2,2,2017,1.3,3,3,1622,5,3,11467
5010,6,26,2016,2.8,4,3,285357,2,5,5992
5011,10,18,2016,2.1,4,3,5834,2,4,10883
5012,9,24,2007,3.7,2,2,298099,5,1,5938
5013,4,14,2021,4.1,3,1,73569,4,1,15528
5014,5,7,2008,2.4,4,2,32723,4,2,8245
5015,7,25,2006,1.4,4,3,227710,5,3,2745
5016,9,8,2001,1.4,2,3,144406,3,5,4911
5017,8,6,2009,2.5,2,2,271667,3,3,5866
5018,10,18,2011,1.1,3,3,229777,3,1,4904
5019,2,2,2022,1.2,3,2,146192,5,5,9976
5020,7,25,2021,2.5,3,3,132442,5,5,11251
5021,9,8,2001,1.4,3,3,109297,2,2,4614
5022,10,22,2022,3.4,2,1,257717,4,3,12445
5023,10,22,2005,3.1,4,3,130573,4,1,6088
5024,4,14,2012,2.7,1,2,41569,3,5,9568
5025,10,28,2012,2.9,3,3,265669,3,3,6286
5026,3,20,2007,2.5,4,1,294846,4,5,4303
5027,1,3,2013,2.8,4,1,226670,4,5,7766
5028,3,13,2019,3.2,1,3,222626,2,5,8547
5029,4,15,2019,1.2,3,2,240570,2,2,7188
5030,4,15,2020,3.3,3,1,236487,5,5,11170
5031,4,16,2006,3.2,4,3,273224,2,1,3635
5032,6,12,2007,1.7,1,2,62117,5,1,6657
5033,4,14,2011,4.4,3,2,34906,3,1,12101
5034,9,24,2002,2.8,3,2,62045,4,3,7259
5035,3,19,2002,3.4,1,2,114107,4,3,5817
5036,9,10,2006,2.0,3,2,32557,3,3,8248
5037,3,20,2000,1.4,3,1,163136,4,1,4737
5038,6,29,2018,1.6,1,2,88716,3,1,9325
5039,6,26,2016,1.7,1,2,145588,2,5,7688
5040,6,29,2023,2.9,3,1,152302,5,2,13353
5041,10,22,2009,1.2,3,3,133585,3,1,6328
5042,3,19,2021,2.0,1,2,33019,2,4,11739
5043,7,27,2014,4.7,2,2,146386,3,2,12072
5044,8,6,2002,4.1,2,2,78267,4,5,9234
5045,7,25,2020,4.7,1,3,136360,4,1,12072
5046,4,14,2006,4.9,1,2,256466,4,5,5670
5047,1,4,2016,3.7,4,3,35971,3,4,11880
5048,4,16,2012,3.4,4,2,94189,5,2,9216
5049,5,9,2011,3.3,3,2,259656,2,3,6506
5050,1,23,2003,3.5,3,2,9650,2,4,9307
5051,10,28,2001,3.3,1,3,89757,3,4,5904
5052,7,25,2009,3.3,3,3,236792,5,2,6364
5053,8,6,2000,2.9,3,1,15565,3,2,9188
5054,8,11,2014,2.9,4,3,84788,5,3,9504
5055,4,14,2020,4.5,3,1,178797,4,4,13524
5056,6,29,2019,1.6,1,1,134284,2,5,10214
5057,7,21,2021,4.9,3,2,7865,5,2,16142
5058,10,22,2015,1.7,1,2,11098,4,2,10078
5059,8,6,2008,4.6,1,3,134491,3,5,8410
5060,8,11,2013,1.6,4,2,59083,2,1,8418
5061,8,6,2012,2.0,1,2,183085,3,5,6038
5062,5,5,2013,4.3,3,1,298576,2,3,8828
5063,1,23,2019,4.6,2,3,252801,5,3,11343
5064,3,13,2021,4.8,1,1,89746,3,4,14905
5065,3,13,2007,4.6,4,1,264351,3,1,7012
5066,4,14,2020,4.7,3,1,54878,4,5,16202
5067,3,20,2019,3.3,2,3,295893,3,2,9182
5068,3,20,2006,3.4,3,2,5097,2,3,10198
5069,5,5,2005,4.9,1,3,54355,5,1,9412
5070,1,3,2014,2.5,1,3,171850,3,2,7363
5071,10,18,2019,3.7,4,2,159318,3,1,10313
5072,7,21,2020,4.3,2,1,274031,3,5,12419
5073,5,7,2015,2.6,4,2,216068,4,5,6878
5074,8,6,2023,2.3,1,1,190775,3,5,10984
5075,1,4,2023,4.0,1,1,259337,5,3,11313
5076,9,24,2019,4.5,2,3,201176,5,1,12276
5077,3,19,2007,3.6,3,2,10305,3,1,10593
5078,2,1,2007,2.2,4,1,78043,3,5,8339
5079,8,6,2023,1.9,4,2,93969,4,5,11020
5080,10,18,2008,1.6,1,1,28352,2,4,9032
5081,1,4,2017,4.8,4,1,47216,5,5,14555
5082,6,26,2008,4.3,3,1,289750,5,3,7505
5083,7,21,2013,4.2,1,3,166953,5,5,8860
5084,10,28,2012,1.9,3,2,75263,3,1,9094
5085,2,30,2017,2.7,4,1,145980,4,1,10480
5086,5,9,2023,1.6,2,1,114740,3,3,13805
5087,7,27,2015,1.8,3,3,19111,4,3,11017
5088,7,21,2021,1.9,1,3,197398,5,1,8352
5089,4,15,2013,3.5,2,1,27879,2,4,14442
5090,8,11,2012,2.7,3,3,184680,3,3,7706
5091,3,20,2011,3.8,2,1,8371,3,2,14532
5092,2,1,2016,1.6,2,3,19827,5,2,12103
5093,2,2,2001,4.6,3,3,102282,4,3,7954
5094,6,29,2006,3.0,3,2,146248,4,2,6975
5095,4,16,2002,3.4,2,3,233745,5,5,5425
5096,4,14,2011,3.0,1,1,297131,3,3,5957
5097,7,21,2007,4.3,1,3,17773,5,2,10144
5098,5,5,2010,2.5,3,3,135477,5,2,7890
5099,2,1,2011,2.4,1,2,57160,2,2,8656
5100,9,10,2023,3.0,2,2,271528,5,1,10569
5101,7,27,2006,3.2,1,3,253704,3,5,4025
5102,6,29,2002,3.8,3,1,274808,3,1,5503
5103,6,26,2014,2.4,1,2,124229,2,5,8215
5104,3,19,2017,4.0,1,1,30300,2,3,14094
5105,8,17,2009,4.6,2,1,251532,4,4,9869
5106,1,4,2011,3.8,3,2,176080,5,3,8678
5107,3,19,2022,3.7,1,2,288455,2,4,8630
5108,3,20,2017,4.1,2,2,3945,2,4,15221
5109,8,17,2009,4.3,1,1,68858,3,1,11222
5110,5,7,2013,4.4,4,1,152998,4,2,10840
5111,2,1,2020,4.7,1,3,241382,2,1,9972
5112,5,9,2013,4.9,2,3,150552,2,5,11888
5113,5,9,2019,1.9,4,2,6120,4,5,11577
5114,8,17,2014,3.5,1,2,28412,2,1,11231
5115,6,29,2010,1.5,2,2,64600,4,1,9308
5116,6,29,2007,2.4,4,3,52610,5,1,7547
5117,10,22,2011,3.9,1,1,108980,3,5,10620
5118,6,26,2020,3.7,4,1,94279,5,1,13414
5119,3,13,2001,3.9,1,1,295409,5,2,3891
5120,2,2,2000,3.7,4,2,255854,5,1,2682
5121,1,23,2023,2.2,2,3,210515,4,4,10989
5122,9,10,2015,2.8,2,3,39322,3,3,12613
5123,3,13,2022,4.0,3,1,227708,2,2,12645
5124,3,13,2010,4.9,3,2,122265,3,5,10554
5125,1,3,2018,3.4,3,1,203904,3,1,11321
5126,2,2,2022,3.2,2,3,95298,4,4,13994
5127,7,25,2016,1.3,2,1,152889,2,3,10642
5128,1,3,2018,4.1,3,3,174581,2,2,11108
5129,4,16,2012,4.0,4,1,112245,4,3,10955
5130,5,9,2019,3.1,2,3,244576,2,1,10008
5131,1,4,2002,4.3,1,2,190432,5,2,5191
5132,9,24,2012,3.3,1,3,229540,3,5,6409
5133,10,18,2014,3.5,4,3,10313,5,1,11593
5134,10,18,2007,1.5,1,2,108975,4,5,5520
5135,6,12,2001,1.7,1,2,96682,3,2,4166
5136,3,19,2005,1.3,3,3,259845,4,1,2703
5137,7,27,2023,2.6,3,2,12782,4,5,14344
5138,2,2,2010,4.4,4,1,100916,5,1,10981
5139,6,12,2021,1.3,4,3,224450,4,5,7211
5140,1,23,2020,1.6,4,2,216535,5,2,7369
5141,1,4,2010,1.3,3,2,296477,5,1,3470
5142,3,13,2008,3.4,2,1,10514,4,4,13189
5143,9,24,2007,4.1,3,3,48779,4,3,10324
5144,3,13,2017,1.5,1,1,21348,2,3,11773
5145,7,27,2002,1.7,1,1,216695,4,5,3566
5146,3,20,2012,4.4,2,3,32248,4,5,13455
5147,8,17,2006,2.2,4,3,273418,2,1,2631
5148,4,16,2022,2.8,4,3,237066,4,4,8758
5149,5,5,2016,2.1,2,3,45443,3,5,12091
5150,5,5,2017,1.3,1,3,207159,4,3,6356
5151,2,1,2019,4.1,4,2,278533,2,3,8329
5152,4,14,2001,4.3,1,2,151405,3,1,5671
5153,6,12,2008,1.2,4,1,143247,2,2,6335
5154,3,13,2004,3.2,1,2,74664,4,4,7006
5155,10,18,2009,4.8,4,1,23300,4,1,12634
5156,9,8,2014,1.5,4,3,11197,3,1,9576
5157,7,27,2011,3.1,2,2,31392,3,4,11872
5158,4,16,2020,2.1,1,1,57798,2,2,12544
5159,5,5,2004,3.3,2,3,261564,3,5,5368
5160,2,2,2002,4.6,1,3,110524,3,2,7089
5161,4,15,2012,2.4,1,2,127719,3,2,7545
5162,8,17,2016,4.3,4,3,2209,5,1,13155
5163,5,5,2014,1.7,4,3,245079,3,5,5098
5164,5,5,2011,2.7,1,3,245324,5,3,5193
5165,8,17,2022,4.3,2,3,230697,5,3,12386
5166,10,22,2022,4.1,2,3,85911,3,5,15081
5167,1,3,2012,4.6,4,3,156267,2,2,9174
5168,1,3,2015,1.9,3,2,169511,4,4,8109
5169,3,19,2013,3.5,3,1,294864,4,5,8102
5170,2,2,2005,1.5,4,3,235838,3,3,2383
5171,3,20,2016,1.4,4,3,10487,4,1,10090
5172,9,8,2015,3.7,4,3,247840,2,4,7343
5173,1,3,2019,2.7,2,2,102946,5,4,12441
5174,8,6,2016,4.6,3,3,284758,3,3,8804
5175,6,26,2003,2.3,1,2,81667,5,2,5666
5176,2,30,2021,1.2,2,2,145314,5,5,10693
5177,2,30,2007,1.4,1,2,259110,4,3,2417
5178,2,2,2001,2.9,2,3,146906,4,2,6361
5179,9,24,2017,4.1,3,3,251465,5,3,9270
5180,2,1,2000,4.6,3,1,283980,2,4,5520
5181,8,6,2020,1.2,2,3,151441,4,5,10271
5182,3,20,2014,4.6,4,3,136120,2,1,10177
5183,4,16,2015,2.2,2,2,73374,2,4,11332
5184,10,18,2008,2.5,3,3,29154,4,3,9416
5185,10,22,2006,1.0,3,2,76240,5,1,6375
5186,8,6,2023,2.5,4,2,165125,5,3,10197
5187,1,4,2007,3.4,1,2,277857,2,4,4042
5188,1,23,2009,4.8,1,3,111883,4,2,9362
5189,9,10,2003,3.7,3,2,233396,4,3,5032
5190,5,9,2022,4.5,2,1,160884,2,2,15482
5191,5,7,2015,4.5,2,3,223211,3,5,10635
5192,5,9,2004,4.7,2,1,18312,2,5,13133
5193,7,27,2010,4.8,3,2,25252,5,1,12394
5194,4,14,2016,1.9,2,1,177593,5,3,10748
5195,1,3,2006,2.3,2,2,34506,5,5,9509
5196,10,22,2010,2.7,3,3,277522,3,5,5249
5197,1,23,2016,4.3,4,1,19910,4,1,14301
5198,6,12,2007,4.6,3,3,194421,5,2,7911
5199,5,7,2011,4.3,2,2,140087,4,4,10898
5200,2,1,2013,4.9,2,1,185547,3,2,12689
5201,3,20,2001,4.0,4,2,116934,2,2,6061
5202,7,21,2009,1.3,4,3,93529,2,5,6229
5203,9,24,2017,2.5,4,1,239057,3,1,8418
5204,2,2,2015,4.0,3,2,273881,4,1,8122
5205,10,22,2010,4.8,1,1,47000,2,4,12460
5206,3,13,2022,3.0,3,2,163626,5,3,11427
5207,7,21,2022,1.7,4,3,95607,4,1,10487
5208,9,10,2012,1.1,4,1,97308,3,5,8353
5209,6,12,2007,2.6,3,1,147570,3,1,8348
5210,2,1,2020,2.5,3,1,170703,5,4,11685
5211,6,12,2014,3.3,2,3,20257,5,4,13194
5212,8,11,2020,5.0,4,2,76117,2,1,13577
5213,4,16,2018,1.7,4,1,58300,3,4,11534
5214,10,22,2012,3.4,4,1,30947,4,3,11981
5215,1,3,2008,3.8,1,1,20733,5,1,11385
5216,9,8,2009,4.3,3,1,159168,2,5,10416
5217,6,29,2021,3.3,2,2,14806,3,4,15403
5218,4,15,2008,4.6,3,2,57674,5,4,10946
5219,7,25,2001,4.3,2,2,235657,5,3,5986
5220,5,5,2005,2.8,1,1,256054,2,2,4778
5221,5,5,2015,4.8,4,1,250739,5,3,9885
5222,9,10,2000,1.9,4,1,192250,2,4,3655
5223,7,25,2000,1.4,4,3,57267,2,5,4354
5224,1,3,2017,3.8,2,1,49554,5,5,15508
5225,10,28,2017,5.0,2,2,292452,3,4,10350
5226,7,25,2013,4.0,4,1,17685,2,5,13146
5227,1,23,2002,3.5,1,2,112872,2,1,5942
5228,6,26,2002,4.7,4,3,74979,5,2,7900
5229,4,15,2002,3.8,2,1,260780,4,5,6784
5230,9,24,2018,3.0,4,2,204064,4,3,8418
5231,7,25,2003,1.1,1,3,168932,4,4,2721
5232,9,24,2017,3.9,3,3,43388,5,3,13232
5233,10,18,2014,3.0,4,1,93821,2,3,10923
5234,2,30,2011,2.6,2,1,269345,2,5,8113
5235,8,11,2013,3.0,1,2,245000,5,5,6100
5236,4,16,2007,2.1,3,1,176425,2,3,7271
5237,10,22,2015,3.8,4,3,94430,3,5,10511
5238,6,29,2012,1.0,4,2,271967,2,3,3260
5239,3,20,2017,3.6,3,1,51803,3,4,14263
5240,4,15,2021,4.8,4,3,223384,4,4,10732
5241,6,26,2004,3.6,1,3,294410,2,4,3011
5242,2,30,2000,1.2,1,3,55144,2,4,4197
5243,8,11,2010,1.2,3,3,123384,3,5,6832
5244,3,19,2006,1.0,4,1,292875,3,3,2542
5245,8,6,2015,3.9,4,1,89148,2,1,12217
5246,9,24,2004,2.8,4,2,133781,2,1,5424
5247,6,12,2012,2.0,1,3,60840,2,2,8483
5248,9,10,2006,3.8,2,2,175532,3,5,8189
5249,1,3,2013,2.6,1,1,30790,3,2,11484
5250,9,24,2002,3.2,3,1,281791,5,1,4764
5251,6,29,2009,2.4,1,1,69120,4,4,9317
5252,4,16,2015,3.6,1,2,61778,3,2,10964
5253,1,3,2007,2.2,3,1,105028,2,2,8799
5254,3,13,2020,2.4,4,2,194984,4,3,8600
5255,10,18,2007,1.4,3,2,247895,4,4,3642
5256,8,11,2015,1.5,3,1,31787,5,4,11964
5257,10,18,2016,3.4,1,3,135013,4,1,9599
5258,6,26,2022,1.5,1,3,107093,5,5,10058
5259,8,11,2013,4.0,3,2,54259,5,1,11914
5260,7,25,2023,4.9,3,2,247470,5,1,11950
5261,7,21,2021,2.2,3,1,54120,4,3,14017
5262,10,28,2011,2.5,1,3,113625,2,5,7627
5263,9,10,2021,2.3,4,3,235502,5,4,7989
5264,7,27,2017,3.6,3,1,74760,3,5,13804
5265,4,15,2003,2.7,2,3,60456,5,4,8490
5266,9,10,2023,2.6,3,2,224245,4,4,10115
5267,3,20,2000,2.2,1,3,174830,4,3,2803
5268,1,3,2013,4.5,1,2,20401,4,2,12091
5269,4,14,2002,4.0,1,3,173939,3,5,5221
5270,2,30,2008,2.3,3,2,20373,4,2,9392
5271,10,22,2015,1.8,3,2,95211,4,3,9495
5272,5,9,2018,4.3,3,1,18535,4,5,15929
5273,2,30,2008,4.9,3,3,43125,4,1,11537
5274,10,18,2011,3.8,4,3,132783,5,3,8544
5275,2,1,2011,3.8,1,1,230321,5,1,8093
5276,3,19,2011,3.7,1,3,16043,4,4,10779
5277,1,23,2006,2.6,2,1,238457,3,5,7230
5278,10,18,2007,4.2,1,1,86876,3,3,10162
5279,7,25,2004,1.6,1,1,136217,4,1,5675
5280,1,4,2005,4.1,4,1,71579,4,2,9768
5281,3,19,2011,1.3,1,2,52797,4,2,7644
5282,10,18,2001,4.4,2,3,69825,2,5,9403
5283,6,29,2021,4.4,3,3,24969,2,5,15300
5284,5,7,2022,4.6,3,2,65449,3,3,14991
5285,9,8,2011,1.9,1,3,63287,3,5,8034
5286,4,14,2014,1.1,2,2,142133,5,2,8557
5287,1,3,2022,1.9,1,2,166461,4,4,9270
5288,1,3,2006,2.0,1,2,229663,2,2,3306
5289,6,26,2023,3.0,2,1,262113,5,1,12257
5290,5,7,2022,1.2,3,1,112858,3,2,12142
5291,1,23,2016,2.3,2,2,231726,2,3,8565
5292,7,27,2016,3.6,1,3,164494,3,2,9210
5293,8,6,2021,4.9,4,2,273394,3,5,9832
5294,9,8,2001,3.7,3,1,213223,2,1,6335
5295,7,21,2022,2.6,1,1,157417,3,4,11651
5296,1,23,2010,4.1,1,3,148960,4,1,8220
5297,3,19,2006,3.9,3,1,13653,5,2,12026
5298,3,20,2021,4.6,2,1,59420,3,3,17311
5299,6,12,2000,3.6,2,1,57404,4,1,10051
5300,10,18,2004,2.8,1,2,113910,4,4,5821
5301,10,22,2020,3.6,4,3,61596,3,1,12468
5302,9,8,2007,4.2,4,3,134335,2,5,7713
5303,1,23,2006,2.2,4,2,189950,3,4,4301
5304,5,7,2007,3.3,1,2,208574,4,3,5328
5305,7,27,2011,3.3,4,2,145791,4,4,7784
5306,8,17,2012,3.1,1,2,170691,5,3,7386
5307,2,1,2011,3.9,1,1,108946,4,5,10621
5308,5,5,2013,4.5,1,2,192153,2,4,8656
5309,8,6,2017,4.1,4,1,161441,3,3,11571
5310,8,6,2023,5.0,4,3,146333,4,1,13073
5311,4,14,2002,3.6,3,3,39868,5,5,8502
5312,3,19,2007,3.5,1,1,37419,5,4,10451
5313,2,30,2009,1.0,2,1,115516,5,2,8989
5314,5,7,2018,4.4,3,2,137569,2,5,12148
5315,9,10,2011,2.0,3,3,159763,4,1,7204
5316,8,17,2001,2.1,4,1,3660,3,5,7926
5317,1,4,2002,1.6,1,1,157963,3,3,4640
5318,1,4,2010,4.7,3,2,135927,5,3,10081
5319,6,12,2015,2.9,4,3,109966,2,5,9300
5320,4,16,2001,3.0,3,2,225876,5,2,3882
5321,8,11,2014,3.5,2,1,127296,2,2,12754
5322,7,27,2020,1.7,4,1,142997,5,2,10440
5323,1,23,2000,2.2,3,3,239896,2,3,2502
5324,9,8,2011,5.0,1,1,234330,4,4,9213
5325,1,23,2007,4.3,3,1,97271,2,1,11054
5326,5,5,2020,4.6,2,2,153639,4,3,13627
5327,10,28,2018,3.0,1,2,45542,4,2,11589
5328,10,28,2011,3.1,4,2,285178,2,3,4796
5329,1,23,2009,1.3,1,2,218099,4,4,3738
5330,9,8,2012,2.1,1,2,216885,3,1,5462
5331,2,2,2007,4.3,3,1,255700,2,1,7886
5332,10,22,2011,3.8,2,3,14501,4,5,12909
5333,5,9,2006,3.7,1,1,245945,3,4,6181
5334,8,17,2007,4.2,1,1,93955,5,2,10020
5335,7,21,2012,3.9,1,1,109956,5,5,10900
5336,3,13,2020,3.8,3,1,269598,4,5,11008
5337,1,4,2012,1.9,2,2,45262,4,5,10694
5338,10,22,2007,3.2,2,2,198453,3,1,7430
5339,10,22,2017,2.4,3,1,137364,5,2,11352
5340,1,23,2001,2.3,4,3,34035,3,3,6019
5341,5,9,2005,1.6,2,1,138872,5,4,7922
5342,1,3,2020,3.0,1,2,199431,3,4,9111
5343,10,22,2021,3.8,1,2,248446,3,3,9231
5344,8,17,2010,2.9,2,1,17141,5,5,13157
5345,6,26,2009,2.1,1,2,258,4,1,8894
5346,2,1,2002,1.1,3,3,143151,2,4,3936
5347,2,2,2022,3.2,1,3,26126,3,1,13377
5348,1,23,2011,4.5,4,1,277409,3,5,7851
5349,7,21,2015,4.2,1,3,174612,5,3,9307
5350,8,11,2001,4.7,2,2,247365,4,3,6152
5351,6,12,2006,4.4,4,2,4533,3,1,10209
5352,4,14,2017,1.5,3,2,185616,2,1,7987
5353,8,17,2006,1.3,2,2,35764,4,2,8484
5354,2,1,2004,1.4,4,2,96827,5,2,4763
5355,7,21,2013,2.2,1,2,103277,5,3,8134
5356,2,2,2001,2.5,1,3,201185,4,1,2876
5357,9,8,2005,3.9,2,2,36092,2,4,10778
5358,6,26,2019,3.0,4,1,64584,2,3,13008
5359,1,23,2002,2.0,4,1,270098,3,3,2798
5360,2,30,2021,3.5,2,1,225793,3,4,12884
5361,5,9,2012,1.6,4,1,276281,4,3,5274
5362,6,29,2021,1.1,3,1,165941,4,1,10681
5363,4,16,2008,4.8,2,2,190302,5,1,9493
5364,1,23,2010,2.1,3,1,59470,3,5,10510
5365,8,17,2011,1.9,2,2,30403,2,3,10691
5366,4,16,2005,2.6,4,1,262282,5,5,4454
5367,4,15,2006,3.7,1,1,56639,5,1,9967
5368,4,15,2008,5.0,1,3,291457,4,4,5670
5369,6,26,2008,4.2,1,3,165677,2,4,7386
5370,4,16,2006,4.4,3,1,76550,5,1,11269
5371,3,20,2017,1.2,4,1,192701,3,4,8045
5372,6,29,2020,2.0,4,3,93264,3,3,10234
5373,3,13,2015,2.8,1,1,156778,4,3,9764
5374,7,21,2008,3.2,2,3,85397,2,3,9992
5375,4,15,2023,3.8,2,1,216961,5,4,13960
5376,7,27,2000,4.3,3,3,190770,2,3,5584
5377,8,11,2019,3.5,1,3,195620,2,1,9387
5378,7,25,2010,1.3,4,3,150265,2,3,5394
5379,2,1,2022,3.0,1,1,292241,3,1,9355
5380,2,30,2009,2.4,1,3,267260,5,4,3854
5381,2,2,2020,1.6,3,1,35830,3,2,13483
5382,2,1,2005,4.0,1,3,240538,3,2,4789
5383,7,25,2019,2.4,4,2,294864,4,2,6302
5384,3,19,2023,1.7,1,3,109838,3,2,10503
5385,1,23,2003,3.5,1,3,13919,3,4,8221
5386,9,24,2016,2.7,2,3,150220,4,5,10595
5387,5,5,2007,4.1,2,1,210029,3,2,9599
5388,4,16,2015,2.4,2,3,14293,2,3,12714
5389,7,21,2002,1.0,1,1,62764,3,5,5944
5390,2,30,2006,4.5,4,3,54111,5,5,9317
5391,6,26,2010,1.5,4,3,54123,2,2,7517
5392,9,10,2008,3.7,3,3,176021,3,2,7679
5393,7,21,2002,4.4,1,2,28849,5,2,8523
5394,8,6,2012,4.5,4,3,158137,5,1,9037
5395,2,30,2006,2.1,2,1,134833,2,4,8803
5396,3,19,2015,3.8,3,1,251350,2,3,9873
5397,9,8,2016,4.0,3,3,93677,4,3,12026
5398,10,22,2019,2.8,1,3,64595,4,5,11308
5399,3,19,2003,4.8,4,3,43123,2,4,8937
5400,3,13,2007,2.5,3,1,226193,5,3,6676
5401,9,10,2019,3.2,1,1,107244,5,5,12355
5402,4,14,2022,4.0,1,2,177776,3,2,11144
5403,10,22,2011,2.2,3,1,28192,3,5,11536
5404,4,14,2013,2.1,3,3,136973,2,4,8360
5405,2,2,2015,1.9,3,3,277207,3,3,5955
5406,5,7,2006,4.3,1,3,226236,4,3,5675
5407,7,27,2002,2.7,3,3,14820,2,5,8103
5408,6,12,2018,3.3,2,3,289705,5,4,9005
5409,7,25,2007,3.5,2,2,96531,3,5,9769
5410,2,1,2012,2.5,1,3,48350,5,3,9233
5411,8,11,2013,2.7,1,3,60631,4,3,9487
5412,1,23,2003,2.0,3,2,265161,2,3,2696
5413,5,7,2012,1.6,4,3,257128,2,3,4157
5414,2,30,2010,1.9,2,2,166667,4,4,7666
5415,3,19,2019,3.6,4,2,220278,5,1,8994
5416,6,29,2004,4.9,3,1,76461,4,2,11170
5417,10,18,2019,3.7,2,3,248482,2,1,10530
5418,7,25,2004,2.1,2,2,218620,4,4,5027
5419,9,10,2020,3.5,1,2,181039,4,4,9979
5420,4,16,2007,1.5,1,1,88661,4,3,7426
5421,8,11,2006,2.8,4,2,198463,3,4,4730
5422,8,11,2001,3.4,3,1,181413,2,5,6671
5423,3,13,2004,2.1,4,1,276270,3,4,3374
5424,6,26,2005,1.1,2,2,56102,2,4,7577
5425,4,16,2014,4.1,1,3,118008,2,4,10039
5426,4,14,2018,3.0,1,3,179286,2,2,8914
5427,9,10,2003,4.1,2,1,37998,2,2,11840
5428,4,16,2019,4.1,4,2,62510,2,3,12649
5429,5,5,2001,4.5,4,2,200929,3,3,4881
5430,4,15,2004,4.7,4,2,280801,5,1,4383
5431,9,8,2018,2.2,2,1,139324,4,3,12413
5432,8,11,2010,2.0,2,1,74692,4,2,11106
5433,2,1,2023,4.1,1,2,183134,5,1,11437
5434,10,22,2014,4.2,3,1,183204,4,2,11335
5435,6,12,2006,3.5,3,2,280007,5,4,4799
5436,5,7,2015,2.5,2,2,282904,2,3,7441
5437,5,9,2023,1.9,1,3,93072,3,1,11038
5438,2,1,2014,3.8,4,2,190083,3,3,8298
5439,1,3,2013,4.9,4,2,41433,5,4,12071
5440,7,27,2019,3.8,1,2,93843,3,2,11723
5441,9,24,2012,2.0,3,2,134976,5,5,8000
5442,3,13,2013,2.5,4,2,213979,2,2,6220
5443,10,18,2001,1.5,4,2,52251,2,1,4854
5444,9,10,2008,2.4,1,2,180379,2,4,5292
5445,7,25,2018,1.0,3,3,80532,5,1,9889
5446,8,6,2005,3.2,3,3,124627,5,1,7307
5447,10,22,2004,3.1,2,1,10661,5,5,11686
5448,8,17,2001,1.0,2,2,249485,4,4,2410
5449,9,24,2014,4.0,1,3,164064,5,3,9018
5450,5,5,2010,3.5,3,2,55658,2,5,10486
5451,6,12,2011,3.8,1,1,161294,5,1,9474
5452,8,6,2020,4.1,4,2,84199,4,4,12516
5453,4,16,2022,4.1,1,3,256377,4,5,9672
5454,6,12,2022,1.6,2,1,107471,5,4,13650
5455,2,2,2020,4.4,1,1,238626,3,3,11227
5456,6,26,2000,1.2,1,3,175829,5,3,2000
5457,3,20,2000,3.1,4,1,171262,4,5,5274
5458,10,22,2001,1.8,2,2,3626,2,4,8127
5459,3,13,2012,4.5,1,2,32125,4,4,11557
5460,6,29,2007,2.0,2,1,177667,4,2,8146
5461,10,28,2009,4.8,2,2,134289,2,1,10914
5462,3,19,2020,1.6,2,3,104932,3,1,11601
5463,2,30,2007,2.1,2,1,215602,4,2,7487
5464,10,22,2016,4.4,3,3,234156,4,2,9616
5465,9,10,2016,3.1,2,3,140620,5,4,11187
5466,8,17,2007,1.4,2,2,47554,5,1,8648
5467,8,6,2016,1.5,1,3,78352,3,2,8832
5468,9,10,2002,2.0,1,1,139358,2,3,5412
5469,9,8,2015,4.3,2,2,59772,3,5,13704
5470,1,23,2017,1.8,3,3,3893,5,3,11922
5471,7,25,2001,1.3,3,1,89989,5,2,6400
5472,8,6,2013,3.2,4,3,94054,4,4,9318
5473,4,14,2015,3.0,1,3,296953,3,5,5660
5474,4,16,2010,2.5,3,3,268750,2,4,5225
5475,3,13,2011,4.3,3,3,59482,5,4,11510
5476,5,7,2005,3.7,3,2,120799,2,2,7884
5477,5,5,2013,1.2,4,3,62406,3,2,7951
5478,5,5,2005,4.5,1,3,113103,5,5,7837
5479,8,11,2000,3.0,3,3,83334,2,2,6433
5480,2,2,2008,2.4,2,3,70871,4,4,9482
5481,5,7,2003,2.3,4,2,26129,5,2,6777
5482,6,29,2016,4.3,4,1,102569,5,5,12648
5483,5,9,2013,2.6,4,3,244401,4,2,5711
5484,4,14,2006,4.3,4,3,105635,5,4,8087
5485,2,1,2021,2.7,2,2,169493,2,2,11710
5486,6,12,2023,1.3,4,1,274924,2,4,8301
5487,5,5,2023,1.9,3,3,247050,5,5,8959
5488,9,24,2005,3.7,3,2,39194,2,2,9516
5489,4,15,2005,4.9,4,1,296548,5,5,6069
5490,5,9,2011,4.0,3,1,136864,3,1,11162
5491,5,7,2020,2.4,2,2,275082,2,5,8998
5492,8,11,2015,3.5,1,1,59502,3,5,12409
5493,2,2,2018,2.9,3,2,220490,4,3,8990
5494,6,29,2012,2.8,1,2,269946,2,3,5101
5495,2,2,2007,2.1,3,1,169134,4,5,7417
5496,8,11,2022,2.7,1,3,111485,5,1,11170
5497,4,16,2017,4.2,2,2,160087,2,2,12198
5498,5,7,2000,3.5,2,3,110492,2,4,7390
5499,9,8,2012,4.2,4,3,212641,5,3,7647
5500,6,12,2023,3.8,4,3,87632,3,3,13047
5501,6,12,2011,4.9,3,2,292740,2,3,7445
5502,10,28,2002,3.7,4,2,273994,2,4,2920
5503,7,21,2003,1.2,4,2,79956,3,1,4600
5504,7,21,2004,4.6,4,1,285734,4,4,5685
5505,6,26,2010,1.2,4,2,248898,5,3,3322
5506,4,16,2003,4.9,1,3,76963,5,4,8360
5507,2,1,2002,1.9,2,1,121009,5,4,7679
5508,8,17,2011,4.4,2,1,134825,3,5,12603
5509,10,28,2004,1.5,2,2,262785,4,1,3544
5510,7,25,2017,2.9,2,3,197247,5,4,10155
5511,7,21,2001,3.2,1,1,10989,3,3,8880
5512,5,9,2023,2.5,4,3,5654,4,1,13386
5513,8,17,2021,3.9,2,1,129980,2,3,15200
5514,3,19,2000,3.3,3,3,144876,2,2,5502
5515,2,30,2004,2.8,3,1,37950,4,1,9841
5516,3,19,2012,2.9,1,3,263638,4,3,5327
5517,7,21,2002,4.3,4,1,269533,3,1,5109
5518,9,10,2013,4.6,3,3,66042,5,5,12279
5519,1,23,2014,2.9,1,1,287949,3,3,6941
5520,10,22,2018,2.9,2,3,41037,5,1,13579
5521,9,10,2021,1.4,2,1,92636,4,4,13447
5522,7,21,2006,1.0,1,2,199849,5,4,2903
5523,1,3,2007,1.7,1,2,214516,2,2,3609
5524,3,20,2001,4.4,3,3,115090,4,3,7498
5525,5,5,2013,1.5,4,1,260162,4,1,5796
5526,6,26,2023,2.8,3,2,135313,2,1,12093
5527,4,16,2011,4.0,2,3,34117,4,1,12717
5528,2,2,2011,1.2,1,2,12658,3,1,8346
5529,3,20,2013,1.2,1,1,242279,3,2,5854
5530,7,27,2008,4.6,1,1,114536,3,4,10309
5531,7,21,2010,1.4,3,2,46391,3,1,8572
5532,9,24,2015,2.0,1,3,248566,5,3,5628
5533,10,22,2022,1.6,1,2,181412,3,1,8671
5534,8,11,2013,4.7,3,3,49867,5,1,12702
5535,3,19,2022,2.1,2,3,84163,4,3,13116
5536,5,9,2015,3.8,2,2,9028,2,4,14219
5537,3,19,2017,3.1,1,3,224837,2,4,7803
5538,10,28,2022,1.7,2,1,272741,3,2,10445
5539,5,9,2022,2.1,4,2,11243,4,4,12575
5540,10,18,2021,3.4,2,1,229040,3,4,12719
5541,6,29,2019,1.5,4,3,40614,5,4,10487
5542,3,13,2006,4.5,2,1,220900,4,4,9482
5543,5,9,2014,1.2,4,1,276121,4,3,5477
5544,4,14,2023,3.7,1,1,237277,4,5,11454
5545,10,28,2015,4.2,4,2,71375,2,3,11372
5546,4,15,2021,4.1,3,3,246412,5,1,10571
5547,5,9,2018,1.5,3,2,181290,2,5,8374
5548,2,1,2002,4.3,4,3,40940,3,3,8181
5549,6,26,2014,4.2,1,1,43329,4,1,13133
5550,4,16,2014,2.5,4,1,293743,3,3,6425
5551,3,13,2003,4.1,3,2,82053,3,1,8458
5552,4,15,2013,2.2,4,2,257294,5,2,5054
5553,3,19,2013,3.7,1,1,150034,5,2,10199
5554,10,18,2017,1.3,2,2,191037,3,5,8679
5555,10,18,2013,1.8,2,3,280142,4,3,6197
5556,1,3,2009,4.0,1,2,106254,3,1,8674
5557,5,7,2001,4.6,3,2,81932,3,4,8361
5558,4,16,2015,3.1,4,2,285634,5,5,5987
5559,3,13,2014,4.1,4,2,136674,5,4,9666
5560,7,21,2003,4.4,3,1,132647,5,3,9247
5561,9,8,2001,1.7,4,3,191025,4,2,2279
5562,8,11,2018,3.1,1,2,173148,5,5,9137
5563,2,2,2014,4.0,3,3,179279,5,3,9714
5564,7,25,2013,4.0,2,2,254181,5,4,8916
5565,5,7,2011,1.9,1,2,61122,3,1,8077
5566,2,2,2006,4.5,2,3,68346,3,2,11033
5567,10,28,2017,1.2,4,2,255250,4,2,5295
5568,7,25,2012,3.4,3,2,208348,3,4,7933
5569,2,30,2004,4.9,3,1,209799,3,2,8504
5570,8,6,2023,1.1,4,1,69394,5,5,12212
5571,4,14,2004,3.9,1,3,57680,5,2,8046
5572,4,15,2001,2.5,1,3,205117,5,3,2797
5573,8,17,2005,4.3,4,2,133571,4,2,7228
5574,9,8,2002,3.2,4,3,268234,5,4,2535
5575,4,14,2006,4.5,1,1,299643,2,2,5907
5576,4,16,2001,1.8,4,3,239923,2,1,2000
5577,3,20,2009,2.6,3,3,196829,4,4,6463
5578,10,18,2003,1.8,1,1,178676,4,5,4726
5579,9,8,2019,2.6,2,2,273610,5,4,8927
5580,9,8,2003,4.9,2,3,156648,3,1,8767
5581,6,26,2005,3.7,3,2,163285,2,2,7034
5582,10,22,2011,2.1,2,3,89522,4,4,9709
5583,3,13,2021,3.9,3,1,108581,4,1,14628
5584,6,12,2003,4.7,1,1,283694,5,4,5526
5585,6,26,2018,3.1,2,3,119323,3,3,12213
5586,2,30,2002,3.5,3,2,155339,5,4,6093
5587,10,18,2003,1.2,1,2,137349,3,1,3453
5588,8,11,2014,2.1,3,2,24380,4,1,10912
5589,7,25,2020,3.0,2,1,217080,3,2,12258
5590,2,1,2016,3.9,2,1,85557,3,2,14588
5591,6,29,2017,1.3,3,3,269629,4,5,6107
5592,10,18,2006,1.8,2,1,145181,2,5,8296
5593,2,2,2023,3.3,3,3,90330,4,1,13493
5594,10,18,2002,3.6,4,2,256231,5,4,3175
5595,2,30,2006,3.7,2,2,13890,2,2,11322
5596,6,26,2009,4.5,3,3,121994,3,4,9860
5597,4,15,2018,3.0,2,3,266849,2,1,9163
5598,7,27,2006,4.5,4,3,176305,2,3,6873
5599,5,5,2002,1.5,2,2,205644,4,3,4087
5600,4,14,2006,3.8,1,2,34397,5,5,9012
5601,6,29,2012,4.4,2,3,227033,2,2,9559
5602,7,21,2022,2.9,4,2,66372,5,1,12272
5603,1,4,2017,2.8,4,2,134013,4,2,9319
5604,2,1,2007,2.9,2,1,16101,3,1,12277
5605,8,11,2018,4.8,3,3,123902,4,3,12821
5606,2,2,2010,1.9,2,2,155611,5,4,7887
5607,9,24,2005,4.7,3,3,52621,5,4,10247
5608,7,25,2013,4.8,3,3,153087,3,4,10738
5609,9,10,2006,3.8,2,2,269067,5,4,6318
5610,7,21,2004,3.1,4,3,183688,2,4,4726
5611,4,16,2019,1.6,1,3,276274,2,3,5874
5612,1,3,2008,1.6,4,1,257336,2,2,4453
5613,10,22,2017,1.8,1,3,157223,4,1,7855
5614,8,11,2000,4.8,4,2,289527,5,2,3109
5615,8,11,2015,2.2,4,1,6182,2,5,12176
5616,4,15,2000,2.7,4,3,256882,2,3,2000
5617,10,22,2013,3.0,2,3,238677,3,1,8226
5618,1,3,2002,2.0,2,1,287901,4,1,4441
5619,3,20,2018,4.6,2,1,257247,5,3,12455
5620,10,28,2007,4.3,4,3,257942,4,1,5341
5621,7,27,2001,1.6,3,2,28385,4,4,6432
5622,6,26,2002,1.0,4,3,12895,3,5,5442
5623,5,7,2003,3.2,1,3,107935,2,1,6041
5624,5,5,2002,2.2,3,1,79517,5,1,7809
5625,8,11,2011,1.5,2,3,108240,2,2,8735
5626,10,28,2018,4.6,4,1,203455,3,3,11530
5627,9,8,2004,4.2,4,1,28401,3,2,10431
5628,8,6,2014,3.7,1,3,32883,5,1,11342
5629,3,20,2005,2.8,2,1,104526,3,1,9809
5630,4,15,2023,2.7,1,3,55110,3,3,12597
5631,7,21,2017,1.8,1,3,291061,2,5,5178
5632,1,4,2003,2.1,4,1,191481,2,2,4770
5633,8,11,2005,2.7,1,2,220699,3,5,3886
5634,6,29,2022,3.8,1,2,66874,5,5,13162
5635,4,16,2009,5.0,1,2,51399,3,3,10772
5636,6,12,2020,4.9,1,2,147964,5,5,12040
5637,4,14,2021,3.3,2,2,159806,4,4,12503
5638,7,21,2021,2.7,3,2,165728,3,1,10785
5639,3,13,2006,2.8,3,2,162348,4,1,6453
5640,7,25,2000,5.0,2,2,209293,4,4,6914
5641,1,3,2017,2.1,4,2,139597,4,1,8508
5642,10,22,2009,2.0,2,1,128629,5,5,9727
5643,4,14,2021,3.4,1,2,158797,2,1,10624
5644,10,18,2022,4.6,4,1,28189,3,2,16236
5645,8,11,2008,3.8,2,2,122293,3,2,9854
5646,4,16,2003,3.6,2,3,106969,5,2,8460
5647,8,6,2006,1.1,4,1,82363,5,4,6852
5648,10,18,2008,3.6,3,1,138770,2,5,9824
5649,5,5,2018,3.1,2,3,9387,4,2,14412
5650,10,18,2016,4.0,3,2,123385,2,1,11432
5651,1,4,2012,3.3,2,2,189813,4,3,9203
5652,5,7,2007,1.9,2,1,219232,2,5,7215
5653,1,3,2023,3.7,1,2,282010,3,5,9059
5654,10,28,2006,1.3,1,2,142319,2,2,4353
5655,7,21,2003,3.7,1,1,234455,3,2,5510
5656,9,24,2023,1.8,1,2,209016,4,1,8619
5657,2,30,2002,4.8,1,2,220206,2,4,5095
5658,3,19,2022,3.5,3,1,46403,5,1,15771
5659,6,12,2011,2.0,2,3,282627,5,2,5747
5660,5,9,2010,4.9,1,2,241911,3,4,7161
5661,10,22,2006,1.6,4,3,70731,4,2,6085
5662,3,13,2020,4.2,1,1,149891,5,4,12802
5663,8,11,2006,3.8,2,3,28024,4,4,11139
5664,6,26,2023,2.3,2,1,262483,3,3,11550
5665,8,11,2014,4.0,3,3,222972,4,3,8840
5666,2,2,2005,1.2,1,1,212121,4,5,4057
5667,10,28,2002,2.7,1,1,135483,2,3,6190
5668,3,13,2008,3.1,3,2,14689,5,4,10306
5669,1,4,2015,3.7,4,1,135789,2,2,11084
5670,8,11,2001,4.9,2,1,217570,3,2,8448
5671,3,13,2003,1.2,3,3,237661,4,2,2446
5672,6,26,2018,3.1,1,1,43735,3,5,13225
5673,4,16,2015,2.7,4,1,198182,2,1,8836
5674,9,10,2018,1.9,1,2,6014,3,1,11279
5675,9,8,2014,4.6,1,2,80761,5,1,11284
5676,5,5,2005,3.1,2,2,263013,3,4,5439
5677,4,15,2008,1.5,1,3,53852,5,2,6922
5678,8,17,2007,4.1,2,2,98804,5,1,10323
5679,7,25,2017,2.6,4,3,256309,3,1,6673
5680,2,30,2010,1.7,1,3,278530,5,4,3229
5681,4,16,2002,4.5,3,1,64826,2,3,10403
5682,1,3,2015,4.2,2,3,37658,2,3,14046
5683,3,20,2005,2.2,4,2,221125,3,2,3377
5684,5,7,2012,2.8,3,1,124602,2,3,10507
5685,7,25,2020,4.3,2,2,243563,2,1,11528
5686,9,24,2017,2.3,2,3,75192,4,4,11996
5687,6,12,2008,4.1,2,3,253573,2,2,7528
5688,10,22,2001,4.3,2,2,9556,5,5,10508
5689,5,5,2012,4.5,1,2,277552,4,2,6648
5690,10,18,2011,4.9,4,2,263857,4,1,7022
5691,2,1,2014,4.4,4,2,152396,3,2,9652
5692,10,22,2022,1.3,3,2,417,2,3,12991
5693,10,28,2009,4.1,4,1,267861,3,5,7042
5694,8,11,2015,3.1,2,2,79337,2,2,12113
5695,4,14,2012,1.2,1,1,81363,3,4,8772
5696,7,27,2004,1.8,3,3,245544,3,5,3189
5697,10,22,2011,4.3,1,1,124584,2,2,10708
5698,5,7,2023,4.6,3,1,10046,4,4,17899
5699,3,13,2022,4.8,3,1,224603,2,3,13507
5700,4,15,2001,2.1,2,3,98089,4,5,6538
5701,2,2,2017,3.7,3,3,213273,4,4,9634
5702,8,6,2010,1.3,2,2,222606,4,2,5947
5703,9,24,2009,2.8,3,3,205898,5,1,6482
5704,1,3,2003,3.0,1,3,56812,2,3,6863
5705,5,5,2009,1.1,1,1,234060,2,1,4718
5706,1,23,2005,4.6,1,3,117063,2,4,7858
5707,8,6,2016,2.4,3,1,289394,2,2,8012
5708,5,9,2004,1.2,4,2,285865,3,3,2000
5709,1,23,2004,1.5,2,2,286397,4,5,3072
5710,7,21,2004,2.7,4,2,64560,5,2,6708
5711,3,19,2007,3.0,4,1,266090,4,4,5378
5712,1,23,2014,1.3,3,2,264067,4,2,5318
5713,8,6,2002,3.6,1,2,266145,2,4,2977
5714,2,30,2013,4.1,2,3,181750,5,3,10465
5715,9,8,2018,3.8,4,2,124980,5,2,10800
5716,5,5,2018,4.9,1,3,25650,5,5,13887
5717,2,30,2021,2.9,3,2,37097,2,2,13558
5718,10,18,2022,1.0,2,3,92396,4,4,11852
5719,3,13,2000,4.5,2,3,80366,2,5,8992
5720,6,12,2020,4.3,3,3,293131,5,1,9537
5721,10,22,2006,4.9,3,3,8618,4,4,11627
5722,4,16,2002,2.8,4,1,295693,5,5,3086
5723,8,11,2003,4.8,3,3,225791,5,3,6284
5724,6,29,2015,1.7,4,3,174677,5,5,6806
5725,5,9,2020,4.2,2,2,293230,4,4,10435
5726,6,26,2019,1.8,2,2,4457,2,1,13510
5727,9,8,2021,3.3,2,3,287953,3,4,9940
5728,2,30,2013,3.4,3,2,226521,2,1,7869
5729,10,28,2017,4.6,4,2,28687,2,2,13226
5730,3,20,2006,3.8,4,3,246743,2,5,4765
5731,2,2,2011,2.9,3,1,9200,2,3,12616
5732,4,14,2020,4.2,3,2,99801,3,4,13303
5733,5,7,2023,2.4,2,1,254910,2,3,11801
5734,2,30,2009,1.8,4,3,281531,4,1,2969
5735,8,6,2000,3.6,1,1,63178,3,4,7936
5736,3,19,2002,2.4,2,1,172244,5,3,7155
5737,7,27,2014,3.3,3,2,281184,4,5,6976
5738,2,1,2005,1.8,2,1,284282,3,4,5214
5739,4,15,2007,1.7,4,2,72721,4,5,6445
5740,5,5,2022,2.5,1,2,139526,3,1,10409
5741,8,6,2000,1.9,4,1,176656,3,4,3966
5742,5,7,2015,2.9,4,1,161128,5,4,9777
5743,2,2,2007,3.8,2,3,44190,2,3,11116
5744,9,24,2019,1.8,2,2,219160,2,5,9216
5745,1,23,2003,2.4,3,1,145451,5,4,6990
5746,9,8,2008,3.1,3,3,218996,4,4,6220
5747,8,11,2011,3.9,3,1,144713,3,5,10905
5748,10,22,2005,3.9,2,3,63998,2,1,10220
5749,9,8,2009,1.3,1,2,76365,5,4,6572
5750,3,20,2002,2.7,1,3,1017,5,4,7379
5751,9,10,2013,2.3,4,1,164717,4,3,8505
5752,2,30,2007,4.0,3,1,197012,4,1,8759
5753,9,10,2003,4.0,4,3,58491,5,3,7830
5754,4,15,2021,2.8,2,2,140833,5,1,12383
5755,9,8,2022,3.7,2,2,94565,4,5,14508
5756,8,17,2017,2.3,4,2,118731,2,4,9125
5757,7,25,2000,1.3,4,1,268371,4,3,2000
5758,6,29,2023,1.7,4,3,216687,5,3,8366
5759,6,12,2014,4.8,1,3,133831,2,1,10423
5760,2,1,2013,3.3,4,1,258231,4,2,7635
5761,8,11,2015,2.5,3,3,194132,2,3,8217
5762,7,21,2008,3.1,2,2,69323,3,4,10213
5763,10,28,2014,1.8,3,2,221431,5,3,6671
5764,3,13,2013,3.6,1,3,45594,2,2,10688
5765,10,22,2007,4.4,2,2,234437,2,1,7911
5766,4,15,2016,3.3,2,3,157592,5,5,11048
5767,10,28,2014,1.1,1,1,89812,3,2,9103
5768,8,6,2022,3.9,1,3,91711,4,4,12765
5769,2,30,2007,1.9,3,2,228508,3,3,4529
5770,8,6,2001,2.8,2,3,57633,4,1,8047
5771,10,22,2016,3.3,4,1,224391,2,5,9212
5772,5,7,2007,2.2,4,3,140815,4,2,5583
5773,8,17,2023,4.3,3,2,161994,5,3,13060
5774,8,11,2016,3.4,2,3,179450,4,1,10711
5775,10,18,2020,2.4,2,1,97270,4,5,14054
5776,7,25,2021,3.3,2,1,190197,3,1,13396
5777,2,30,2015,3.2,4,3,115023,3,4,9499
5778,4,15,2013,1.5,4,3,431,2,4,9491
5779,7,27,2004,2.8,4,1,25432,4,5,9091
5780,5,5,2002,2.8,4,1,223989,3,4,4520
5781,4,14,2011,1.3,1,1,236894,3,4,5462
5782,8,17,2020,2.1,1,3,222732,4,1,7745
5783,6,26,2007,2.6,1,1,79562,2,5,8708
5784,6,12,2001,4.6,3,2,113743,4,4,7725
5785,4,16,2006,3.2,2,1,186095,4,1,8878
5786,1,23,2012,4.8,1,2,162020,2,4,9259
5787,1,4,2004,1.3,3,1,57078,3,4,7958
5788,7,27,2017,2.7,3,1,170136,3,4,10997
5789,8,17,2006,3.8,1,3,133838,5,5,7023
5790,10,18,2021,1.3,2,1,203620,4,3,11127
5791,10,28,2013,3.4,3,2,206247,2,4,8275
5792,3,19,2018,3.2,2,1,143684,3,5,13326
5793,5,7,2004,4.6,1,2,154124,3,4,6817
5794,8,11,2021,2.1,2,1,256895,3,3,10862
5795,5,7,2006,4.2,3,3,90587,5,5,9288
5796,2,1,2017,3.5,2,1,205604,2,2,12087
5797,6,26,2001,3.3,1,1,19717,5,2,8805
5798,9,10,2010,3.9,3,1,199971,2,4,9500
5799,10,18,2012,2.6,1,2,134814,2,3,7603
5800,3,19,2018,1.1,4,2,105450,4,1,8491
5801,6,29,2009,4.5,2,1,99134,2,5,12817
5802,7,27,2020,4.4,1,3,60072,3,2,13298
5803,10,28,2010,2.0,1,2,26122,5,1,8577
5804,9,24,2005,1.4,1,1,171673,5,5,5066
5805,9,24,2000,3.6,3,2,101716,2,5,6665
5806,2,2,2002,3.3,1,1,274790,2,2,4004
5807,9,8,2018,1.3,2,1,143904,4,2,11421
5808,8,6,2015,4.7,4,3,77848,2,3,11743
5809,5,5,2019,2.6,2,1,30363,2,1,15292
5810,7,25,2010,4.3,2,3,64193,4,2,12116
5811,1,4,2009,1.3,3,3,252079,3,3,4058
5812,8,17,2020,1.0,3,1,167685,3,1,10246
5813,7,27,2014,4.4,1,2,289041,5,2,6919
5814,6,29,2005,4.1,1,3,99815,3,3,7703
5815,9,8,2012,1.3,3,1,54865,3,1,10402
5816,1,23,2021,3.7,3,2,107030,3,5,12959
5817,9,10,2014,1.8,2,2,106111,2,3,9977
5818,9,8,2008,2.4,3,1,166039,5,3,8079
5819,2,1,2012,3.6,4,1,239207,4,1,8015
5820,4,15,2006,2.8,2,3,156582,3,3,7568
5821,10,28,2014,2.9,3,1,44446,4,5,12811
5822,2,1,2023,4.2,1,2,44358,4,2,14312
5823,9,24,2015,3.3,3,3,130966,2,5,10280
5824,4,16,2014,3.2,3,3,60721,5,1,11285
5825,3,20,2008,2.2,3,2,55505,4,2,8589
5826,6,29,2012,3.3,4,1,100102,5,3,10497
5827,9,8,2021,2.5,4,2,296835,2,4,6963
5828,4,16,2006,2.7,1,1,122151,2,4,7656
5829,1,3,2005,1.1,1,2,237773,5,1,2000
5830,2,1,2013,1.2,3,3,147992,4,5,7240
5831,1,4,2015,4.9,3,2,107186,3,4,12356
5832,7,27,2019,4.1,1,3,142965,2,1,11040
5833,6,12,2008,4.4,2,2,198986,3,2,8920
5834,2,30,2005,3.6,2,2,33673,5,3,10526
5835,8,17,2015,2.6,3,3,210969,4,2,7980
5836,5,9,2019,1.9,1,1,233275,5,2,8534
5837,8,17,2023,4.5,2,1,187138,5,5,15257
5838,7,21,2018,1.2,2,2,246762,2,4,7764
5839,6,29,2023,3.6,1,3,10828,5,2,14383
5840,9,10,2001,1.1,1,1,140753,4,5,4184
5841,6,12,2001,4.6,1,3,102606,3,2,6947
5842,9,8,2000,1.5,1,3,30953,4,3,4980
5843,7,27,2010,2.5,1,3,22296,4,3,9154
5844,6,26,2014,3.7,1,3,284414,5,1,6311
5845,7,27,2016,4.7,2,1,204160,5,1,13016
5846,5,7,2000,2.1,3,1,2556,3,4,8648
5847,1,4,2023,4.8,4,2,67091,3,1,14458
5848,7,25,2022,3.7,1,3,51997,4,2,13360
5849,1,4,2008,1.0,3,3,6390,5,4,8372
5850,1,23,2013,2.0,4,3,45081,5,3,9098
5851,9,8,2019,4.7,3,3,147790,4,5,12544
5852,9,8,2022,3.6,3,1,52344,2,4,15753
5853,3,20,2013,2.7,1,2,41577,3,5,9868
5854,4,14,2023,4.2,4,3,12478,3,4,14950
5855,10,28,2002,2.0,4,3,285470,2,2,2000
5856,7,27,2011,1.5,1,3,72356,2,5,7452
5857,8,11,2022,3.1,3,3,287,4,3,14794
5858,1,4,2004,1.6,4,3,225565,4,3,2388
5859,1,23,2006,2.0,4,3,259783,5,4,2704
5860,4,15,2011,2.2,2,3,122858,3,4,9142
5861,3,20,2013,1.3,4,1,116174,4,2,8476
5862,1,4,2012,4.7,3,2,71925,3,1,11961
5863,4,14,2011,2.3,3,2,193499,3,5,6830
5864,10,22,2018,2.5,3,3,77777,3,4,11444
5865,7,21,2004,2.8,2,2,27807,3,4,9543
5866,4,16,2000,3.8,3,2,257726,4,2,3745
5867,5,9,2013,3.7,4,3,168222,2,3,8335
5868,10,18,2005,1.6,3,1,92903,3,1,7841
5869,8,6,2001,3.8,3,2,147004,4,2,6259
5870,4,15,2000,4.2,3,2,163947,5,4,6021
5871,10,28,2003,2.8,3,1,17614,4,4,9947
5872,2,2,2006,2.4,4,3,22158,2,2,7856
5873,7,27,2020,1.2,3,1,122890,5,1,11342
5874,2,1,2012,2.8,4,2,22497,5,1,10050
5875,7,21,2012,2.8,4,2,101331,4,4,8473
5876,9,24,2021,1.4,4,2,286903,5,3,6061
5877,9,24,2020,2.6,4,1,148675,2,2,11226
5878,4,16,2012,3.1,2,3,64922,5,5,11501
5879,4,14,2003,2.7,4,3,218024,5,3,3339
5880,7,25,2011,1.4,4,2,52300,4,2,7754
5881,9,10,2015,2.4,1,2,194995,5,2,7100
5882,2,1,2000,2.1,2,1,28961,3,3,9120
5883,2,2,2005,1.1,1,1,197972,2,5,4240
5884,4,16,2022,3.8,1,3,148702,3,2,11525
5885,5,9,2016,3.6,2,1,210863,2,3,11782
5886,8,17,2021,3.0,1,2,9696,3,3,13206
5887,5,5,2019,3.5,1,2,7642,3,2,13147
5888,4,16,2003,2.4,3,3,269645,2,5,3007
5889,7,21,2017,2.6,2,1,166170,2,1,11976
5890,10,18,2010,4.5,2,1,226146,3,2,10577
5891,2,30,2013,4.1,3,1,195173,3,2,10696
5892,8,6,2020,3.6,2,1,53294,5,3,16134
5893,5,7,2016,3.8,2,3,224808,2,1,10203
5894,1,23,2018,1.7,3,1,281685,2,1,8066
5895,5,5,2000,1.2,2,3,68512,5,4,5929
5896,3,19,2001,3.5,1,3,52291,5,1,6854
5897,8,6,2000,3.3,4,1,196445,5,4,4971
5898,3,19,2019,3.5,2,1,167344,5,4,13453
5899,4,14,2010,3.5,4,2,198438,2,2,6631
5900,1,3,2010,2.8,4,2,229661,3,3,5306
5901,1,4,2009,2.4,2,1,297379,3,3,6752
5902,4,15,2021,2.3,1,1,278965,5,3,8620
5903,4,16,2009,1.1,2,3,275055,3,4,4398
5904,10,22,2009,1.8,2,1,221746,5,1,7665
5905,1,4,2001,4.2,2,1,11815,3,4,11863
5906,1,4,2013,1.9,4,2,128071,5,5,7338
5907,10,18,2005,2.6,3,3,262975,2,4,3940
5908,6,26,2000,1.3,2,3,140723,5,2,4585
5909,7,27,2016,2.3,1,1,123501,3,3,10229
5910,7,27,2015,3.9,2,2,27837,3,1,13943
5911,10,22,2016,4.7,2,1,147698,5,2,14146
5912,7,27,2014,4.9,4,1,52585,3,1,13648
5913,6,26,2021,1.4,1,2,96572,5,2,9868
5914,8,6,2016,1.7,4,1,147888,3,3,9142
5915,5,9,2019,3.9,2,2,110369,5,5,13492
5916,10,18,2002,2.9,3,3,272485,2,5,3150
5917,8,17,2023,2.7,4,2,209173,2,3,9516
5918,5,7,2005,4.9,4,1,118274,4,4,9634
5919,8,17,2000,2.2,4,2,1041,5,1,6279
5920,8,11,2023,3.2,1,1,122492,2,4,13250
5921,9,8,2020,1.0,2,2,210034,3,1,8899
5922,9,8,2004,3.1,4,3,293052,2,5,2538
5923,4,14,2007,4.2,2,1,259756,4,3,8704
5924,3,19,2009,3.1,1,1,115892,3,2,9082
5925,7,25,2014,3.6,2,1,218266,2,3,11034
5926,6,12,2012,1.2,1,3,39758,5,1,8104
5927,4,15,2015,4.5,2,1,250587,3,1,11588
5928,3,19,2000,1.2,2,1,44471,2,3,7910
5929,8,17,2012,4.9,4,3,166952,2,1,9260
5930,8,11,2020,2.2,3,1,10108,4,4,14597
5931,1,23,2001,3.7,2,2,15553,4,1,9788
5932,9,10,2011,2.3,3,3,15806,3,2,10383
5933,8,17,2021,3.1,4,3,237836,3,4,8743
5934,8,6,2007,4.4,4,3,38760,3,1,9824
5935,10,18,2002,2.5,1,2,235829,2,5,2483
5936,10,22,2023,3.6,3,2,112036,5,3,13359
5937,8,6,2006,1.2,1,3,179225,3,1,3515
5938,3,13,2000,5.0,3,3,184009,3,4,6419
5939,10,28,2013,3.0,3,3,109459,2,1,9810
5940,1,3,2000,1.7,2,3,259907,4,1,2601
5941,6,29,2005,4.0,3,1,172141,2,3,8657
5942,9,24,2015,2.1,1,1,263903,4,5,6921
5943,7,25,2022,1.3,2,2,120586,3,1,11588
5944,2,1,2015,3.7,4,2,40026,2,4,11499
5945,3,19,2009,2.6,1,3,202786,5,1,5344
5946,8,6,2018,3.7,3,3,215331,2,3,9893
5947,1,23,2005,4.4,4,1,281565,5,2,5868
5948,9,24,2017,2.1,3,3,89465,2,4,10510
5949,7,21,2012,2.7,4,3,281578,5,4,4768
5950,5,7,2003,4.1,1,2,275857,2,4,3582
5951,4,16,2003,3.7,1,2,107718,5,1,6545
5952,3,19,2007,4.9,3,2,133488,5,4,9430
5953,3,20,2009,3.2,2,2,206720,5,3,7865
5954,4,14,2023,4.8,1,1,173090,3,3,13838
5955,8,6,2010,4.9,3,3,52477,2,1,11950
5956,10,18,2008,1.4,4,2,4487,4,2,7810
5957,9,24,2016,4.0,1,1,58993,4,5,13220
5958,5,9,2021,1.3,4,1,252075,3,4,8158
5959,1,3,2010,3.6,2,1,193006,3,2,10339
5960,6,12,2021,4.3,3,1,76879,5,4,15662
5961,3,19,2002,1.8,3,1,225885,3,1,4482
5962,7,27,2001,2.3,3,1,117992,2,5,6840
5963,5,5,2002,1.5,3,1,75593,2,3,7188
5964,10,18,2021,2.9,1,2,245361,3,5,8392
5965,1,23,2016,3.3,4,1,136132,2,1,10977
5966,7,25,2006,1.7,4,1,112756,2,1,6844
5967,8,17,2000,4.4,4,2,19401,2,4,8111
5968,7,21,2013,2.3,1,1,120919,5,2,9381
5969,4,14,2021,2.3,2,3,248883,2,4,9722
5970,4,16,2006,3.9,3,3,38664,3,1,10026
5971,5,9,2010,1.7,1,1,264213,4,4,5015
5972,8,11,2009,4.6,3,1,235553,2,3,9188
5973,3,19,2022,2.0,4,1,93540,5,2,12329
5974,4,16,2019,3.6,4,1,277052,4,4,9358
5975,6,12,2022,3.3,4,2,8157,3,5,13836
5976,9,24,2002,1.2,3,2,112578,3,4,4648
5977,5,9,2006,2.7,4,1,42069,2,1,9258
5978,10,18,2005,3.4,2,3,285877,5,2,5282
5979,2,1,2001,3.9,4,3,61962,4,3,7060
5980,5,5,2010,2.7,1,3,11720,4,2,9565
5981,10,22,2012,1.8,1,3,122118,5,4,7057
5982,1,23,2010,3.4,2,2,160040,3,1,9299
5983,2,2,2013,4.9,4,1,127507,3,5,11849
5984,1,23,2003,1.5,4,3,181314,4,1,2873
5985,6,12,2006,4.2,1,3,298164,4,2,4136
5986,6,29,2005,4.7,3,3,42193,2,2,10456
5987,3,19,2012,4.4,4,2,26805,2,5,11563
5988,2,2,2000,1.7,3,3,48457,2,2,5830
5989,5,5,2007,4.1,3,2,98065,2,3,9338
5990,10,28,2004,3.9,3,2,120794,3,3,7784
5991,6,26,2019,3.2,1,2,54221,5,2,11915
5992,9,10,2017,1.5,3,3,283042,3,1,6039
5993,6,29,2009,2.6,2,1,1430,5,4,12871
5994,2,30,2010,1.5,2,1,1588,3,4,12068
5995,8,11,2022,3.4,1,2,45283,4,3,13194
5996,10,18,2018,2.8,2,1,111967,2,1,13560
5997,6,29,2022,2.1,2,2,281662,4,2,9166
5998,2,2,2005,4.7,4,3,20173,3,3,9896
5999,10,28,2016,1.7,4,1,239501,5,3,7309
6000,3,13,2016,4.3,2,2,84801,4,1,13503
6001,1,4,2010,4.6,3,3,188992,4,1,8920
6002,6,29,2003,2.0,2,2,199482,2,4,5010
6003,10,22,2010,2.8,4,3,38770,3,1,9124
6004,2,2,2005,2.6,2,2,130929,3,4,7581
6005,7,27,2020,3.6,3,3,159695,5,1,11506
6006,5,9,2000,2.4,2,3,99479,2,2,6510
6007,6,29,2002,4.1,4,3,253999,5,2,3720
6008,7,21,2000,3.0,4,2,287796,2,1,2000
6009,7,21,2022,4.7,3,2,148342,3,1,13433
6010,1,3,2011,1.0,2,3,256297,4,3,5274
6011,10,22,2005,1.4,1,2,194929,5,1,3101
6012,2,2,2007,2.3,1,1,46417,2,1,9071
6013,5,5,2006,1.8,1,1,242383,3,1,4352
6014,5,7,2008,1.1,3,3,178375,5,2,5032
6015,2,2,2001,2.4,4,2,71138,5,1,5377
6016,4,14,2006,1.9,3,3,270910,3,1,3381
6017,7,21,2022,2.4,3,2,123282,5,1,11634
6018,6,29,2002,2.7,2,3,93897,3,1,7522
6019,5,5,2017,2.9,1,2,196124,2,4,8177
6020,4,14,2018,4.1,1,3,226037,3,1,9079
6021,10,22,2004,3.5,1,1,163544,4,1,7029
6022,10,18,2018,1.5,2,2,164345,2,2,9713
6023,8,6,2002,4.2,3,2,9159,2,2,9716
6024,7,21,2016,4.4,4,1,276620,4,1,9267
6025,3,20,2001,4.0,1,2,150485,5,4,5390
6026,6,12,2010,4.2,3,1,91546,5,1,11969
6027,6,12,2005,3.0,3,2,288021,3,1,3839
6028,7,25,2005,3.5,1,2,187571,3,3,5348
6029,5,9,2016,2.7,4,3,32377,2,1,10952
6030,10,18,2022,2.1,2,2,65641,3,3,13487
6031,8,17,2015,2.6,2,2,129304,5,1,10613
6032,2,30,2009,1.8,3,2,201019,3,2,5579
6033,10,28,2013,1.3,4,2,228030,5,2,4739
6034,4,15,2005,4.1,3,1,276665,4,5,6666
6035,7,27,2018,2.8,4,3,282682,5,5,6646
6036,1,23,2013,3.6,2,1,195050,5,5,11199
6037,7,21,2006,1.6,3,2,68222,2,5,7135
6038,4,14,2004,1.2,4,2,146035,4,3,3579
6039,5,7,2017,2.9,2,2,25616,2,5,13587
6040,3,19,2012,4.0,3,2,224113,2,2,8217
6041,7,25,2012,1.4,3,1,205706,3,1,7485
6042,5,7,2013,3.2,2,3,76660,2,5,11666
6043,6,12,2017,1.7,3,2,241629,2,5,7067
6044,9,10,2000,3.9,2,2,272522,5,1,4549
6045,3,13,2013,2.0,1,1,32415,3,2,10851
6046,6,29,2005,2.5,3,3,127568,4,3,6548
6047,5,5,2008,3.6,3,1,264803,5,1,7303
6048,7,21,2012,1.9,1,2,88215,3,3,7835
6049,3,20,2008,3.8,4,1,205273,5,3,7694
6050,1,4,2010,4.1,2,1,96811,4,3,12763
6051,10,28,2014,3.2,2,1,191817,2,4,11163
6052,1,23,2005,4.9,3,3,142060,2,2,8658
6053,1,3,2012,4.9,1,3,239807,3,2,7803
6054,9,8,2019,3.0,3,1,71366,4,2,13872
6055,9,24,2010,4.0,4,1,28005,2,2,12039
6056,7,21,2010,3.6,4,3,162017,3,3,7459
6057,3,20,2002,4.0,1,1,289835,3,4,4403
6058,4,16,2017,1.8,2,3,173848,3,5,9523
6059,3,19,2005,5.0,3,2,278430,4,3,6031
6060,2,2,2010,2.1,2,2,56067,3,3,10078
6061,6,29,2018,4.6,2,2,28506,4,3,15529
6062,9,24,2008,3.6,3,2,97823,5,4,9143
6063,10,28,2019,2.5,3,2,62786,2,1,12044
6064,10,28,2020,4.4,1,1,132926,4,5,13341
6065,1,23,2014,2.1,2,2,90051,2,2,10598
6066,2,1,2003,4.7,4,3,61010,2,1,8479
6067,5,9,2012,4.1,1,2,44984,2,4,10900
6068,1,4,2023,1.6,3,3,176562,2,3,10068
6069,5,9,2019,3.0,2,2,258633,5,4,9627
6070,4,15,2021,4.1,3,3,268526,5,5,10129
6071,10,18,2005,4.8,4,3,68566,3,1,9028
6072,1,4,2002,3.8,1,3,293695,2,1,2626
6073,9,8,2016,2.1,3,3,291660,5,2,6166
6074,1,23,2015,4.7,2,1,98489,4,4,14830
6075,6,12,2014,1.5,2,2,78652,4,5,10226
6076,1,3,2013,4.0,4,1,284811,3,1,7803
6077,8,11,2002,4.3,3,3,23722,5,5,9525
6078,6,26,2014,3.4,2,2,73979,2,4,12220
6079,9,8,2008,2.5,1,3,223819,4,4,4523
6080,6,26,2012,1.9,3,1,2929,2,3,12041
6081,3,20,2023,1.3,3,1,114077,4,4,12518
6082,1,4,2007,4.8,2,2,62057,4,3,11758
6083,4,16,2002,3.3,3,2,26697,3,5,8466
6084,9,24,2021,3.8,3,3,252751,5,2,10144
6085,5,9,2017,3.7,1,2,195388,5,1,8992
6086,10,28,2012,2.9,3,1,78118,2,4,11537
6087,5,7,2019,1.7,1,3,199846,2,3,7503
6088,2,30,2002,3.3,3,2,96417,3,1,7071
6089,8,11,2004,4.0,1,2,164121,3,5,6017
6090,10,18,2013,3.6,1,3,171445,5,3,8171
6091,4,14,2004,1.1,1,3,98492,5,4,4430
6092,8,17,2009,4.6,4,2,101116,4,5,9377
6093,6,12,2014,3.2,2,3,110800,3,5,11284
6094,2,1,2015,2.0,4,2,165528,4,1,7289
6095,3,20,2002,2.2,4,3,243388,3,5,2032
6096,10,28,2006,4.5,2,3,47808,5,2,11443
6097,1,23,2011,2.2,2,2,161964,5,3,8360
6098,10,28,2003,1.9,2,1,146859,5,1,7462
6099,4,14,2005,3.2,2,3,33266,2,2,10134
6100,10,18,2010,3.1,1,3,154466,4,3,7110
6101,8,17,2015,2.9,2,1,60182,4,4,13796
6102,10,28,2023,1.4,4,1,279437,3,2,8311
6103,2,2,2010,1.6,3,2,247383,3,2,4752
6104,5,7,2017,3.3,3,3,210820,5,5,9283
6105,9,8,2009,2.7,1,3,57372,4,4,8352
6106,1,4,2004,2.6,4,3,138479,2,3,5130
6107,9,24,2004,1.9,4,3,104826,3,2,5103
6108,5,9,2000,4.1,2,3,90777,3,3,8384
6109,4,14,2009,5.0,2,3,92371,3,5,11952
6110,7,21,2001,1.7,3,2,56182,3,4,5976
6111,6,29,2007,2.9,1,3,967,2,3,9080
6112,4,15,2018,4.3,4,2,272171,4,4,8356
6113,7,27,2010,2.6,4,3,171343,4,4,6273
6114,3,13,2013,3.4,2,1,142209,4,3,12055
6115,5,7,2007,4.2,3,1,89968,3,4,11100
6116,5,5,2006,1.7,3,1,213893,2,1,5822
6117,8,6,2004,1.7,3,3,105588,5,3,5888
6118,7,27,2008,3.6,2,2,241870,5,5,7262
6119,5,7,2006,3.8,1,1,211493,5,1,6970
6120,2,1,2012,3.3,2,3,132770,4,3,10344
6121,9,10,2022,2.8,1,3,216048,4,1,9179
6122,8,11,2021,4.4,3,2,231708,4,2,11165
6123,8,6,2021,3.9,2,1,9279,4,2,17614
6124,10,28,2007,1.5,4,1,229041,3,5,4619
6125,10,28,2011,1.1,3,2,7027,3,1,9359
6126,3,19,2023,3.5,2,2,186677,2,4,12766
6127,5,7,2021,2.5,4,1,74456,5,1,12910
6128,8,6,2020,2.2,1,2,247124,4,2,7357
6129,9,8,2011,2.0,1,2,290151,2,5,3596
6130,4,14,2004,4.4,3,2,37216,3,1,9955
6131,2,2,2014,1.9,1,3,19148,2,2,9817
6132,1,3,2009,2.5,2,1,257625,5,2,7647
6133,10,22,2006,2.3,1,1,99250,3,5,7715
6134,7,27,2013,4.2,2,3,172709,4,1,10745
6135,4,14,2019,3.6,1,2,8331,3,1,13233
6136,5,7,2009,3.1,2,1,129153,5,4,10816
6137,7,21,2018,2.0,1,1,214831,3,1,8703
6138,2,2,2012,2.5,1,1,123274,4,1,9234
6139,8,17,2023,1.5,2,3,224051,2,2,10018
6140,8,17,2018,4.2,1,1,125760,4,1,12684
6141,10,22,2014,1.2,3,2,100150,5,1,8497
6142,9,8,2018,2.0,4,3,194008,5,4,7619
6143,2,1,2006,3.0,1,3,281470,3,4,3270
6144,2,30,2020,3.3,3,1,215374,3,1,11592
6145,6,29,2021,4.5,4,2,227466,5,5,10350
6146,2,2,2004,1.8,3,2,186063,2,3,4378
6147,4,14,2006,3.2,4,2,14781,4,2,8804
6148,10,18,2012,2.3,1,1,110813,4,3,9283
6149,3,13,2002,3.7,3,2,261395,5,4,4172
6150,6,26,2000,1.6,2,1,161695,4,1,5966
6151,2,1,2003,3.2,3,3,71841,2,1,7763
6152,5,7,2010,2.1,1,2,277789,5,1,3644
6153,3,13,2017,1.9,1,3,43020,5,5,10239
6154,6,26,2000,2.8,3,3,214526,2,2,3609
6155,3,19,2010,3.4,2,1,113216,2,4,11735
6156,7,21,2001,1.2,1,3,38717,2,1,4825
6157,8,17,2011,4.1,1,1,102940,5,2,10941
6158,6,29,2023,2.7,4,1,222326,4,4,10753
6159,2,1,2016,1.6,4,2,102470,5,3,8450
6160,6,12,2012,2.8,3,3,185144,3,1,7797
6161,4,14,2022,2.7,2,3,16475,4,4,15070
6162,8,17,2003,2.0,1,3,173116,3,1,3537
6163,2,30,2002,4.6,1,3,134954,5,2,6600
6164,2,30,2009,2.9,1,3,135918,2,2,6981
6165,1,4,2019,3.1,4,2,53753,5,4,11824
6166,5,9,2008,1.8,4,3,160396,5,3,5092
6167,3,19,2020,4.3,4,1,160083,4,1,12698
6168,8,6,2001,1.3,3,3,219995,4,3,2300
6169,9,8,2012,3.5,4,3,159933,3,2,8001
6170,9,8,2012,2.2,4,2,121281,5,1,7474
6171,5,7,2011,4.5,2,1,252749,2,1,10345
6172,3,13,2021,1.3,1,3,71617,4,4,10267
6173,3,20,2006,4.9,1,1,286774,3,4,6564
6174,9,8,2017,1.3,3,2,279642,2,5,5907
6175,10,22,2005,4.3,1,1,102606,5,1,9347
6176,4,16,2008,1.5,4,1,14038,3,4,9219
6177,2,2,2016,4.6,3,1,18806,2,5,15623
6178,1,23,2011,2.9,2,2,264222,2,4,7015
6179,5,5,2002,3.3,1,1,102527,3,3,7449
6180,2,30,2020,2.2,1,2,34981,4,3,11600
6181,10,18,2020,3.3,3,2,186734,2,2,10665
6182,7,25,2019,4.0,1,3,202288,2,5,9754
6183,3,13,2010,2.3,1,1,220489,4,1,6490
6184,1,4,2003,1.5,4,1,260266,4,1,2794
6185,5,5,2022,1.4,4,2,29660,5,2,11506
6186,2,1,2011,4.0,2,2,116379,5,4,11072
6187,9,10,2005,3.5,4,1,205397,2,3,6492
6188,2,1,2000,3.5,1,1,231256,2,1,4474
6189,2,2,2018,3.7,2,1,99505,3,3,14709
6190,3,20,2013,3.2,2,2,165340,3,3,9893
6191,6,12,2013,2.7,1,2,14465,2,5,10410
6192,7,25,2017,2.2,1,1,120083,3,1,10498
6193,5,9,2019,3.0,1,1,13013,5,5,14039
6194,10,28,2019,2.7,2,3,31036,3,5,13879
6195,10,28,2006,1.7,2,1,235326,2,3,6393
6196,1,23,2016,1.4,2,3,13593,5,3,12028
6197,1,3,2002,3.1,4,2,16100,4,4,7478
6198,1,3,2014,3.0,3,1,113665,2,1,11526
6199,7,21,2018,4.8,3,2,265363,2,2,9992
6200,9,10,2023,4.8,3,3,34738,2,3,16105
6201,4,15,2005,2.9,4,1,79866,3,5,8402
6202,4,14,2001,2.9,3,1,198686,4,5,5826
6203,1,4,2014,4.7,1,3,198468,5,2,9030
6204,3,13,2008,1.4,3,2,218843,5,3,4523
6205,9,10,2022,5.0,1,3,284939,4,3,10001
6206,8,11,2017,2.0,1,2,116231,3,5,8875
6207,2,1,2019,3.6,3,2,146344,2,2,11473
6208,10,28,2004,3.9,3,1,172561,2,2,8248
6209,2,30,2023,4.1,4,1,92854,4,1,14742
6210,9,8,2020,1.3,4,2,106291,2,4,9274
6211,2,1,2023,1.2,3,2,304,2,1,13193
6212,4,16,2017,1.2,4,3,195613,3,5,6487
6213,5,5,2020,2.2,4,3,274038,3,1,6819
6214,1,4,2016,3.7,3,1,53763,5,1,14024
6215,5,9,2017,1.8,3,3,6251,2,4,11874
6216,4,16,2016,4.1,4,1,159652,5,3,11306
6217,8,11,2001,3.8,2,1,99792,3,4,9704
6218,5,5,2021,1.5,3,1,267269,2,1,9054
6219,8,17,2022,4.9,1,1,197564,3,2,13148
6220,8,17,2019,4.5,2,1,87606,5,1,16047
6221,7,27,2010,3.7,1,1,78088,4,2,10738
6222,9,24,2001,4.0,2,1,52222,3,1,10855
6223,7,27,2018,4.4,3,3,234162,4,4,10216
6224,4,14,2014,4.6,1,3,26038,5,2,12379
6225,1,4,2014,1.8,4,1,106052,3,4,9478
6226,3,19,2010,4.5,1,3,102085,3,3,9558
6227,8,6,2002,3.9,3,3,86694,5,3,7866
6228,8,17,2003,3.1,3,2,282531,4,4,3449
6229,3,13,2011,2.6,3,2,137574,5,4,8248
6230,6,12,2001,4.6,1,1,231983,4,2,5860
6231,8,6,2018,1.1,3,1,117375,5,1,10752
6232,8,17,2007,2.9,2,3,213587,4,1,6828
6233,5,9,2021,1.5,2,2,103231,3,5,11835
6234,9,10,2001,1.9,2,3,218047,2,5,3939
6235,5,7,2002,1.7,3,3,187222,3,1,3655
6236,2,2,2012,1.1,1,3,100340,4,2,6793
6237,9,8,2009,2.3,3,2,18215,3,1,9735
6238,6,26,2021,2.3,2,2,208278,4,4,10534
6239,7,21,2022,1.1,3,3,207337,5,3,8653
6240,3,13,2013,3.0,1,3,112614,4,3,8747
6241,5,9,2018,1.8,1,2,111359,4,2,9072
6242,8,17,2004,2.1,4,2,297401,4,3,2000
6243,10,28,2023,3.4,4,3,84322,5,3,12713
6244,9,8,2014,3.2,3,3,38164,4,3,11736
6245,2,2,2015,4.3,3,2,226105,2,3,9377
6246,7,21,2000,3.7,1,2,257344,2,4,2653
6247,9,24,2022,3.8,4,1,253374,4,5,10932
6248,8,11,2016,3.0,3,2,123858,5,4,10422
6249,4,16,2011,2.9,4,3,78884,2,2,8722
6250,9,24,2013,3.8,4,3,296839,2,2,5863
6251,2,30,2018,2.2,1,3,227535,4,5,7149
6252,2,1,2005,1.2,1,2,257760,5,5,2000
6253,1,4,2011,3.1,3,3,220492,3,3,7090
6254,6,12,2015,2.7,4,1,268765,4,3,7424
6255,2,2,2020,2.9,1,3,83120,2,1,11337
6256,9,8,2009,4.3,3,3,118688,4,1,9726
6257,4,15,2007,1.5,2,2,189411,4,1,5911
6258,5,7,2007,4.8,1,3,116717,4,2,8665
6259,3,13,2009,2.3,2,1,135617,4,4,9887
6260,1,4,2007,2.8,3,2,53161,3,5,8936
6261,1,23,2008,3.6,2,3,239176,2,4,7316
6262,7,27,2022,4.5,4,2,62867,2,3,13942
6263,3,13,2012,3.2,4,2,77921,5,4,9341
6264,10,18,2009,2.8,3,2,238049,2,2,5839
6265,9,10,2023,1.4,3,3,254854,2,5,8302
6266,2,2,2018,3.4,3,3,22501,4,3,13449
6267,2,1,2004,3.5,3,2,37472,2,4,9050
6268,8,11,2022,1.7,3,2,89383,4,1,11612
6269,6,26,2020,1.4,4,1,66280,5,5,11674
6270,9,8,2023,2.8,4,1,267121,3,3,9957
6271,5,5,2008,1.8,2,3,127873,4,3,7742
6272,9,8,2017,4.6,2,2,167921,3,5,12441
6273,5,5,2011,3.8,2,3,169379,3,5,9812
6274,1,23,2003,3.1,3,2,16843,5,2,8763
6275,7,25,2011,4.0,2,2,51730,2,5,12365
6276,9,10,2011,2.0,2,3,64628,2,2,10107
6277,3,20,2002,1.4,2,2,109489,2,5,5910
6278,9,8,2011,3.1,3,1,86624,5,5,11267
6279,10,18,2018,3.7,3,3,123723,3,3,11725
6280,8,17,2002,3.7,4,1,81114,5,3,8277
6281,4,15,2009,1.1,3,2,79509,3,4,7309
6282,1,4,2017,2.8,2,1,156076,3,2,12378
6283,7,21,2019,2.6,2,1,233807,2,3,11223
6284,10,18,2003,1.3,3,3,57090,5,2,6158
6285,8,11,2004,4.6,2,3,127442,3,2,9351
6286,5,7,2012,2.5,2,2,199386,3,5,8212
6287,9,10,2006,3.3,3,3,6795,4,4,10064
6288,1,4,2023,2.7,1,2,132276,2,1,11054
6289,10,18,2023,3.7,4,2,85241,2,3,12995
6290,8,11,2009,3.7,4,3,200342,4,5,6493
6291,8,17,2014,3.2,1,2,114714,5,1,9205
6292,6,29,2008,2.5,3,2,51676,3,2,8966
6293,10,28,2006,1.7,4,1,251096,4,4,4078
6294,2,30,2021,3.2,4,3,158620,4,3,10427
6295,10,28,2001,3.9,2,1,233455,4,2,7130
6296,9,10,2001,1.0,4,2,134631,3,4,2707
6297,9,24,2009,5.0,2,1,71203,3,2,13875
6298,10,28,2004,4.8,4,2,28722,3,3,9525
6299,9,8,2003,2.0,4,2,18550,5,2,6629
6300,6,29,2015,4.3,2,2,288628,2,2,9127
6301,4,14,2016,2.4,1,2,114596,3,3,9008
6302,1,3,2014,1.1,1,3,64919,2,5,8101
6303,3,13,2021,1.3,2,2,299278,2,2,7714
6304,8,17,2014,2.2,1,2,290992,3,3,4680
6305,5,7,2012,2.5,1,2,180036,5,4,6599
6306,4,16,2020,4.6,1,3,41118,4,2,13877
6307,1,3,2021,4.0,2,1,54066,3,1,16818
6308,5,7,2019,1.9,3,2,73734,4,4,11225
6309,10,28,2006,3.8,2,2,127573,3,5,9148
6310,8,17,2013,1.6,1,3,148261,3,5,6634
6311,1,4,2015,3.5,1,2,233009,3,3,7439
6312,4,16,2013,1.5,1,1,121184,2,5,8576
6313,1,23,2009,2.7,3,3,61883,5,2,9262
6314,4,14,2016,4.0,2,1,154965,4,2,13300
6315,6,29,2017,2.8,1,2,219004,5,4,7619
6316,7,25,2007,4.7,2,1,164933,3,4,11101
6317,3,13,2005,4.1,2,1,241387,3,5,8372
6318,3,19,2019,2.6,2,1,137670,5,4,13146
6319,2,2,2005,3.4,1,1,209898,3,4,6302
6320,2,30,2007,1.6,2,1,150105,3,3,8297
6321,8,6,2021,4.3,3,2,30752,2,1,15084
6322,10,22,2021,3.9,2,3,113261,3,4,14034
6323,7,21,2010,2.9,3,3,155808,4,5,7883
6324,7,27,2015,4.4,4,1,201385,2,4,10472
6325,8,17,2016,1.2,1,2,63487,4,1,8830
6326,7,25,2002,3.3,3,2,261109,2,5,3777
6327,3,13,2022,1.6,2,1,127049,4,1,13259
6328,6,29,2010,3.3,4,3,61108,3,2,9177
6329,6,12,2017,1.5,1,2,148701,5,3,7725
6330,8,11,2005,4.2,2,1,207548,4,2,9149
6331,6,29,2001,4.9,2,3,119582,3,4,8908
6332,7,27,2013,3.8,4,1,56311,4,1,12173
6333,2,1,2004,3.3,3,3,283338,2,1,3933
6334,6,26,2008,4.7,1,1,271844,3,3,7263
6335,10,18,2023,4.3,1,1,165795,2,3,13484
6336,2,1,2005,3.5,4,2,201139,5,3,5077
6337,8,11,2016,1.2,3,2,204143,3,1,7017
6338,4,16,2020,3.8,4,3,113350,3,5,11633
6339,7,25,2021,1.9,1,3,206500,3,3,8170
6340,8,17,2007,2.0,2,2,150216,5,2,7195
6341,7,21,2004,3.7,4,1,176155,2,4,6976
6342,1,4,2017,4.3,1,2,236982,5,5,8760
6343,1,23,2009,4.2,2,3,45407,3,3,12091
6344,8,17,2008,2.9,1,1,225565,5,5,6388
6345,5,5,2015,1.7,4,3,284531,4,4,4609
6346,6,26,2021,4.4,2,1,152585,5,3,15248
6347,3,13,2014,2.6,4,2,47486,4,5,9950
6348,3,20,2008,1.3,3,3,149585,3,3,5808
6349,2,2,2013,3.6,4,3,242141,5,5,6757
6350,3,19,2003,4.9,1,2,139869,3,5,7102
6351,7,27,2010,3.2,1,1,223473,3,4,7330
6352,3,20,2003,4.8,4,3,239684,4,5,5006
6353,7,21,2011,3.8,4,2,86371,5,3,9472
6354,2,1,2000,4.0,4,1,103194,5,2,7536
6355,4,14,2004,2.3,2,1,27978,3,4,10540
6356,7,21,2013,4.3,3,1,224283,3,3,10314
6357,7,25,2020,2.9,3,3,44108,2,4,13117
6358,9,24,2008,3.6,3,1,9631,3,1,12407
6359,9,24,2014,2.4,1,2,101498,3,4,8670
6360,2,30,2002,2.9,2,1,92826,2,1,9243
6361,4,14,2021,2.5,1,2,245286,3,5,7994
6362,7,21,2006,1.9,1,1,8802,5,1,9123
6363,9,24,2001,3.9,2,2,226177,5,5,5776
6364,5,7,2019,1.8,1,2,75133,3,2,10097
6365,3,13,2010,3.3,1,3,177430,3,3,6851
6366,2,1,2006,4.1,4,3,227114,5,5,5457
6367,10,22,2022,2.6,1,1,141331,5,1,11973
6368,7,21,2017,2.5,1,3,108743,2,2,9525
6369,6,26,2001,3.5,2,2,256586,2,5,4768
6370,10,28,2012,1.1,4,1,226357,4,2,5772
6371,7,25,2012,4.0,4,2,98066,2,3,9738
6372,2,2,2012,3.6,4,3,240574,4,4,6488
6373,8,11,2001,1.7,2,1,220846,4,4,5183
6374,9,10,2010,2.9,4,2,243608,5,3,5127
6375,4,16,2000,4.1,3,1,185108,2,5,6997
6376,6,26,2004,4.0,3,2,12765,4,4,10044
6377,6,29,2011,2.1,3,1,208405,5,5,7831
6378,7,25,2002,3.3,1,2,155647,5,1,4887
6379,8,6,2005,3.0,2,2,85112,4,2,8897
6380,9,8,2014,1.3,2,1,234062,5,1,8418
6381,6,29,2012,2.5,1,2,62339,4,4,8953
6382,6,12,2011,3.9,2,2,58298,4,5,12134
6383,7,27,2000,2.1,4,3,291534,3,5,2000
6384,4,15,2007,2.5,1,1,283885,4,3,4522
6385,9,8,2012,2.7,3,3,5159,4,1,11296
6386,1,23,2000,4.6,2,1,163088,2,2,8938
6387,8,17,2015,1.6,3,2,55540,4,4,10089
6388,4,14,2013,4.5,2,1,17331,2,3,15653
6389,7,21,2018,3.5,2,2,116025,5,5,12679
6390,6,12,2007,4.5,1,3,131788,5,1,8064
6391,4,16,2022,2.9,2,3,243560,3,4,10728
6392,3,20,2011,4.9,4,3,240603,3,4,7487
6393,6,12,2003,4.8,3,3,8116,2,4,10637
6394,4,15,2014,1.6,1,1,62028,4,1,10159
6395,6,12,2003,2.6,1,1,96060,5,5,7178
6396,4,16,2018,3.3,2,1,89393,3,5,14512
6397,7,25,2023,2.1,2,1,53707,2,5,15525
6398,6,29,2012,2.4,3,3,222315,2,5,6653
6399,9,8,2017,3.5,1,3,279308,4,5,7113
6400,7,21,2003,2.5,1,2,150292,5,3,4494
6401,7,25,2001,4.9,3,3,49981,5,4,9300
6402,7,21,2004,3.9,2,2,250312,4,3,6193
6403,9,8,2000,1.9,3,3,202579,5,5,2948
6404,6,26,2007,3.8,2,3,247278,4,5,7054
6405,1,4,2009,4.9,1,2,202557,3,3,7648
6406,5,9,2003,4.2,4,3,287097,3,4,3458
6407,2,1,2022,2.1,3,1,126818,5,4,12763
6408,3,20,2010,2.5,2,3,91875,2,3,9762
6409,4,15,2003,4.2,4,2,287799,2,5,3444
6410,1,23,2018,2.0,4,1,223153,2,5,8536
6411,10,18,2021,4.2,1,3,211736,2,5,10365
6412,10,28,2002,4.0,1,2,200943,2,5,4681
6413,3,19,2002,4.4,1,1,243432,2,2,5731
6414,6,26,2011,1.8,2,1,272957,3,3,7240
6415,8,17,2005,1.9,4,1,211073,4,5,4778
6416,8,11,2012,4.9,3,3,17044,4,2,13259
6417,8,17,2002,1.6,3,2,56708,3,4,6165
6418,4,14,2021,2.9,2,1,110514,3,5,14589
6419,5,7,2012,1.8,1,3,23434,3,1,9031
6420,9,24,2017,2.4,2,2,282266,4,4,7954
6421,6,26,2013,3.5,2,1,271806,3,2,9563
6422,1,4,2002,4.4,1,3,274125,3,3,3617
6423,8,6,2002,1.8,2,3,240751,5,5,3684
6424,6,29,2016,1.2,2,2,175499,2,4,8590
6425,10,28,2008,2.9,4,2,2954,3,3,9340
6426,2,30,2021,4.8,4,1,278471,3,3,11130
6427,3,13,2005,1.9,1,2,230974,5,4,2880
6428,2,1,2023,3.9,4,2,185188,3,2,11196
6429,3,20,2010,4.2,2,3,56454,2,5,12170
6430,3,20,2001,3.2,4,1,6708,3,3,8965
6431,10,22,2012,2.9,3,3,127902,3,5,9041
6432,9,10,2012,1.1,2,2,128818,2,3,8223
6433,1,4,2023,4.5,2,2,212450,5,4,13251
6434,7,21,2018,3.6,2,3,140900,3,2,12282
6435,4,14,2002,3.8,3,1,64330,4,5,9713
6436,9,10,2021,2.4,4,1,273754,3,4,8824
6437,5,9,2019,1.2,2,1,257244,5,2,9355
6438,3,13,2002,1.6,4,1,150118,5,5,4797
6439,5,5,2011,3.2,3,1,13236,2,1,12835
6440,6,29,2005,4.2,2,2,205173,3,1,7696
6441,10,28,2019,3.1,4,3,187947,4,3,9141
6442,2,30,2002,5.0,2,2,8006,5,1,11539
6443,7,27,2010,3.5,3,3,215054,2,1,7298
6444,6,26,2015,1.8,1,3,100330,3,4,8393
6445,6,26,2013,3.5,2,1,175501,5,4,11489
6446,7,25,2004,2.9,4,1,141489,4,5,6870
6447,7,21,2004,4.1,3,1,258551,4,3,6728
6448,10,28,2001,2.2,2,1,140038,3,4,7299
6449,2,30,2002,2.6,4,1,61671,5,1,7566
6450,9,24,2016,1.2,3,1,182486,3,4,8950
6451,9,24,2005,1.3,1,3,238522,3,3,2129
6452,5,7,2003,4.3,4,2,128689,2,4,6726
6453,3,19,2002,2.2,1,1,33220,2,5,7735
6454,8,11,2017,4.4,4,2,188040,2,2,9839
6455,2,2,2018,1.6,4,1,156578,5,1,9468
6456,7,21,2005,2.1,1,3,153712,5,2,4625
6457,8,11,2021,4.5,1,1,218961,2,2,12020
6458,2,1,2002,4.1,3,3,116029,3,1,7479
6459,7,27,2017,1.8,1,3,224726,5,4,6505
6460,9,8,2017,2.8,3,3,220325,5,2,8593
6461,6,26,2018,3.7,2,3,84324,3,1,13513
6462,7,21,2014,1.4,2,2,36243,2,5,10975
6463,7,21,2012,2.0,3,3,24612,4,4,10207
6464,2,30,2010,3.4,1,1,176287,5,1,8474
6465,9,8,2005,3.5,2,3,191537,4,3,7269
6466,2,2,2011,3.9,2,3,299371,5,4,7312
6467,2,1,2015,3.8,2,3,82067,5,2,12758
6468,4,15,2005,3.1,3,1,81003,5,2,9579
6469,6,26,2023,4.5,4,2,193657,3,3,11626
6470,8,17,2000,2.5,1,3,258029,4,3,2000
6471,1,23,2018,2.0,2,2,257829,4,4,8343
6472,3,19,2003,3.8,3,1,81167,3,3,9676
6473,1,3,2021,4.5,3,1,102123,4,3,15357
6474,3,13,2005,3.9,2,2,236419,2,4,6771
6475,3,20,2011,4.3,1,1,247663,2,5,8246
6476,7,27,2002,4.3,4,3,37737,4,4,8245
6477,4,15,2022,3.6,1,2,105768,2,1,12184
6478,10,28,2014,3.0,1,1,13636,3,2,12527
6479,9,10,2007,3.4,3,2,38951,2,4,9820
6480,8,11,2005,2.8,2,3,234312,5,3,5713
6481,1,23,2004,3.8,1,1,62379,5,3,9352
6482,6,29,2017,3.4,2,2,237231,3,5,9855
6483,8,11,2005,4.3,3,2,244060,2,3,6018
6484,4,15,2008,1.5,2,2,147042,2,5,7059
6485,3,19,2014,1.9,2,2,290716,2,5,6385
6486,10,22,2000,3.5,1,2,111874,3,1,5362
6487,6,29,2016,2.4,1,1,86029,5,5,11079
6488,5,5,2015,1.1,2,1,147726,4,3,10245
6489,7,21,2014,2.4,4,2,127457,2,1,8150
6490,2,30,2020,1.2,4,2,41240,2,2,10475
6491,8,6,2022,4.4,1,2,8848,2,4,14923
6492,7,27,2008,3.1,2,2,165604,5,4,8287
6493,4,16,2015,4.3,1,1,181091,3,3,10778
6494,2,2,2008,1.7,4,2,112874,5,2,5942
6495,6,12,2006,2.7,4,2,103173,4,4,6536
6496,2,1,2008,4.8,1,3,107814,2,2,9143
6497,4,15,2001,1.4,4,3,127251,4,1,3254
6498,10,18,2017,3.3,3,2,214989,4,4,9200
6499,10,28,2002,4.0,4,2,100229,3,2,6695
6500,2,2,2004,2.9,3,1,270174,5,5,5296
6501,4,14,2005,3.1,4,2,238543,2,2,3929
6502,9,8,2021,4.7,1,3,183992,3,4,11420
6503,8,17,2007,2.8,2,2,139280,3,3,8214
6504,2,30,2011,4.9,2,1,272526,4,4,10349
6505,3,19,2015,1.8,4,1,135145,4,1,9197
6506,2,1,2017,3.0,1,2,82765,5,2,10544
6507,1,23,2012,2.6,4,3,145295,4,5,7394
6508,1,4,2000,1.8,2,1,45894,5,2,8482
6509,4,15,2009,1.4,2,3,75112,4,5,8697
6510,2,1,2011,3.3,4,1,98060,3,2,10238
6511,2,1,2022,4.5,4,3,240163,2,4,10396
6512,9,24,2005,1.6,1,2,43118,4,3,6337
6513,4,16,2001,4.4,4,2,239323,3,2,4013
6514,4,16,2020,1.5,1,2,14258,4,3,11314
6515,5,7,2022,3.5,4,3,209432,4,5,10011
6516,4,15,2012,2.6,3,2,152869,2,4,8242
6517,7,27,2011,3.2,2,3,42564,3,2,11748
6518,2,1,2018,2.4,3,1,84832,5,1,12703
6519,5,9,2001,1.2,4,2,184673,4,5,2000
6520,8,6,2015,4.2,2,2,133691,3,3,12126
6521,2,1,2011,3.1,1,2,41582,5,1,9668
6522,9,8,2009,2.8,2,1,19887,4,2,12702
6523,7,25,2004,4.0,3,2,139464,5,4,7510
6524,5,9,2018,1.6,1,1,40795,5,5,11784
6525,4,15,2023,2.3,2,1,174055,3,3,13318
6526,3,19,2020,1.1,4,2,84648,3,2,9507
6527,9,10,2003,2.5,3,3,34959,4,3,7800
6528,4,16,2017,3.0,3,3,11787,5,2,12964
6529,5,7,2019,2.8,1,2,244016,4,2,7719
6530,3,20,2001,4.3,4,2,292496,5,5,2850
6531,1,3,2012,1.7,2,2,259162,2,4,6216
6532,5,7,2019,4.9,3,2,265884,2,1,10382
6533,5,9,2022,3.9,3,3,179406,4,4,12011
6534,7,25,2023,4.3,1,2,297536,2,5,9349
6535,7,27,2004,4.3,3,2,288356,2,4,4832
6536,7,27,2011,4.0,1,1,201949,2,4,8861
6537,7,25,2004,4.6,1,1,99579,2,1,9408
6538,7,21,2019,3.3,1,1,186490,5,1,10870
6539,9,8,2006,3.2,3,2,174548,3,4,6609
6540,2,30,2008,4.4,4,3,243542,3,3,6029
6541,8,17,2000,3.1,3,1,22509,5,5,9249
6542,1,4,2010,3.3,3,3,148304,4,1,8433
6543,4,14,2006,2.6,2,3,214577,3,3,6208
6544,1,23,2000,4.7,3,1,233813,4,1,6623
6545,4,16,2020,2.1,3,3,197513,4,4,9249
6546,10,22,2023,4.0,2,1,158733,3,2,15325
6547,4,16,2008,4.2,3,2,22996,3,3,11240
6548,1,23,2004,2.1,3,2,122932,2,1,5941
6549,2,2,2003,1.9,4,1,272463,4,4,2950
6550,1,23,2008,1.7,2,2,37489,3,2,9450
6551,6,29,2018,3.7,4,3,123571,5,1,10728
6552,5,5,2022,1.0,3,3,135672,3,1,9986
6553,1,3,2017,1.1,2,2,243149,5,5,7437
6554,4,14,2014,2.7,3,2,52336,3,5,10953
6555,4,14,2006,1.3,3,1,172292,5,5,6254
6556,2,30,2009,2.3,3,3,229415,4,1,5511
6557,10,22,2016,4.3,1,1,261701,3,2,9465
6558,5,5,2017,2.6,1,2,279367,5,1,6212
6559,5,9,2017,3.4,4,1,42612,4,2,13247
6560,3,19,2020,5.0,4,3,3514,2,3,15029
6561,9,10,2001,2.8,4,3,84686,5,2,5506
6562,10,22,2001,3.4,2,2,268824,3,2,4423
6563,1,23,2019,4.8,4,2,14821,2,2,14303
6564,9,8,2020,2.6,2,3,139858,4,4,11902
6565,9,8,2023,1.0,3,1,122717,4,3,12045
6566,6,29,2015,4.1,4,1,88752,4,5,12424
6567,2,1,2006,1.3,4,3,178195,2,3,3636
6568,2,30,2019,4.2,3,2,80609,2,4,13387
6569,10,18,2002,3.2,2,3,163937,3,1,6621
6570,5,5,2021,4.3,4,2,236719,2,5,9965
6571,3,13,2000,4.8,1,2,112549,2,4,6649
6572,9,24,2018,2.0,3,3,280019,5,4,6899
6573,8,17,2014,2.7,1,2,63098,3,2,9738
6574,6,29,2021,4.8,3,1,124636,5,1,15207
6575,9,24,2014,3.6,2,2,105747,4,5,11785
6576,10,18,2023,3.3,4,1,141645,3,5,12967
6577,3,20,2006,2.6,1,2,274946,4,2,3001
6578,7,21,2016,4.3,4,1,291964,2,4,8860
6579,1,23,2011,2.4,3,3,144052,2,4,7918
6580,8,11,2016,1.7,1,2,261151,4,1,5376
6581,9,10,2010,3.7,4,3,92415,4,5,8951
6582,1,23,2023,4.8,3,2,176321,3,2,13273
6583,6,29,2015,2.3,3,2,179292,4,3,8314
6584,7,21,2004,4.1,1,3,38282,4,1,8634
6585,3,19,2014,3.0,4,2,104677,4,4,9206
6586,3,19,2022,2.7,4,3,98677,4,3,11426
6587,1,23,2000,4.4,2,2,229438,5,1,5911
6588,5,5,2017,3.8,2,3,47506,4,2,14049
6589,1,3,2012,4.8,3,2,153117,3,2,10437
6590,10,18,2013,2.5,4,2,216392,2,5,6172
6591,7,25,2013,1.4,3,3,74527,3,5,8909
6592,9,10,2002,3.1,4,1,34863,3,4,8602
6593,2,1,2020,2.2,1,1,141074,5,4,10978
6594,10,22,2016,2.0,4,3,163540,2,2,7629
6595,9,8,2005,3.4,3,1,118614,2,4,9127
6596,9,10,2020,2.1,2,2,19175,5,5,13816
6597,6,12,2008,3.0,4,2,275731,4,5,3985
6598,9,10,2016,3.9,4,2,237347,4,5,8053
6599,4,16,2023,1.9,4,2,183270,3,4,9234
6600,4,16,2018,1.8,4,3,210299,5,5,7094
6601,10,22,2007,2.1,4,2,141895,2,1,5462
6602,7,25,2015,1.4,2,3,129108,2,5,9417
6603,9,10,2010,2.4,2,1,16660,2,2,12666
6604,5,7,2002,2.2,1,3,181525,2,2,3269
6605,10,18,2011,2.8,2,3,263996,2,4,6920
6606,3,20,2014,2.1,3,3,286051,2,2,5678
6607,8,17,2018,1.5,4,1,187038,4,1,8759
6608,3,19,2001,1.0,3,3,99627,5,3,4407
6609,9,24,2013,1.7,4,3,142741,2,3,6845
6610,7,27,2009,4.0,1,2,135765,5,4,8084
6611,6,12,2010,2.6,2,3,68985,3,3,10320
6612,1,3,2003,3.8,2,3,250702,5,1,5785
6613,9,24,2006,2.5,2,3,129320,2,3,7813
6614,2,2,2022,1.7,2,3,109946,3,2,12201
6615,5,5,2019,2.5,4,2,28773,4,4,11724
6616,8,17,2010,3.6,1,1,271846,5,3,6763
6617,9,8,2008,4.6,4,1,207183,5,2,8456
6618,10,18,2017,3.2,1,3,225017,2,1,7899
6619,4,14,2017,1.6,2,1,14124,3,3,14017
6620,4,15,2012,1.6,3,1,133677,3,5,9126
6621,5,5,2021,2.1,1,3,128431,3,1,9931
6622,6,29,2005,2.9,2,1,47007,3,3,11059
6623,6,29,2000,2.3,3,1,247467,3,5,3950
6624,1,4,2009,4.3,3,3,107975,4,3,9940
6625,6,26,2006,1.5,1,3,166509,3,1,4069
6626,6,12,2004,1.5,3,2,291005,4,1,2000
6627,1,4,2007,4.3,2,2,225492,4,3,7990
6628,7,27,2020,1.4,2,2,121880,2,3,11062
6629,5,9,2002,3.6,2,1,260238,3,5,6595
6630,3,13,2013,1.3,4,3,114292,2,2,7014
6631,6,12,2020,1.3,3,1,100889,3,2,11882
6632,1,3,2002,2.9,1,1,285187,3,4,3396
6633,8,17,2002,4.1,1,3,107689,5,3,6646
6634,9,24,2001,3.5,4,2,55829,5,5,6783
6635,5,7,2012,1.5,4,1,203805,2,1,6623
6636,4,15,2020,3.1,2,3,294065,5,4,9318
6637,6,26,2023,1.3,1,1,268386,2,4,8432
6638,10,22,2005,3.9,2,1,108417,5,5,10831
6639,3,19,2001,4.7,2,2,252930,3,1,6041
6640,6,26,2006,2.2,3,3,26137,4,2,8577
6641,2,30,2019,2.4,3,2,178,3,1,13196
6642,1,3,2023,2.7,3,1,201494,3,1,12170
6643,5,7,2023,5.0,3,2,275991,3,4,11480
6644,2,30,2001,5.0,3,3,151771,3,2,7364
6645,1,3,2008,1.2,1,3,108783,3,3,5524
6646,6,29,2017,3.9,4,2,234037,3,1,8419
6647,1,23,2001,1.7,1,2,24929,3,1,5601
6648,8,11,2004,4.3,1,1,284717,4,4,5405
6649,6,26,2010,1.7,3,3,217611,4,2,5447
6650,6,29,2004,4.5,2,3,101044,4,3,9779
6651,3,19,2008,3.6,2,3,135355,5,2,9392
6652,3,20,2019,3.0,4,2,252522,3,4,7749
6653,8,11,2001,2.0,1,3,87508,4,1,4649
6654,9,10,2007,4.2,4,3,111390,4,3,8172
6655,4,15,2016,3.0,3,3,46541,4,4,11969
6656,5,5,2015,4.4,4,2,140190,2,1,10196
6657,7,27,2021,4.6,2,2,193017,5,5,13139
6658,1,4,2023,2.6,2,2,113505,4,4,13329
6659,3,19,2021,3.7,1,1,132045,3,2,12959
6660,8,6,2023,3.8,2,1,121773,2,5,15864
6661,1,23,2012,3.2,3,3,184888,3,1,8202
6662,10,18,2021,3.1,4,3,246099,3,4,8578
6663,7,21,2013,3.1,1,3,95849,4,5,9183
6664,3,13,2010,3.7,2,2,206414,4,2,8671
6665,10,18,2022,1.1,3,1,263064,5,3,9038
6666,10,28,2012,4.7,2,1,216584,4,3,11568
6667,6,26,2016,4.8,2,2,279973,4,2,10100
6668,3,20,2006,4.8,4,1,104490,5,5,10110
6669,8,11,2005,3.6,4,1,261,3,2,10694
6670,7,27,2023,2.2,2,3,220516,3,5,10789
6671,7,21,2007,4.9,1,1,10457,2,1,12390
6672,7,21,2022,3.2,2,1,110964,2,5,15180
6673,8,6,2012,1.8,3,1,86290,4,1,10274
6674,8,11,2017,1.8,3,1,19088,2,3,13118
6675,10,18,2004,4.2,4,3,267130,3,1,4157
6676,9,10,2023,1.0,4,2,237737,5,5,7245
6677,6,29,2008,3.6,4,3,89402,5,5,8311
6678,10,22,2011,3.1,2,3,137183,3,4,9756
6679,6,12,2002,4.4,2,2,109568,4,2,8908
6680,9,24,2014,2.2,3,1,71736,5,1,11565
6681,9,8,2013,2.1,1,1,202382,4,3,7552
6682,1,3,2022,4.0,2,3,245773,2,1,11784
6683,1,4,2009,4.1,3,1,275327,5,1,7893
6684,7,21,2020,3.3,4,3,175040,3,2,9899
6685,5,9,2010,3.7,1,2,276565,3,1,5268
6686,1,4,2009,1.8,4,2,70727,4,2,7185
6687,3,13,2018,3.7,3,2,68251,5,3,12834
6688,7,27,2020,4.3,4,2,210685,5,1,10186
6689,5,9,2009,1.4,3,1,264425,5,2,5411
6690,8,17,2016,3.1,2,2,271066,3,4,8578
6691,7,25,2016,2.4,4,2,56235,5,5,10175
6692,4,16,2012,3.5,1,1,252260,4,5,7654
6693,4,16,2003,1.3,2,2,73415,3,3,6831
6694,5,5,2004,3.6,3,3,91586,4,1,8068
6695,6,26,2016,1.4,4,1,82265,3,4,10154
6696,4,16,2015,3.3,4,2,152891,5,5,8842
6697,5,7,2012,4.1,4,3,21648,5,1,11367
6698,6,12,2007,2.9,3,3,228537,2,4,5529
6699,4,16,2002,4.5,3,3,28572,5,2,9628
6700,8,6,2022,3.7,2,2,197471,3,1,12450
6701,9,24,2007,1.3,2,1,284561,4,1,5308
6702,3,13,2003,4.5,1,2,181368,2,4,5872
6703,6,26,2001,3.6,1,3,197945,4,5,4041
6704,8,17,2002,3.1,4,2,233620,4,5,3127
6705,10,22,2010,1.0,1,1,46005,2,4,8679
6706,8,11,2011,2.7,4,1,56509,5,5,10469
6707,5,9,2012,4.3,2,1,94807,5,4,13603
6708,8,17,2017,3.6,2,3,209429,3,1,10611
6709,1,3,2017,3.9,3,1,226515,3,2,11069
6710,9,10,2022,2.9,3,2,77744,3,4,13045
6711,3,19,2003,3.9,3,1,149269,3,2,8414
6712,8,6,2002,4.7,3,2,69113,5,1,9017
6713,2,30,2021,3.6,3,1,216582,2,1,12168
6714,5,5,2014,1.6,1,1,56480,4,3,10270
6715,8,6,2012,2.1,1,2,103500,4,4,7730
6716,1,3,2019,3.3,2,1,27571,4,3,16048
6717,3,20,2005,3.5,4,3,142540,3,2,6249
6718,8,17,2007,4.9,3,3,82151,5,3,10456
6719,6,26,2014,3.3,3,1,271827,5,3,8663
6720,10,28,2013,1.0,3,1,169799,4,3,8104
6721,1,23,2016,2.4,1,1,112267,4,4,10554
6722,6,29,2002,2.4,3,2,206535,3,2,3969
6723,3,13,2014,1.9,4,3,263883,2,3,4922
6724,10,18,2016,4.2,4,1,1716,4,4,14565
6725,10,18,2017,4.7,1,3,298534,2,4,7929
6726,8,17,2021,4.6,4,3,71555,2,2,13568
6727,4,16,2001,2.4,2,3,129157,2,1,6216
6728,7,21,2022,4.8,3,2,223997,5,2,12020
6729,9,8,2023,1.6,2,1,258800,3,2,10924
6730,7,27,2006,1.5,4,3,230750,5,3,2785
6731,6,26,2002,3.7,4,3,202506,4,1,4349
6732,8,11,2013,1.8,2,3,118037,2,3,9439
6733,7,25,2015,4.4,1,2,16202,3,4,12675
6734,4,16,2007,2.7,3,3,264390,4,3,4612
6735,7,27,2013,1.5,4,1,204425,5,5,6911
6736,5,7,2013,2.0,2,1,104470,5,1,11410
6737,5,7,2017,4.9,3,1,295085,4,4,10698
6738,5,7,2002,2.3,4,1,226043,4,2,3979
6739,9,8,2011,3.2,2,2,193292,3,3,8734
6740,6,29,2000,2.6,2,2,229968,5,1,4100
6741,7,25,2001,4.6,4,3,186011,3,3,5279
6742,8,17,2008,2.0,2,1,288434,2,4,6231
6743,1,4,2001,4.4,2,3,280845,5,1,5183
6744,6,26,2015,3.4,2,1,130900,4,5,12882
6745,7,21,2008,1.7,2,3,204474,4,3,6110
6746,6,12,2001,3.7,2,2,122870,4,5,7642
6747,6,29,2014,1.4,4,2,100553,2,3,7688
6748,5,9,2021,4.5,4,3,205483,5,2,10790
6749,9,24,2017,2.6,2,3,183264,2,2,10134
6750,2,30,2020,4.2,1,1,51730,2,3,14765
6751,4,15,2006,2.2,2,1,222273,2,4,7154
6752,9,24,2010,4.9,2,3,187042,5,1,10259
6753,2,30,2014,2.2,2,3,189664,2,4,8706
6754,8,11,2003,3.5,2,1,236960,2,3,7260
6755,4,16,2001,2.7,1,2,61030,5,5,5879
6756,5,7,2003,4.5,4,2,240545,4,4,4689
6757,9,10,2018,4.4,2,3,27278,3,5,15354
6758,8,17,2014,2.6,1,1,37629,2,1,11647
6759,3,13,2020,3.6,1,1,215941,2,1,10881
6760,10,28,2009,3.5,4,1,114527,4,5,9509
6761,5,7,2017,3.4,4,2,205937,4,1,8481
6762,8,17,2003,4.2,1,2,71650,2,5,7767
6763,9,24,2005,1.6,1,2,171896,3,2,3762
6764,1,4,2010,3.0,2,3,248199,3,2,7136
6765,10,18,2013,3.0,3,3,198051,3,1,8038
6766,4,16,2017,3.3,4,2,202707,3,3,8445
6767,1,23,2004,3.7,3,2,164312,4,1,6713
6768,10,22,2016,4.1,2,3,124529,2,5,12509
6769,5,9,2003,1.5,3,3,26126,2,1,6977
6770,2,1,2005,1.4,4,3,120261,5,1,4594
6771,10,22,2005,3.8,4,1,247689,3,5,5946
6772,4,15,2001,4.3,1,1,143290,4,5,7334
6773,10,18,2011,2.0,3,3,147988,3,1,7440
6774,9,24,2015,2.1,4,2,100862,2,5,8682
6775,6,12,2016,4.5,2,2,173719,5,2,11925
6776,2,1,2012,3.2,4,1,164030,5,1,9119
6777,1,23,2007,2.2,2,2,197643,5,2,6447
6778,8,17,2014,3.2,1,3,132358,5,2,8852
6779,10,22,2023,2.0,1,3,151074,4,3,9978
6780,8,6,2003,4.5,1,3,278679,2,5,3926
6781,9,8,2010,1.5,2,2,265912,2,1,5281
6782,10,22,2010,3.7,1,1,78342,4,5,10733
6783,8,6,2006,2.7,1,2,282078,3,2,2958
6784,2,2,2008,4.1,3,1,31192,4,3,12476
6785,5,7,2018,1.3,2,1,172589,3,5,10848
6786,1,23,2011,3.7,3,2,260944,5,5,6881
6787,5,9,2011,3.9,2,2,157393,2,3,10152
6788,9,8,2018,4.5,2,3,271138,3,5,10577
6789,10,18,2003,1.7,2,3,268797,4,3,3324
6790,4,14,2006,4.4,1,1,90111,2,1,9997
6791,8,6,2012,4.4,1,2,178627,2,1,8527
6792,5,9,2008,1.4,2,2,158673,5,3,6726
6793,1,4,2004,4.0,1,1,188836,2,1,7023
6794,5,9,2019,4.7,4,3,254381,4,2,9412
6795,1,23,2023,4.6,4,3,133898,5,1,12922
6796,6,12,2019,1.7,3,2,185557,2,1,8788
6797,5,7,2015,2.3,1,2,5486,3,2,10790
6798,6,29,2020,3.1,2,1,119095,4,5,14318
6799,3,13,2011,4.1,1,1,94613,5,1,11107
6800,4,16,2006,4.5,4,3,126157,5,3,7876
6801,6,12,2019,3.1,3,1,47141,3,2,14457
6802,3,13,2014,1.5,4,1,128629,3,1,8727
6803,9,10,2023,3.8,2,3,293331,3,2,10933
6804,7,25,2011,1.8,3,3,12703,4,2,9945
6805,8,11,2017,1.8,1,3,85898,2,3,9282
6806,5,9,2004,1.4,2,3,209853,2,3,4502
6807,9,10,2017,4.7,2,1,112996,5,3,15140
6808,7,21,2009,1.8,4,2,196236,4,4,4675
6809,8,17,2017,3.3,4,2,4189,4,2,12416
6810,5,5,2023,1.1,3,1,21255,3,4,14174
6811,2,2,2006,2.7,1,1,250664,2,3,5086
6812,5,7,2012,2.6,1,2,109482,2,1,8110
6813,10,22,2002,2.0,2,1,49131,4,2,9217
6814,3,20,2009,3.1,3,1,254527,5,1,7309
6815,4,14,2022,4.6,3,2,234964,5,3,11600
6816,5,9,2009,4.4,2,2,257373,2,3,8052
6817,7,25,2002,4.2,3,1,204150,2,5,7317
6818,3,13,2013,2.2,1,2,112848,4,3,7943
6819,4,14,2004,1.9,3,3,283485,4,2,2530
6820,5,7,2004,1.6,3,3,196965,2,2,3960
6821,4,16,2012,4.8,3,2,22948,3,2,13041
6822,10,22,2020,4.9,4,1,28699,4,5,15926
6823,7,21,2019,3.7,1,1,91384,4,5,13172
6824,4,14,2006,1.6,2,3,25,3,2,9499
6825,8,6,2014,4.1,1,3,294266,4,1,6514
6826,7,25,2018,1.6,1,2,4122,5,3,11017
6827,10,28,2017,3.1,2,1,160266,5,1,12594
6828,1,4,2020,1.3,3,3,76966,3,4,10860
6829,4,16,2020,2.6,1,2,266958,5,3,7360
6830,2,30,2023,2.0,3,2,131263,4,4,11374
6831,3,20,2012,1.2,4,2,167781,3,4,5544
6832,4,15,2012,4.0,2,3,148355,4,1,10732
6833,8,6,2019,1.3,2,2,61005,5,5,11879
6834,3,13,2020,4.7,4,1,181647,3,3,12667
6835,8,6,2008,1.9,4,1,279604,4,4,4307
6836,10,18,2016,3.7,3,3,270347,4,5,8193
6837,8,17,2000,2.6,1,1,220401,2,5,3791
6838,7,27,2000,4.9,1,1,262378,4,4,5252
6839,10,22,2001,2.0,1,1,1365,3,2,7872
6840,1,4,2011,3.7,2,1,207172,4,5,10456
6841,8,17,2020,3.5,2,3,54365,3,5,14512
6842,9,10,2010,3.3,1,2,82193,2,1,8756
6843,6,26,2012,3.0,3,1,112456,4,3,10950
6844,3,20,2021,4.4,4,2,226265,2,2,10274
6845,7,21,2001,3.7,4,2,227310,3,4,3553
6846,6,26,2012,3.0,2,1,64720,5,4,12905
6847,4,15,2016,4.9,2,1,272797,5,3,11844
6848,2,30,2000,3.9,3,2,167108,2,4,5657
6849,8,6,2003,1.0,4,2,290535,5,2,2000
6850,10,18,2004,2.0,2,1,207488,3,5,6650
6851,2,30,2014,5.0,3,1,175795,3,2,12284
6852,4,15,2006,3.4,2,3,274521,3,4,5809
6853,1,23,2017,1.5,2,1,10943,5,1,13981
6854,6,29,2015,2.2,4,3,229107,4,1,6217
6855,6,29,2015,2.2,3,2,299576,3,1,5808
6856,7,25,2009,3.6,1,1,111221,2,2,9675
6857,7,27,2015,2.5,3,2,176012,3,4,8579
6858,10,18,2010,2.0,3,1,134529,2,4,8909
6859,10,22,2000,1.2,1,2,25699,3,3,4786
6860,4,14,2005,2.3,4,1,27293,4,3,8854
6861,1,3,2002,4.1,4,2,200419,2,1,4791
6862,9,10,2021,4.7,1,2,81118,4,3,13477
6863,8,11,2013,2.2,2,2,54896,2,4,11102
6864,3,20,2014,2.1,3,2,16391,4,2,11072
6865,10,22,2002,2.2,1,1,253907,3,3,3321
6866,7,25,2009,2.9,3,1,174884,4,5,8702
6867,9,24,2011,1.5,2,3,279685,4,3,5306
6868,10,18,2016,4.4,3,3,235529,2,4,9589
6869,10,22,2004,3.5,1,2,31999,3,5,8160
6870,2,30,2011,1.1,2,3,144362,2,2,7612
6871,10,28,2017,1.3,3,3,169889,2,1,8102
6872,5,9,2017,4.9,3,3,141940,4,3,12261
6873,3,19,2020,1.2,1,3,188796,4,1,7524
6874,4,16,2014,1.7,3,3,59813,5,3,9803
6875,1,4,2020,1.2,4,3,38486,2,1,10530
6876,3,20,2001,1.1,2,3,252944,5,1,2441
6877,1,23,2023,3.0,1,1,261156,5,1,10276
6878,10,18,2014,4.3,2,2,175693,3,4,11086
6879,3,20,2009,1.6,1,1,193104,5,1,6037
6880,3,19,2014,4.9,4,3,7575,3,1,13048
6881,4,15,2021,2.9,2,1,193705,5,3,12925
6882,5,9,2022,1.0,1,1,19325,2,5,12813
6883,5,7,2009,1.5,3,1,84630,2,5,9107
6884,1,3,2003,3.3,3,3,202661,5,3,5246
6885,9,24,2017,4.4,3,1,38918,3,2,15321
6886,4,14,2004,3.6,4,1,224461,2,3,5910
6887,4,14,2002,4.8,3,3,282165,4,4,4856
6888,7,27,2005,2.2,2,3,40085,5,4,8998
6889,6,29,2010,2.6,2,2,51964,2,3,10660
6890,10,22,2011,1.3,4,3,286934,4,5,2961
6891,7,27,2008,4.9,2,2,51756,5,2,12364
6892,2,2,2007,4.9,1,1,299064,4,2,6618
6893,1,23,2019,4.0,4,3,253038,3,3,8739
6894,9,10,2009,3.4,1,3,224427,3,4,5711
6895,4,16,2023,4.5,3,1,198309,3,1,14033
6896,2,1,2012,1.5,2,3,103264,5,2,9134
6897,8,17,2002,4.0,1,3,285106,4,1,2997
6898,6,12,2016,1.9,2,3,157365,2,2,9652
6899,1,23,2014,5.0,3,2,51756,2,2,13264
6900,5,5,2023,1.7,1,1,31712,3,1,13565
6901,2,1,2010,3.2,3,3,154894,3,5,8202
6902,1,23,2000,4.5,3,1,237885,4,1,6342
6903,3,13,2017,1.9,3,1,185187,3,5,9896
6904,8,11,2023,4.4,4,3,53236,2,3,14335
6905,9,8,2012,2.0,3,1,37448,3,5,11451
6906,5,7,2018,2.8,3,2,39002,5,2,12519
6907,2,30,2016,4.2,1,1,35975,2,5,13880
6908,5,5,2012,3.6,2,1,202063,3,3,10758
6909,2,2,2001,3.9,1,3,7812,2,3,8143
6910,8,11,2018,2.7,4,1,131089,4,4,11078
6911,2,30,2015,1.6,3,1,254593,3,1,7608
6912,3,20,2023,1.9,2,2,73623,5,3,13427
6913,4,15,2004,1.1,2,3,76115,3,2,6877
6914,10,18,2022,2.4,3,3,272029,4,3,8659
6915,6,12,2006,4.7,3,2,140595,3,5,8788
6916,3,20,2000,1.3,4,2,53443,2,2,4331
6917,4,16,2015,3.8,4,3,173937,4,4,8921
6918,2,1,2011,4.2,2,1,179226,3,2,11515
6919,5,9,2013,2.6,3,2,147276,3,5,8654
6920,1,3,2010,2.5,3,1,18340,4,2,11733
6921,4,15,2021,2.8,3,1,82491,2,1,14050
6922,2,2,2016,2.7,3,3,229813,3,2,8003
6923,3,20,2016,3.0,4,1,136614,5,1,10667
6924,9,10,2018,2.8,4,3,270092,2,3,6898
6925,1,3,2020,4.4,2,3,125073,5,1,13998
6926,9,8,2006,3.6,4,3,191491,2,1,5670
6927,9,8,2007,1.5,2,1,73463,4,4,9730
6928,5,7,2008,3.7,4,2,22341,4,5,9753
6929,8,6,2011,3.5,3,1,77213,4,5,11855
6930,5,9,2008,3.9,2,2,271464,5,4,6970
6931,3,20,2002,1.2,3,1,58178,4,5,7236
6932,8,6,2018,4.8,4,3,180127,4,5,10697
6933,8,11,2021,4.2,2,2,118105,4,2,14237
6934,10,18,2015,1.2,2,3,125528,2,2,9289
6935,5,9,2022,3.0,3,1,1140,5,5,16177
6936,7,25,2005,4.2,2,1,276584,5,5,7768
6937,1,3,2023,4.1,3,2,73687,4,2,14626
6938,10,28,2008,4.2,1,1,96654,2,1,10266
6939,5,9,2003,4.7,4,1,22170,5,5,10756
6940,4,15,2007,3.8,2,1,130878,5,4,10882
6941,9,10,2011,4.3,3,2,246547,4,5,7769
6942,2,1,2001,1.3,4,2,22743,4,2,5245
6943,1,3,2002,3.5,3,2,249608,5,4,4207
6944,6,26,2018,5.0,2,3,274656,4,3,11006
6945,9,8,2023,2.8,1,1,254659,4,5,10206
6946,8,17,2005,3.2,3,2,56745,3,4,8665
6947,7,25,2011,3.0,4,2,195830,5,1,6483
6948,4,15,2010,4.3,2,3,187428,5,4,9651
6949,6,12,2021,4.0,3,3,270151,3,3,9996
6950,6,12,2006,3.7,3,2,169269,3,2,7214
6951,6,26,2000,4.0,2,3,29856,3,4,9502
6952,4,15,2012,1.6,3,2,113465,2,4,8030
6953,3,20,2022,1.4,4,1,107926,3,1,11441
6954,3,19,2015,3.7,4,2,198318,4,4,8333
6955,8,17,2000,4.6,2,1,118975,3,5,9820
6956,9,8,2022,2.9,1,3,206424,2,3,9471
6957,1,3,2002,2.2,3,1,260349,4,1,4193
6958,3,19,2012,1.3,3,3,3633,4,1,9927
6959,10,18,2022,4.8,4,3,16372,3,3,15172
6960,3,20,2006,3.5,4,1,105491,5,1,8790
6961,3,19,2010,3.7,1,2,203888,3,1,6722
6962,9,24,2023,3.7,1,1,228172,5,2,11636
6963,2,1,2017,3.1,1,1,52990,4,3,12740
6964,4,16,2016,2.0,1,2,246034,2,5,5979
6965,10,22,2022,4.4,4,1,278682,2,3,11026
6966,9,10,2000,4.7,4,2,220878,3,3,4382
6967,8,17,2022,2.9,2,2,217102,4,2,11257
6968,9,24,2007,3.7,4,2,189740,3,3,6105
6969,10,18,2019,4.0,4,3,239220,3,1,9015
6970,6,29,2011,1.1,4,1,20243,2,2,9595
6971,5,9,2018,2.8,3,2,76512,5,4,11769
6972,8,17,2017,4.7,1,3,162160,3,5,10656
6973,5,9,2004,1.0,4,3,229776,4,3,2000
6974,8,17,2007,4.1,2,1,86388,3,3,12072
6975,7,25,2019,4.9,4,3,8059,5,2,14538
6976,9,8,2020,1.8,4,3,77368,4,1,10352
6977,4,16,2006,4.4,3,3,110110,4,4,9097
6978,3,13,2004,2.7,2,3,14373,5,5,9712
6979,5,5,2001,4.3,2,3,173252,3,3,7234
6980,7,27,2016,1.6,1,2,66854,2,2,9162
6981,3,20,2019,2.7,1,2,281976,3,1,6860
6982,8,6,2016,1.2,2,1,111416,3,1,11371
6983,5,5,2007,4.3,4,3,139243,4,4,7715
6984,7,25,2016,4.2,3,1,55052,5,3,14498
6985,1,23,2018,3.6,1,3,59751,2,2,11904
6986,9,8,2000,3.3,1,3,31031,3,3,6779
6987,3,20,2018,3.4,2,3,30302,3,2,14293
6988,10,22,2022,3.4,4,3,50894,5,5,13082
6989,10,28,2013,1.2,2,3,278655,2,5,5626
6990,3,19,2008,1.8,4,3,275975,2,4,2780
6991,10,28,2011,2.6,1,1,168442,3,2,8131
6992,6,26,2015,4.0,1,1,113792,4,4,11824
6993,8,11,2005,3.1,1,2,261026,3,1,3479
6994,10,22,2009,1.8,4,3,175637,2,4,5087
6995,9,10,2018,2.9,3,2,233484,5,5,8730
6996,1,23,2000,1.3,2,3,207478,4,4,3250
6997,8,6,2007,4.9,2,2,288403,2,1,7331
6998,8,17,2013,3.0,2,2,93855,2,5,11122
6999,9,24,2023,2.1,1,1,264695,3,3,9306
7000,8,11,2023,1.9,4,2,145075,5,4,9998
7001,1,3,2015,3.2,4,2,161375,2,2,8572
7002,8,11,2005,2.5,4,2,62613,2,1,6847
7003,10,28,2015,4.0,2,2,258202,3,1,9435
7004,7,27,2013,3.4,3,2,225705,3,2,7885
7005,2,30,2013,1.8,2,3,85004,5,3,10099
7006,4,15,2018,1.3,2,3,236675,5,4,8066
7007,1,23,2020,1.6,4,3,279486,2,3,6110
7008,7,21,2015,3.5,1,1,105282,4,1,11494
7009,6,12,2011,3.6,3,2,179474,2,1,8410
7010,5,5,2003,1.5,1,3,283105,2,5,2000
7011,4,15,2012,3.5,2,1,199526,5,1,10709
7012,4,16,2004,2.2,4,3,236035,4,2,2779
7013,10,18,2003,1.7,4,2,30019,4,3,6099
7014,2,1,2019,1.6,3,2,297914,3,3,6441
7015,9,8,2023,4.8,1,2,129245,5,4,13215
7016,10,18,2023,3.9,1,3,7087,4,4,14758
7017,2,30,2011,1.4,4,2,252879,5,4,3742
7018,2,1,2001,2.7,2,1,222345,2,2,6153
7019,7,25,2018,2.1,3,2,272228,3,3,7155
7020,9,24,2018,3.7,1,3,165909,5,4,9881
7021,8,11,2021,1.7,2,2,230913,2,2,9481
7022,8,11,2001,4.3,2,2,31712,3,1,10065
7023,5,5,2010,3.1,1,1,92528,3,1,9849
7024,7,25,2010,1.3,4,2,293296,3,5,2534
7025,1,23,2011,4.6,2,3,282280,3,3,8354
7026,6,29,2011,1.9,1,3,194051,5,2,5418
7027,7,21,2022,2.2,2,3,297214,4,2,8955
7028,10,18,2010,3.8,2,2,102003,5,5,10859
7029,10,18,2011,3.7,3,2,209279,5,2,7914
7030,10,28,2005,5.0,3,3,121448,5,3,9171
7031,8,11,2002,4.1,2,2,202436,2,5,6751
7032,1,4,2023,3.0,4,2,222335,3,4,9553
7033,4,16,2006,2.4,3,1,44027,2,3,9919
7034,10,22,2011,4.9,2,1,169799,3,1,12404
7035,7,25,2015,1.4,2,3,159205,3,1,8815
7036,2,2,2022,2.9,3,1,258061,3,4,10938
7037,5,5,2014,2.0,3,2,170081,4,3,7898
7038,9,24,2008,1.6,3,2,249127,3,1,4117
7039,5,5,2010,3.4,2,2,55981,5,2,11380
7040,10,18,2021,3.1,3,1,276268,5,1,10474
7041,4,14,2017,1.8,2,1,151994,3,4,11460
7042,6,26,2021,4.3,3,3,217885,3,5,11342
7043,1,3,2015,4.6,3,2,17124,5,1,13857
7044,3,20,2009,5.0,2,2,251699,4,3,8766
7045,1,4,2014,2.6,4,3,110810,3,1,8683
7046,7,25,2022,3.4,3,3,234293,4,5,10414
7047,9,8,2013,1.7,3,2,293620,2,2,4827
7048,10,22,2023,3.7,3,3,267964,2,5,10340
7049,6,12,2009,2.2,2,1,173798,3,2,9024
7050,5,5,2023,1.9,2,1,31933,2,3,15761
7051,3,19,2002,4.7,1,2,81018,4,1,7779
7052,10,28,2008,3.0,1,2,283149,4,2,3837
7053,2,2,2002,4.0,1,1,36513,4,1,9469
7054,10,22,2004,2.7,2,2,137943,4,1,7241
7055,5,9,2021,3.7,2,3,62000,4,5,14860
7056,3,19,2016,2.8,4,2,264456,4,5,6410
7057,4,16,2016,3.4,4,1,156410,4,2,10671
7058,8,6,2013,1.3,1,1,190583,5,2,6988
7059,7,27,2011,3.7,4,1,118052,3,1,10238
7060,6,12,2007,4.2,4,3,204825,5,3,6303
7061,8,6,2015,2.6,2,2,126604,3,1,10667
7062,2,30,2015,2.6,4,1,89764,2,3,10904
7063,1,23,2011,1.3,3,1,275369,5,5,5692
7064,5,7,2009,1.8,2,3,176468,3,4,7070
7065,9,8,2004,1.9,3,3,239455,4,1,3410
7066,2,30,2010,2.7,3,1,41636,4,2,11467
7067,2,2,2021,2.9,2,2,43345,5,5,14433
7068,10,18,2012,4.0,1,1,263678,2,5,7926
7069,7,21,2018,4.3,3,1,68045,4,3,14939
7070,1,3,2005,4.9,3,1,170292,4,5,9594
7071,7,21,2023,3.2,4,3,141520,4,3,11369
7072,4,16,2001,2.4,2,1,21279,4,3,9874
7073,4,15,2013,1.2,1,1,49409,4,4,9711
7074,3,20,2014,2.0,1,2,260213,3,4,5095
7075,10,18,2021,2.4,4,1,115092,2,1,11998
7076,10,22,2000,3.2,4,2,13050,5,2,7039
7077,2,1,2023,2.8,4,2,50489,5,4,12790
7078,9,8,2021,2.4,2,1,204196,2,2,12216
7079,9,24,2017,4.8,1,1,31166,2,5,14876
7080,6,12,2001,2.6,1,2,224231,2,4,2515
7081,2,1,2005,2.7,3,2,179103,3,5,5717
7082,6,26,2016,2.6,2,3,204343,2,2,9413
7083,1,4,2009,4.1,2,1,46613,5,5,13467
7084,5,7,2003,1.2,4,2,286130,2,1,2000
7085,10,28,2022,4.1,1,3,126766,5,1,12264
7086,7,27,2019,3.6,1,3,285924,2,5,7681
7087,1,4,2013,4.1,2,2,181956,4,1,10460
7088,6,29,2006,4.6,4,1,179087,3,2,8418
7089,3,19,2021,1.2,4,3,71340,3,4,10173
7090,3,20,2014,1.8,1,3,121799,2,4,7664
7091,4,16,2002,1.9,1,1,214248,3,2,3815
7092,10,28,2010,2.1,2,1,94252,5,3,10814
7093,2,2,2010,2.5,1,3,180671,5,5,5986
7094,5,5,2015,2.4,1,2,118764,2,1,8624
7095,9,24,2014,3.2,4,1,56650,3,1,11867
7096,9,10,2022,2.1,4,2,18259,5,2,12434
7097,2,30,2014,4.4,2,3,226461,5,2,10170
7098,9,24,2015,1.4,3,1,71405,4,3,11071
7099,10,22,2005,1.7,3,1,184301,2,4,6113
7100,5,7,2023,1.9,3,3,98879,4,3,11922
7101,2,30,2003,2.1,2,1,159098,4,4,7418
7102,5,9,2014,3.9,3,2,76475,5,1,11670
7103,1,4,2019,4.0,3,2,110956,3,1,12580
7104,4,15,2018,1.5,2,2,38815,4,3,12223
7105,8,11,2003,3.0,3,1,133454,2,1,7830
7106,4,15,2022,4.1,2,2,4726,3,1,16705
7107,4,16,2012,2.4,4,2,29289,2,4,9514
7108,5,9,2021,1.8,4,3,41296,4,3,11374
7109,10,28,2023,2.7,1,1,238264,4,3,10434
7110,5,9,2014,2.9,2,2,235461,3,2,8490
7111,3,20,2011,3.6,2,3,59707,4,3,11805
7112,10,22,2018,1.0,3,3,99828,3,5,9503
7113,4,14,2020,2.2,1,1,198343,3,5,9833
7114,3,19,2009,3.2,3,3,36236,2,5,10275
7115,2,2,2015,4.1,3,3,270372,5,2,8292
7116,9,10,2010,3.7,3,1,236872,2,2,8562
7117,5,9,2023,3.4,4,2,135534,5,4,11689
7118,5,9,2003,3.6,1,3,83135,4,4,6937
7119,6,12,2011,3.4,3,1,32634,3,4,12647
7120,4,15,2019,2.6,1,2,137383,2,3,9652
7121,3,19,2008,2.2,3,3,126531,3,3,7169
7122,9,24,2006,1.3,3,2,233311,5,2,3533
7123,10,22,2022,2.5,3,1,15999,3,4,15380
7124,3,19,2002,2.2,1,1,63902,4,5,7121
7125,1,4,2000,2.0,4,3,17557,2,5,5748
7126,4,15,2005,1.5,2,1,44555,5,5,9708
7127,3,20,2001,2.5,2,2,297661,3,5,2946
7128,5,9,2009,2.0,1,3,206007,4,4,4679
7129,4,16,2015,4.2,1,1,83408,4,3,12631
7130,4,14,2009,3.7,4,3,158946,3,3,7321
7131,7,21,2004,1.0,2,2,53506,3,4,7229
7132,10,18,2020,3.3,4,3,283874,2,4,7722
7133,7,25,2004,2.8,3,2,264738,2,3,3805
7134,3,20,2018,4.4,3,2,108874,2,1,12722
7135,9,24,2002,2.6,2,1,231799,4,4,6164
7136,5,7,2010,2.0,2,2,296296,4,1,5174
7137,8,6,2019,2.7,1,3,80916,5,3,10881
7138,8,17,2021,2.8,4,2,6940,4,1,13061
7139,4,16,2011,4.1,1,2,193635,5,3,7627
7140,6,29,2021,2.8,4,1,73370,5,5,13232
7141,8,11,2021,2.2,2,1,34151,4,4,15416
7142,3,20,2023,2.6,2,1,267012,3,2,11759
7143,9,8,2013,1.7,4,3,256396,4,5,4572
7144,5,9,2010,3.9,1,3,150711,2,2,7985
7145,9,10,2021,4.4,4,2,36858,5,3,14062
7146,4,14,2014,1.6,1,3,191195,2,2,6076
7147,8,11,2008,4.9,4,2,193234,3,1,7535
7148,8,6,2005,4.5,4,1,11293,4,3,11374
7149,2,30,2012,2.2,3,3,40306,2,2,10093
7150,10,18,2003,4.7,1,3,263733,4,2,4425
7151,1,23,2011,4.7,4,3,218985,5,3,7720
7152,4,15,2000,3.0,2,3,199144,3,3,5117
7153,10,28,2011,1.4,4,3,712,5,2,8785
7154,6,29,2005,1.6,4,1,194743,4,3,4805
7155,7,21,2016,2.5,2,3,104371,5,5,11312
7156,7,21,2011,4.6,4,2,157536,3,5,8849
7157,8,11,2006,4.2,2,1,248488,5,3,8630
7158,4,14,2023,2.9,1,1,203359,2,1,11332
7159,1,23,2005,4.0,2,2,106243,4,2,9475
7160,2,2,2013,4.5,4,3,216053,3,1,8178
7161,8,17,2011,4.1,1,2,214542,2,5,7209
7162,6,12,2007,2.2,2,1,17910,3,4,11541
7163,5,5,2009,2.5,4,3,185382,4,1,5592
7164,4,16,2003,1.3,3,2,286239,3,5,2000
7165,7,25,2023,3.2,1,3,193404,3,4,10331
7166,9,10,2022,3.6,3,1,225866,4,3,12282
7167,5,7,2019,1.4,4,3,168026,4,5,7839
7168,9,10,2022,4.9,4,2,286358,2,3,9872
7169,1,23,2004,4.5,1,2,271531,2,4,4369
7170,10,22,2002,2.4,2,1,112015,4,5,8359
7171,8,11,2009,3.6,1,1,53762,3,4,10824
7172,5,5,2016,4.1,4,2,45712,4,4,12085
7173,6,12,2019,1.5,4,2,264951,4,1,6000
7174,2,30,2014,2.1,2,1,142689,3,5,11046
7175,10,22,2013,1.9,3,1,217349,5,4,8053
7176,9,24,2001,1.4,3,3,80016,5,4,5199
7177,10,28,2022,1.1,3,1,17726,2,3,13945
7178,5,7,2023,3.1,2,2,179706,5,3,12505
7179,3,19,2020,2.1,4,2,285243,5,5,6495
7180,8,11,2003,2.3,4,2,96610,4,1,5367
7181,9,10,2004,3.0,2,1,281618,4,1,6167
7182,7,25,2008,1.6,4,2,250194,5,3,3096
7183,9,24,2008,2.2,2,1,84663,5,1,10506
7184,8,11,2005,1.6,3,3,47361,5,4,7252
7185,10,28,2019,4.7,3,1,292565,5,5,11148
7186,10,28,2016,4.6,2,2,9071,5,2,15318
7187,10,28,2017,2.4,2,3,204690,5,1,9506
7188,5,7,2002,1.2,2,2,119028,5,5,5519
7189,10,22,2018,3.5,3,3,222042,5,1,9559
7190,4,16,2001,3.2,3,1,195323,3,2,6193
7191,4,14,2018,4.8,3,3,211809,5,1,11063
7192,4,15,2000,3.8,2,2,236211,5,4,5175
7193,7,25,2010,2.5,1,1,186502,2,2,7369
7194,7,21,2012,4.5,3,1,188960,2,4,10920
7195,10,18,2016,4.4,1,2,126539,2,2,10769
7196,3,20,2001,5.0,4,1,287516,5,5,5149
7197,9,10,2014,1.6,2,3,285729,2,5,6185
7198,3,19,2004,1.4,4,2,280128,4,2,2000
7199,2,30,2002,3.3,1,3,244368,3,5,3112
7200,5,9,2020,2.9,2,3,275857,2,1,9482
7201,10,18,2021,2.9,2,2,39924,2,5,14501
7202,5,7,2017,1.3,4,1,257004,5,4,6859
7203,5,5,2023,1.3,1,1,72492,3,1,12350
7204,2,1,2004,3.2,1,3,232157,3,2,3856
7205,2,2,2009,4.1,1,1,73326,2,5,10933
7206,3,13,2018,1.9,3,1,13790,5,5,13624
7207,7,21,2006,3.8,2,3,99812,3,1,9703
7208,4,15,2009,3.2,2,1,166096,2,5,10178
7209,1,4,2020,2.3,3,2,142405,5,1,10551
7210,8,6,2004,1.0,1,1,223183,4,5,3336
7211,10,22,2022,3.2,1,2,137887,2,1,11142
7212,5,9,2016,2.2,3,2,13387,4,1,11832
7213,8,11,2009,2.1,2,1,104834,2,2,10303
7214,10,28,2008,4.4,3,3,168316,4,3,8533
7215,8,11,2022,3.4,1,1,112807,2,4,13343
7216,5,5,2006,3.0,2,2,145460,2,3,7990
7217,6,29,2006,4.9,1,1,267954,2,5,6940
7218,1,23,2018,4.9,1,2,267327,5,3,9053
7219,1,23,2001,4.6,2,2,132454,3,3,8350
7220,9,24,2014,1.2,1,1,138778,3,3,8224
7221,1,3,2023,5.0,3,1,12234,5,5,18255
7222,5,5,2009,2.3,3,2,47964,4,1,9140
7223,4,16,2018,1.4,1,2,81016,5,4,9279
7224,2,30,2002,1.9,4,3,17843,2,3,6243
7225,6,29,2021,2.0,1,1,229628,2,4,9307
7226,2,1,2010,1.8,1,3,213829,5,1,4623
7227,10,18,2003,3.7,4,1,97602,5,4,8247
7228,10,28,2014,2.0,4,2,2862,5,1,10242
7229,6,29,2009,2.1,2,1,139275,5,5,9614
7230,4,16,2003,4.5,3,1,48388,3,2,11032
7231,8,6,2018,3.1,1,3,238454,4,5,7830
7232,8,17,2013,3.9,4,3,43928,4,5,11021
7233,3,19,2016,1.3,1,3,258123,4,4,5037
7234,4,14,2001,4.8,2,2,30993,3,1,10580
7235,8,17,2020,1.7,3,2,171747,4,4,9365
7236,3,19,2014,3.5,1,1,58401,2,3,12131
7237,6,12,2017,1.6,2,1,252284,5,5,9254
7238,10,28,2010,2.0,1,2,8530,3,2,8929
7239,8,6,2023,2.2,3,2,2492,4,4,14150
7240,10,18,2007,5.0,3,2,27445,2,5,11651
7241,7,27,2015,2.0,1,2,76121,4,3,9077
7242,7,27,2002,4.4,2,1,37396,2,5,11852
7243,6,26,2011,3.3,1,1,68886,5,2,10822
7244,10,28,2007,4.4,3,2,222619,3,3,7147
7245,10,28,2008,2.2,3,3,42565,3,2,8848
7246,1,23,2021,4.8,4,2,93967,3,3,13320
7247,6,29,2005,4.7,3,2,43765,5,1,10424
7248,2,2,2002,3.2,4,3,215104,2,4,3597
7249,1,4,2020,1.7,4,2,147922,4,2,8841
7250,5,5,2022,3.0,2,2,180227,4,2,12095
7251,2,2,2023,2.0,3,1,11349,3,4,15273
7252,10,28,2004,3.6,2,1,163802,2,1,9123
7253,6,29,2020,4.2,3,3,136634,2,5,12567
7254,5,5,2009,3.3,1,1,248973,3,3,6620
7255,6,29,2020,3.1,1,1,165835,5,5,11383
7256,10,22,2006,4.3,4,3,155084,2,5,7098
7257,4,15,2022,1.6,4,2,99115,3,4,10317
7258,2,2,2021,2.0,1,2,178541,4,3,8829
7259,10,28,2016,4.2,3,3,195847,3,5,10183
7260,5,5,2003,4.7,4,1,262487,3,2,5950
7261,6,12,2008,1.4,4,2,272506,3,5,2449
7262,5,9,2017,2.1,1,1,266217,3,5,7475
7263,6,26,2004,3.4,4,1,272534,5,3,4749
7264,8,11,2020,4.3,2,3,26407,2,5,15871
7265,3,20,2013,4.6,1,3,133018,5,1,9939
7266,3,20,2018,4.9,4,1,63522,4,2,14629
7267,5,7,2016,2.9,1,2,196174,5,5,7876
7268,6,12,2015,3.5,1,3,29588,4,5,11508
7269,9,24,2008,2.9,1,3,136788,2,1,6664
7270,3,20,2021,1.7,3,3,215759,2,2,8784
7271,4,15,2005,1.9,1,1,6863,4,4,8862
7272,7,25,2019,2.5,3,1,91607,4,4,12967
7273,6,26,2011,3.7,1,1,109422,2,4,10411
7274,4,16,2017,4.4,3,3,216228,5,3,10275
7275,8,11,2000,3.5,1,2,71772,5,4,6164
7276,5,5,2010,2.5,3,2,213739,4,5,6325
7277,2,1,2023,1.6,3,3,86669,2,3,11866
7278,4,15,2008,4.1,3,3,80354,5,5,9992
7279,9,8,2005,3.1,2,3,171738,5,2,7265
7280,6,12,2017,2.6,2,3,153525,2,2,10729
7281,9,10,2019,2.4,3,1,79784,4,1,13104
7282,7,27,2020,4.1,2,3,97389,2,1,14252
7283,9,8,2000,2.4,1,1,12614,3,3,7747
7284,3,19,2021,3.4,2,1,11372,3,1,17072
7285,8,17,2023,2.6,4,2,132426,2,2,10951
7286,2,1,2003,2.3,2,3,157815,4,3,6143
7287,3,20,2017,5.0,2,1,147404,3,1,14751
7288,1,3,2008,1.0,4,2,123477,5,2,5030
7289,1,23,2002,1.4,2,3,176728,3,1,4565
7290,2,1,2013,3.6,1,2,151733,5,5,8565
7291,4,14,2010,1.9,3,3,240502,4,1,5189
7292,9,24,2011,4.1,3,1,56081,2,2,12878
7293,2,2,2019,1.0,2,3,8275,3,2,12634
7294,5,7,2020,3.3,1,2,32374,5,3,12752
7295,6,12,2017,4.5,2,1,217889,4,4,12842
7296,2,2,2010,4.9,3,2,109518,2,5,10809
7297,7,27,2001,4.5,2,3,95603,2,2,8987
7298,4,14,2019,1.6,3,1,52186,2,1,12856
7299,5,5,2005,1.3,2,1,25508,2,5,9889
7300,1,23,2007,2.1,4,2,24303,3,2,7813
7301,5,5,2021,4.9,3,1,210409,2,5,13591
7302,9,24,2000,3.6,4,3,167577,3,1,4348
7303,1,4,2005,2.6,3,2,119486,2,3,6810
7304,8,17,2012,4.1,1,3,253679,3,1,6726
7305,8,11,2003,4.4,4,3,195519,3,5,5489
7306,3,20,2005,4.4,2,2,297538,4,3,6049
7307,4,15,2022,1.7,1,3,111291,2,2,10174
7308,7,25,2009,4.8,1,2,208268,5,4,7434
7309,5,5,2012,3.0,4,3,5277,3,4,10594
7310,7,25,2005,4.7,3,3,232317,3,5,6653
7311,9,24,2005,4.0,4,3,21571,4,4,9168
7312,3,13,2002,5.0,4,3,1583,2,4,9668
7313,6,12,2000,2.6,3,2,193715,3,2,3825
7314,5,7,2014,2.0,3,3,37299,4,1,10554
7315,4,16,2023,4.5,4,1,121263,2,2,14574
7316,9,10,2008,4.5,3,1,270817,3,5,8083
7317,2,1,2004,2.7,2,1,2339,3,3,11453
7318,7,27,2005,3.9,3,2,249050,3,2,5519
7319,9,24,2001,3.0,3,2,5677,4,2,8286
7320,9,10,2010,1.9,4,2,39688,5,5,8206
7321,6,26,2009,1.4,3,2,283053,5,2,3538
7322,5,9,2009,2.5,1,3,284392,2,4,3612
7323,1,23,2011,1.1,1,2,161312,2,5,5273
7324,7,27,2012,3.3,4,1,217369,5,3,8152
7325,1,23,2006,1.3,4,3,296079,4,4,2000
7326,8,11,2009,1.7,3,3,219450,3,5,5111
7327,4,15,2013,4.0,3,2,205021,4,5,8899
7328,10,22,2005,3.8,2,1,55044,3,2,11799
7329,1,3,2003,3.1,1,3,219289,3,1,3714
7330,5,9,2018,3.1,3,1,132546,5,3,12449
7331,5,9,2016,5.0,2,3,287731,3,4,10145
7332,10,22,2023,4.6,4,2,105497,3,4,13490
7333,8,11,2013,3.4,1,2,102437,4,1,9351
7334,1,4,2010,3.0,2,1,46648,5,3,12667
7335,4,14,2013,4.5,4,3,197271,4,5,8554
7336,3,19,2016,2.5,4,1,104238,3,1,10815
7337,2,30,2015,1.9,4,2,92403,2,4,8651
7338,5,5,2017,4.1,2,1,177019,5,3,13259
7339,5,9,2021,2.6,3,1,276056,2,4,9978
7340,10,22,2005,1.1,4,1,13832,3,3,7923
7341,4,15,2009,1.5,1,1,10496,2,1,9590
7342,3,13,2022,1.7,1,2,221108,2,5,7977
7343,6,12,2004,3.8,2,3,36784,5,1,10364
7344,8,11,2013,1.4,4,1,55449,3,3,9791
7345,2,1,2019,4.0,4,2,169029,4,3,10419
7346,7,27,2021,2.0,3,3,164931,4,1,10101
7347,1,3,2013,4.1,3,1,289188,2,5,8816
7348,4,15,2020,4.5,1,1,257752,3,2,10944
7349,5,9,2008,5.0,4,1,133262,3,3,10334
7350,6,12,2021,3.5,1,2,263574,3,2,8628
7351,5,9,2015,1.5,2,2,178396,3,5,8532
7352,1,23,2023,2.6,4,2,199475,5,2,9610
7353,10,18,2004,3.8,4,1,86821,3,2,8863
7354,7,27,2022,3.3,1,3,2524,4,1,13949
7355,2,2,2012,2.3,4,1,173383,5,4,8032
7356,2,1,2010,1.6,3,2,218426,4,3,5331
7357,9,24,2023,2.5,4,3,197459,2,2,9550
7358,8,17,2019,1.2,2,1,111383,5,2,12272
7359,6,26,2007,1.2,4,3,7553,2,3,7248
7360,6,29,2019,1.7,1,3,50537,5,5,10489
7361,7,21,2002,3.7,2,1,99914,4,5,9901
7362,7,21,2015,3.2,1,2,111388,3,3,9572
7363,6,29,2023,3.0,2,2,156192,5,3,12876
7364,6,29,2019,2.0,3,3,141038,4,5,9979
7365,2,1,2020,1.2,2,1,210465,3,5,10590
7366,5,5,2022,3.7,1,2,113971,2,2,12120
7367,2,2,2013,1.8,1,2,269377,3,2,4412
7368,4,16,2015,2.6,1,2,286662,3,1,5466
7369,7,25,2002,1.8,3,3,8438,3,3,7331
7370,3,20,2005,4.3,3,2,262161,5,1,5656
7371,7,21,2007,1.7,2,2,233197,2,2,5236
7372,10,28,2012,4.8,3,3,150808,4,3,10483
7373,1,3,2023,1.6,3,3,43727,3,4,12725
7374,10,18,2010,2.3,2,2,111196,4,5,9176
7375,10,28,2014,1.2,4,1,121784,4,1,8564
7376,6,29,2004,2.4,2,1,226999,2,3,6660
7377,9,8,2001,1.2,1,2,91075,3,1,3778
7378,2,1,2020,3.2,1,2,294566,3,2,7408
7379,3,20,2012,2.6,2,1,109087,3,5,11618
7380,9,24,2023,2.8,4,2,221555,5,3,9368
7381,3,20,2018,4.9,2,1,192169,5,3,14056
7382,3,13,2017,1.4,1,3,88027,4,4,8839
7383,4,14,2004,3.6,2,3,223994,2,2,6420
7384,2,1,2009,1.7,2,1,95709,2,5,10085
7385,2,1,2022,3.0,1,3,291822,4,1,7863
7386,1,4,2013,4.4,4,3,80011,3,3,10799
7387,6,29,2002,1.5,4,2,86201,5,2,4475
7388,7,25,2008,2.1,1,3,126259,2,5,6074
7389,6,26,2000,4.4,3,2,133953,5,5,6820
7390,9,24,2001,3.3,1,3,176783,3,2,4164
7391,1,23,2005,3.1,2,3,108490,5,1,8530
7392,9,10,2018,4.9,3,3,46501,2,2,14469
7393,10,22,2001,2.6,4,2,80601,4,5,5387
7394,3,20,2019,1.3,4,3,35624,3,5,10387
7395,4,14,2023,2.5,4,3,169094,5,3,10118
7396,4,16,2006,2.4,2,2,108237,2,5,8135
7397,6,29,2018,2.5,3,3,60434,5,4,11791
7398,1,3,2006,3.8,3,3,29757,5,5,10104
7399,4,16,2022,4.5,4,3,231391,3,5,10572
7400,6,26,2008,1.5,3,1,56949,4,1,9361
7401,3,20,2016,3.1,3,1,52589,5,2,13448
7402,7,21,2004,1.7,2,3,237085,4,3,4258
7403,1,4,2003,1.3,1,1,236210,5,3,3075
7404,3,19,2003,2.6,3,1,14410,2,1,9811
7405,10,18,2000,1.3,4,2,192263,2,5,2000
7406,3,20,2021,2.4,1,2,39909,3,1,12001
7407,1,4,2020,4.6,2,1,260350,3,4,12993
7408,8,17,2023,3.2,3,2,156418,5,2,12071
7409,3,19,2020,4.1,4,1,92946,5,5,13841
7410,7,21,2008,3.7,1,2,200783,2,1,6184
7411,7,27,2019,3.8,4,1,20945,5,5,14681
7412,3,19,2020,2.5,3,3,57518,2,3,12449
7413,6,12,2017,1.8,2,3,200625,5,5,8987
7414,6,29,2003,3.0,3,2,132638,3,3,6347
7415,8,17,2018,3.5,2,3,277797,3,5,9444
7416,4,16,2011,4.0,3,2,15786,2,5,12084
7417,7,27,2011,1.9,3,1,252456,5,1,6750
7418,1,23,2007,1.1,4,1,8523,3,1,8629
7419,9,8,2007,1.5,2,3,108763,5,4,7524
7420,7,21,2014,4.7,4,1,290554,2,2,8688
7421,5,9,2001,1.3,4,1,156815,5,1,4063
7422,2,2,2015,1.2,1,2,20498,4,2,9390
7423,4,14,2016,2.3,2,1,271311,2,4,9273
7424,1,23,2018,3.4,2,1,214385,2,1,12112
7425,5,7,2020,1.1,2,1,271910,5,5,9261
7426,7,25,2009,2.8,1,1,99318,4,4,9113
7427,8,17,2015,4.4,3,1,12304,3,3,15253
7428,1,4,2019,4.6,1,2,143847,3,5,11523
7429,8,6,2018,1.1,3,1,85348,5,4,11393
7430,2,2,2007,1.9,4,3,144586,2,2,5208
7431,1,4,2005,3.3,2,3,188588,2,4,7128
7432,5,5,2021,1.2,4,2,189585,2,4,7808
7433,3,13,2012,4.3,3,1,31100,3,5,13878
7434,6,29,2001,3.5,3,2,25785,4,4,8384
7435,10,22,2009,1.7,2,3,193922,2,3,6621
7436,8,11,2001,2.7,4,2,35507,2,4,6389
7437,10,22,2005,3.1,2,3,89202,4,5,8915
7438,9,10,2002,1.5,2,1,82043,5,1,8059
7439,10,18,2002,4.3,2,3,26436,2,3,10471
7440,7,27,2010,2.1,2,3,10561,3,2,10988
7441,3,20,2014,4.1,1,3,255630,2,2,7287
7442,10,22,2003,2.0,4,3,144200,2,5,4116
7443,5,9,2013,2.9,2,1,15946,4,5,14081
7444,4,15,2017,4.2,4,3,87629,2,3,11647
7445,1,3,2003,1.5,2,3,164131,4,3,5217
7446,4,14,2006,4.9,3,3,10255,2,3,11594
7447,1,3,2013,3.4,4,1,83637,4,5,11227
7448,1,3,2005,4.1,1,3,291394,3,5,3872
7449,5,9,2006,1.9,4,2,98427,3,1,5831
7450,8,11,2006,3.8,2,1,201398,4,1,9172
7451,7,21,2020,1.5,3,3,59033,4,4,11419
7452,7,27,2000,4.1,1,3,213800,5,4,3924
7453,2,1,2004,1.3,1,1,132833,5,2,5443
7454,1,4,2023,1.6,3,2,284124,2,2,7917
7455,5,7,2019,3.2,1,1,182720,2,4,10845
7456,5,5,2013,1.0,4,1,161141,4,1,7277
7457,2,30,2017,1.4,2,3,221651,4,4,8166
7458,3,19,2007,2.6,4,1,196589,2,1,6368
7459,8,11,2002,3.5,4,1,167736,2,2,6345
7460,4,15,2021,2.5,2,3,184243,2,4,11215
7461,7,27,2023,3.3,4,2,126671,3,5,11766
7462,5,9,2009,4.2,1,3,6463,4,1,10870
7463,6,12,2007,2.6,3,1,163892,2,1,8022
7464,2,30,2013,2.9,1,1,216758,5,2,8064
7465,6,29,2001,3.6,3,2,118721,4,1,6625
7466,8,17,2008,2.5,2,1,137722,4,4,9745
7467,9,8,2006,1.5,2,3,27859,5,1,8842
7468,6,26,2013,4.6,2,1,183094,2,4,12438
7469,4,15,2022,2.8,2,2,242761,2,1,10644
7470,5,7,2002,2.1,2,2,197419,2,2,4851
7471,4,14,2013,1.6,4,3,10152,4,4,9396
7472,2,30,2023,1.6,2,1,240278,3,5,11294
7473,5,7,2014,2.1,2,3,198084,2,3,8438
7474,5,5,2017,3.7,3,3,128266,5,3,11334
7475,9,8,2016,2.4,4,1,107145,3,1,10657
7476,9,8,2003,1.1,2,2,120067,5,1,5698
7477,2,30,2012,3.4,3,1,229997,3,3,9000
7478,6,12,2011,2.0,4,3,23785,5,5,8924
7479,5,5,2015,2.9,2,2,20951,5,1,13080
7480,5,5,2020,3.1,4,2,10677,4,1,12986
7481,2,1,2009,2.5,2,1,49497,4,3,11810
7482,3,19,2010,3.2,2,3,89097,3,3,10518
7483,1,3,2008,2.6,1,3,111858,5,1,6862
7484,4,16,2021,3.8,3,2,128870,3,3,12622
7485,1,3,2022,1.5,2,1,88996,5,5,13920
7486,9,10,2015,3.2,1,3,238045,4,5,7039
7487,8,6,2020,2.9,4,1,256611,5,2,9367
7488,7,25,2005,1.6,4,2,171257,5,1,3774
7489,9,24,2020,2.1,1,1,31534,4,3,13069
7490,6,29,2003,4.9,4,1,13622,4,4,11127
7491,9,8,2003,3.6,2,1,228376,5,1,7532
7492,4,16,2006,3.3,4,1,228327,5,1,6133
7493,4,16,2023,2.2,4,1,229282,4,4,10114
7494,5,9,2018,2.0,1,3,12518,4,5,11249
7495,9,10,2006,2.7,2,3,135840,5,5,7883
7496,8,6,2011,1.8,1,3,213662,3,3,4926
7497,10,18,2022,2.3,4,3,95978,3,1,11080
7498,3,13,2021,2.4,1,3,210152,4,5,8596
7499,10,18,2000,3.6,4,1,135280,3,5,6494
7500,1,3,2002,1.8,2,2,34292,5,4,7814
7501,3,19,2017,4.9,4,3,117104,4,3,11757
7502,6,26,2003,2.5,1,1,179629,5,5,5407
7503,3,19,2023,3.7,3,3,94090,2,5,13818
7504,2,30,2009,2.6,3,2,199940,5,3,6401
7505,7,27,2022,2.2,2,1,87759,2,2,14644
7506,2,1,2012,3.7,1,1,243051,2,3,8038
7507,10,18,2015,2.2,1,1,48927,5,3,11321
7508,6,26,2016,3.4,3,3,65234,5,5,11995
7509,3,19,2022,4.5,4,3,165709,5,1,11885
7510,1,3,2006,1.0,4,2,83723,4,3,5225
7511,1,4,2019,4.3,3,2,241473,3,2,10270
7512,10,18,2005,3.3,1,2,63696,2,1,7626
7513,7,27,2007,4.9,3,2,44279,4,3,11214
7514,3,20,2005,1.4,2,1,70538,4,3,9089
7515,9,24,2001,1.1,1,3,272667,2,5,2000
7516,5,5,2010,2.3,4,1,74487,4,2,9410
7517,6,29,2014,2.8,1,1,295810,3,4,6683
7518,2,1,2010,1.5,1,3,214060,2,3,4318
7519,7,25,2023,4.3,2,2,250647,5,5,12287
7520,4,16,2000,4.0,4,1,77402,3,4,8051
7521,5,9,2007,3.3,1,1,127140,4,1,8457
7522,4,16,2020,2.8,2,1,94715,2,1,14505
7523,5,5,2006,3.7,1,2,27548,4,4,9049
7524,6,26,2016,3.5,4,3,165270,4,3,9094
7525,10,18,2009,3.1,4,3,96499,4,2,7970
7526,3,13,2020,2.8,1,1,133561,5,4,11728
7527,2,30,2000,4.1,1,2,125962,4,3,5680
7528,7,27,2014,1.1,4,1,268170,5,4,5536
7529,9,24,2020,1.9,3,2,2941,5,5,12941
7530,8,11,2011,4.1,4,3,84783,5,2,9804
7531,6,29,2010,4.9,3,3,183283,3,5,9334
7532,7,25,2021,4.0,3,3,291346,5,3,9573
7533,8,6,2019,3.0,1,1,186644,4,2,10567
7534,2,30,2010,2.4,3,1,43610,5,5,11127
7535,5,7,2023,2.4,4,2,124701,4,3,10905
7536,8,6,2001,4.8,3,1,206631,2,5,7567
7537,6,29,2014,4.8,4,1,56900,5,4,13462
7538,9,8,2004,2.1,2,2,181247,5,2,5775
7539,5,9,2018,1.6,4,2,272408,5,5,5651
7540,2,30,2004,4.4,2,1,263004,2,3,7939
7541,10,18,2006,4.4,4,2,195636,5,5,6387
7542,8,17,2013,3.7,1,2,161117,5,2,8477
7543,8,11,2015,2.2,3,1,169621,5,1,9907
7544,5,7,2006,1.9,1,2,127041,5,2,5259
7545,4,16,2001,3.3,2,3,265991,3,3,4380
7546,3,13,2004,2.1,2,1,111188,2,1,8676
7547,6,26,2013,4.4,1,3,3282,5,5,12334
7548,9,24,2017,2.3,2,1,213214,2,3,10735
7549,7,25,2011,3.8,3,3,237404,2,5,7451
7550,8,11,2008,3.5,2,1,158177,5,4,10336
7551,2,30,2014,2.9,4,2,29373,4,3,10612
7552,1,3,2010,1.9,2,3,206722,5,2,6865
7553,1,23,2021,1.3,2,2,237507,4,2,8949
7554,9,8,2008,3.6,4,1,276911,5,2,6061
7555,7,25,2010,2.6,1,2,984,5,1,9680
7556,9,10,2005,2.5,4,1,51032,5,2,8579
7557,3,20,2021,1.3,2,3,199703,3,4,9705
7558,7,25,2013,2.2,2,2,250461,3,5,7190
7559,8,6,2001,2.6,4,2,108970,4,1,4820
7560,10,18,2012,1.5,1,2,113401,4,3,6931
7561,4,14,2019,2.9,3,2,232555,3,1,9048
7562,8,6,2019,1.2,2,2,61485,2,1,11770
7563,8,17,2012,4.1,3,1,154322,2,5,11213
7564,9,8,2017,3.8,1,1,52136,4,1,13457
7565,3,20,2003,1.8,1,1,242154,5,5,3456
7566,6,26,2012,3.9,3,2,128356,2,4,10032
7567,8,11,2019,2.8,3,2,28078,5,3,13038
7568,7,25,2020,3.0,1,3,94308,2,5,11213
7569,4,14,2023,4.2,3,2,172133,5,4,12757
7570,2,1,2009,3.5,3,3,150273,3,5,8294
7571,6,12,2004,2.3,1,1,68714,4,4,7725
7572,10,22,2011,4.7,1,2,179768,5,5,8504
7573,10,22,2017,3.5,4,2,114288,5,2,10414
7574,6,26,2008,4.0,2,1,137339,4,3,11253
7575,1,3,2019,3.8,2,1,37886,5,3,16342
7576,6,29,2019,3.5,3,1,128476,3,4,13230
7577,3,20,2009,3.8,2,1,265820,5,4,8783
7578,10,28,2015,4.5,3,1,51637,3,5,14567
7579,1,23,2011,4.3,4,1,219039,2,2,8819
7580,3,13,2023,1.4,4,3,251150,5,1,7377
7581,2,1,2014,2.0,2,1,92489,4,1,11950
7582,4,16,2003,4.4,3,3,273359,5,2,4932
7583,6,12,2017,2.8,1,3,165761,5,3,8684
7584,5,5,2021,1.2,4,3,145536,3,4,8689
7585,9,24,2014,4.1,4,3,269014,4,2,7019
7586,7,21,2000,2.7,4,1,296210,3,3,2375
7587,3,19,2012,1.5,4,2,21542,2,2,8769
7588,2,30,2012,3.1,2,2,214949,2,3,8501
7589,4,14,2006,4.4,1,3,16247,3,5,9975
7590,2,2,2019,4.4,1,2,205659,4,2,10086
7591,9,10,2007,5.0,2,1,75170,4,4,13196
7592,4,14,2013,1.5,2,2,67309,3,5,10153
7593,5,5,2005,3.0,3,3,20410,4,5,9191
7594,5,9,2010,5.0,1,2,13964,3,2,11820
7595,2,30,2023,2.9,2,3,290237,2,3,10095
7596,6,12,2007,2.8,1,3,81687,3,1,7366
7597,6,26,2020,3.6,1,3,17388,2,1,13352
7598,7,25,2010,3.3,2,3,221294,5,1,7974
7599,1,4,2005,3.2,2,1,210689,5,5,8086
7600,3,19,2004,2.6,3,1,189597,3,1,6608
7601,10,28,2021,3.4,2,1,253435,5,2,12231
7602,5,5,2009,1.8,3,3,31599,2,4,8968
7603,9,8,2001,3.2,3,2,34506,3,5,7909
7604,2,30,2003,3.5,4,3,156924,5,2,5361
7605,5,5,2002,1.9,2,3,136171,2,1,5876
7606,2,30,2015,2.9,3,3,19381,4,3,12112
7607,8,11,2009,3.6,1,2,225418,2,5,5891
7608,2,2,2014,3.7,3,3,267929,4,1,7641
7609,7,25,2023,3.8,1,3,250150,5,4,9797
7610,6,26,2014,2.0,2,1,255481,3,5,8690
7611,1,3,2016,3.5,4,3,31540,4,1,11769
7612,4,15,2014,4.0,1,3,77561,2,4,10748
7613,4,16,2021,3.2,1,2,49396,4,4,12612
7614,1,3,2008,3.6,2,1,245830,2,1,8683
7615,9,10,2023,4.8,2,1,147067,4,2,16358
7616,7,27,2016,4.5,3,1,54099,3,2,14818
7617,9,10,2006,4.4,3,3,169351,2,2,7912
7618,9,8,2000,3.9,2,3,118183,5,2,7636
7619,8,11,2020,2.5,1,1,200750,2,4,10085
7620,1,23,2017,2.0,3,2,88505,2,2,10429
7621,8,17,2013,4.2,4,3,69904,3,3,10801
7622,6,12,2010,1.9,1,1,259644,3,2,5307
7623,5,7,2010,1.5,3,2,16930,3,5,9261
7624,4,16,2022,4.2,4,1,200947,3,2,12381
7625,4,14,2023,4.4,1,1,28301,2,1,16333
7626,3,13,2017,1.1,3,3,283706,3,5,5625
7627,6,12,2001,3.1,3,3,269475,2,3,3110
7628,1,23,2005,1.5,4,2,7606,5,1,6947
7629,8,11,2009,3.9,1,3,299045,4,4,4719
7630,7,25,2022,2.6,2,1,132155,3,3,14156
7631,9,24,2013,1.6,2,1,112579,5,1,10848
7632,1,23,2000,4.1,3,2,275004,5,1,3699
7633,6,26,2002,2.1,3,3,291445,3,1,2000
7634,6,12,2022,2.4,4,1,98507,2,4,12629
7635,1,3,2018,1.1,1,3,12539,3,3,10349
7636,10,18,2020,2.0,3,3,166859,4,1,9762
7637,1,23,2002,3.2,3,1,122820,2,5,7943
7638,4,15,2016,3.4,1,2,21265,3,2,11874
7639,5,7,2003,1.8,2,2,291766,4,2,2964
7640,1,3,2004,3.4,2,3,40723,5,1,9885
7641,3,19,2009,3.1,4,2,192172,5,5,6056
7642,1,4,2023,4.2,2,1,210669,5,2,14486
7643,6,26,2012,2.2,3,2,262490,5,2,5650
7644,4,16,2001,3.6,4,3,186632,5,2,4267
7645,6,29,2013,2.3,1,1,62011,5,2,10559
7646,2,2,2001,4.0,1,2,265062,5,1,3098
7647,5,7,2011,4.7,1,2,66344,4,3,10773
7648,3,19,2022,4.4,2,2,12784,4,2,16844
7649,6,12,2016,1.4,1,2,132100,2,4,7658
7650,10,18,2003,3.5,4,2,131830,4,5,5863
7651,4,14,2018,2.3,2,3,251272,3,3,8774
7652,2,1,2017,3.2,2,1,260143,4,2,10697
7653,7,27,2007,3.1,2,3,1798,2,2,11264
7654,5,9,2018,3.6,1,2,151690,5,5,10066
7655,10,22,2003,2.6,2,2,89008,5,3,7819
7656,2,1,2007,2.5,2,2,197226,2,2,6755
7657,5,5,2019,3.3,2,2,92502,2,2,13249
7658,4,16,2006,2.5,1,1,83216,2,2,8235
7659,4,15,2013,4.2,1,2,233548,4,5,7529
7660,2,30,2004,1.4,4,2,1117,4,1,6677
7661,3,19,2022,4.7,1,2,114692,4,1,13106
7662,7,21,2010,1.9,2,2,244535,4,1,6109
7663,9,24,2004,2.0,2,1,244381,4,2,5912
7664,3,13,2014,1.5,1,3,106718,5,1,7665
7665,8,6,2023,1.3,3,1,25562,2,5,14288
7666,4,14,2017,2.7,2,3,277046,4,4,8359
7667,10,18,2021,2.2,3,1,155769,4,3,11984
7668,8,6,2017,1.3,2,1,83470,5,2,12330
7669,10,28,2009,4.1,1,2,176931,2,1,7361
7670,9,10,2003,2.1,3,3,197705,5,2,4145
7671,8,11,2015,3.2,1,2,237669,2,1,7046
7672,1,23,2012,2.1,3,2,14736,2,5,10505
7673,10,28,2023,1.1,3,2,240749,2,5,8285
7674,2,30,2015,4.3,2,3,64681,4,4,13606
7675,4,14,2003,1.1,3,3,195097,2,5,3198
7676,6,29,2011,4.2,1,1,205718,2,2,8985
7677,10,22,2002,2.2,1,2,285342,5,2,2000
7678,2,30,2019,3.2,2,1,47918,3,2,15541
7679,5,5,2004,3.5,4,3,196673,4,5,4866
7680,10,18,2015,4.4,3,1,1847,3,4,15463
7681,5,7,2005,4.4,2,2,275566,2,2,6488
7682,6,26,2023,1.7,4,2,165134,4,4,9397
7683,4,14,2008,2.8,4,1,171057,2,1,7378
7684,4,16,2022,1.7,3,2,13255,5,1,13134
7685,4,15,2016,1.1,4,3,97530,4,5,8049
7686,7,27,2013,4.1,3,2,66636,4,2,11767
7687,4,14,2018,2.0,2,2,208069,5,4,9338
7688,3,19,2006,4.8,3,1,92339,2,3,11353
7689,5,5,2022,4.5,4,3,294589,4,4,9308
7690,9,8,2013,1.7,3,3,256028,5,2,5579
7691,4,15,2018,2.8,2,2,247804,5,4,9343
7692,9,10,2000,2.3,2,2,34440,3,3,7711
7693,7,21,2000,4.9,3,2,3346,3,3,9933
7694,7,25,2019,4.8,1,2,234831,2,5,9903
7695,10,22,2019,3.1,2,2,102958,3,5,12840
7696,10,28,2009,4.0,3,3,186118,5,1,8077
7697,5,5,2006,3.4,2,3,266689,3,3,5966
7698,5,7,2020,3.6,3,2,289815,5,2,8903
7699,10,28,2016,2.7,4,1,193749,4,3,9225
7700,1,3,2010,1.4,4,1,256955,2,3,4860
7701,6,29,2021,3.6,1,1,129081,4,5,12918
7702,8,6,2009,3.9,1,1,227118,5,3,7657
7703,9,24,2017,2.8,2,2,136677,3,3,11266
7704,4,15,2019,4.2,1,1,120374,2,2,13092
7705,7,27,2018,5.0,3,2,178565,5,2,11928
7706,1,4,2010,2.9,1,3,163878,4,2,6722
7707,2,1,2019,1.0,4,3,158912,4,2,7621
7708,7,27,2006,3.5,3,2,80378,3,2,8792
7709,10,18,2014,2.4,1,3,123882,3,5,8222
7710,7,21,2006,3.3,2,3,30141,3,5,10597
7711,4,16,2005,3.9,3,2,37096,5,2,9758
7712,1,23,2021,2.3,4,3,38439,4,1,11931
7713,9,24,2012,2.8,2,3,297859,4,3,6542
7714,6,12,2004,1.4,1,3,36153,5,4,5976
7715,7,21,2006,1.2,3,3,273953,4,4,2620
7716,10,18,2014,4.8,2,3,154335,3,2,12013
7717,5,5,2003,4.4,3,1,283836,5,2,6223
7718,8,11,2015,2.1,3,2,297328,2,3,5753
7719,9,8,2004,3.9,1,2,292261,4,5,3354
7720,6,12,2018,4.6,1,3,220518,2,2,9689
7721,3,13,2012,3.1,4,1,295072,5,2,6398
7722,4,15,2022,2.1,3,2,213111,5,1,9537
7723,3,20,2017,3.8,2,2,14956,2,3,14700
7724,7,21,2018,4.7,4,1,54454,2,2,14610
7725,1,23,2000,2.1,3,3,6916,3,3,7061
7726,4,14,2017,3.4,4,3,209941,2,2,8401
7727,3,19,2005,3.2,4,2,137054,2,1,6058
7728,4,14,2003,4.6,3,3,284897,5,2,4902
7729,4,15,2010,1.2,2,3,55837,4,1,9183
7730,10,28,2016,4.4,1,1,149333,3,3,11813
7731,8,17,2011,1.9,4,1,158126,4,3,7637
7732,6,12,2000,3.1,2,1,19996,3,1,10300
7733,8,6,2015,2.7,1,3,182594,3,1,7648
7734,2,30,2011,3.1,4,2,21375,2,4,10072
7735,6,26,2005,3.7,2,3,88641,5,1,9527
7736,10,22,2013,1.6,4,2,237413,2,3,4851
7737,1,4,2007,2.6,2,2,26607,4,2,10267
7738,2,1,2011,1.3,4,1,182449,2,3,6551
7739,5,7,2002,2.0,4,3,94713,2,5,4805
7740,7,27,2000,4.7,3,2,79995,3,1,8200
7741,7,21,2020,5.0,2,1,85317,3,1,16893
7742,1,3,2007,2.9,4,3,93930,5,4,7221
7743,4,14,2023,1.2,3,1,122511,5,1,12249
7744,6,12,2018,4.7,3,3,131134,3,5,12577
7745,2,30,2008,2.6,3,1,124257,3,4,9114
7746,6,26,2020,4.1,4,3,277774,4,5,8644
7747,4,16,2013,4.9,1,3,128700,2,2,10326
7748,6,26,2015,1.6,1,1,13888,4,4,11422
7749,8,11,2018,1.7,2,1,35106,5,3,13997
7750,3,19,2022,4.4,3,3,176976,5,5,12560
7751,3,19,2011,2.5,3,1,99892,3,3,10402
7752,3,13,2017,3.6,4,1,87376,3,2,12552
7753,4,14,2012,2.3,3,3,137281,2,1,8254
7754,6,29,2020,3.1,1,1,154172,2,1,11616
7755,5,5,2001,2.9,2,1,119000,3,2,8420
7756,9,10,2021,2.1,1,2,34344,5,1,11813
7757,3,20,2001,4.2,3,3,270353,4,3,4192
7758,6,29,2005,2.5,2,1,14321,4,5,11313
7759,3,13,2016,3.6,1,3,159769,2,4,9304
7760,10,28,2015,5.0,2,3,204501,3,2,11509
7761,5,9,2000,3.2,2,1,108747,4,5,8625
7762,9,8,2020,2.7,4,1,280261,5,2,8694
7763,10,18,2022,3.1,1,3,71896,4,2,12362
7764,4,16,2001,2.4,4,3,157739,2,1,3645
7765,6,29,2010,2.6,2,2,6294,4,2,11574
7766,6,29,2001,1.8,1,3,210021,2,2,2000
7767,5,9,2019,2.9,2,3,131974,5,2,12060
7768,5,9,2010,1.3,4,1,1130,5,3,9877
7769,9,24,2000,1.4,1,3,213571,4,3,2000
7770,3,19,2023,1.4,2,3,128077,3,1,11838
7771,1,3,2003,3.3,2,1,128001,2,5,9239
7772,6,12,2014,2.8,2,2,190385,2,3,9292
7773,9,24,2000,1.8,3,2,129830,4,4,4303
7774,6,29,2007,2.0,2,1,266591,5,2,6368
7775,10,18,2002,3.9,4,1,120286,2,3,7694
7776,8,6,2008,2.2,1,3,77294,2,1,7154
7777,10,22,2014,3.5,4,1,229000,3,5,8720
7778,8,11,2022,4.6,1,3,18092,2,5,14938
7779,3,20,2015,4.7,1,3,265634,5,2,7987
7780,6,26,2014,4.4,1,3,92731,2,2,10845
7781,10,28,2001,5.0,1,3,243628,2,4,4527
7782,7,21,2001,3.8,3,1,149271,4,5,7714
7783,1,23,2001,3.9,2,1,285572,3,3,6088
7784,7,21,2019,1.5,2,2,42407,4,5,12451
7785,8,6,2001,2.7,1,2,176838,4,5,3563
7786,1,4,2013,3.9,4,3,243447,4,1,7031
7787,9,8,2008,3.4,1,3,202840,2,4,5843
7788,9,10,2009,3.7,3,2,76999,5,2,9960
7789,9,10,2016,1.2,4,3,203550,2,3,6029
7790,3,19,2012,4.4,2,1,51605,4,3,14567
7791,1,4,2015,2.7,3,3,179849,2,1,8703
7792,9,10,2010,2.1,2,3,207137,3,4,7057
7793,10,18,2007,4.1,4,3,124068,2,5,7818
7794,1,4,2019,3.3,3,3,290448,5,2,8291
7795,4,14,2003,3.5,1,3,231236,3,5,3875
7796,3,20,2005,3.4,4,3,20180,5,2,8596
7797,5,7,2021,2.3,3,2,22943,4,3,13241
7798,3,20,2011,4.7,4,1,176791,4,2,10064
7799,2,30,2002,1.8,4,2,190460,4,3,2690
7800,6,26,2014,1.2,4,2,63068,5,4,8238
7801,6,12,2006,1.6,1,2,187881,2,1,3742
7802,1,23,2020,3.8,3,3,101820,4,3,12863
7803,7,21,2011,4.5,3,2,96051,2,1,10978
7804,4,16,2020,4.9,4,2,149792,3,1,12004
7805,10,28,2005,1.1,3,3,80175,3,3,6096
7806,10,28,2014,1.4,2,2,44269,5,1,10814
7807,4,14,2008,2.4,4,3,36305,4,2,8173
7808,7,21,2006,1.9,3,1,163692,4,3,7026
7809,1,3,2015,4.8,4,1,291332,4,4,9073
7810,3,13,2014,4.5,3,2,58937,2,5,12621
7811,9,24,2020,1.6,2,3,179761,2,5,10104
7812,9,8,2008,1.7,2,2,282865,3,3,4542
7813,1,4,2003,1.4,2,3,75766,4,5,6884
7814,1,4,2013,3.5,3,1,182916,5,2,10341
7815,3,20,2019,3.9,1,2,144476,4,5,10810
7816,3,20,2022,2.1,4,1,284512,3,5,8609
7817,3,19,2019,3.7,3,3,130097,2,5,11898
7818,3,13,2023,2.3,3,1,56104,4,3,14677
7819,5,7,2007,2.2,3,3,52019,4,1,8359
7820,8,6,2002,4.2,1,3,219610,2,2,4507
7821,9,10,2019,2.7,1,2,233642,2,2,7827
7822,2,30,2005,2.3,4,1,179932,4,4,5801
7823,2,30,2007,2.6,4,3,26838,3,5,8263
7824,6,26,2015,2.3,4,2,158003,5,4,7739
7825,5,9,2005,2.7,2,2,12785,3,5,10044
7826,9,24,2000,1.5,3,1,155787,5,2,4984
7827,4,14,2012,4.3,4,1,64520,3,5,12209
7828,2,1,2005,4.8,3,3,232537,5,1,6749
7829,1,23,2020,2.5,4,1,70334,4,4,12693
7830,1,23,2006,2.6,3,3,111820,4,4,7263
7831,7,21,2015,1.1,2,3,287171,5,2,5956
7832,6,26,2021,4.7,4,2,70010,3,2,13699
7833,9,8,2012,3.3,4,2,161823,5,2,7763
7834,2,30,2007,1.5,1,1,192279,5,2,5354
7835,8,6,2011,2.5,2,3,36869,3,4,11162
7836,10,22,2007,3.5,2,1,83960,2,2,11520
7837,10,18,2014,4.3,1,1,197965,5,4,10140
7838,3,13,2017,2.5,2,2,299947,2,4,7701
7839,7,27,2012,1.2,1,3,17005,3,1,8559
7840,7,21,2007,3.5,3,1,282147,4,1,6557
7841,4,15,2006,2.0,3,3,280447,3,1,3291
7842,1,23,2003,3.4,2,1,78808,3,4,10323
7843,5,7,2021,3.8,3,3,152715,4,5,12145
7844,6,29,2015,2.5,3,2,108890,5,4,9922
7845,6,12,2014,3.9,1,3,250210,4,3,7195
7846,1,4,2006,2.3,2,1,9729,3,3,11505
7847,1,3,2017,4.3,2,1,110919,3,1,14781
7848,3,20,2019,2.8,3,2,169599,5,5,10208
7849,1,3,2018,4.7,2,3,287915,2,1,10441
7850,5,5,2016,3.4,1,1,230777,4,5,9184
7851,7,21,2015,1.8,1,3,89738,2,3,8605
7852,3,20,2021,4.7,1,1,177602,4,5,13047
7853,10,18,2005,3.8,1,1,138757,2,1,8124
7854,9,24,2001,3.1,3,3,80772,2,5,6884
7855,5,9,2015,3.7,3,2,130593,3,5,10688
7856,4,14,2015,1.8,2,3,83464,3,1,10730
7857,3,13,2003,1.9,2,2,135168,3,2,6196
7858,5,9,2001,3.4,1,2,10808,3,3,7583
7859,8,17,2016,2.7,4,1,5216,5,5,12995
7860,5,7,2009,1.0,3,1,2425,2,2,10251
7861,9,10,2002,2.1,2,3,205620,4,5,4687
7862,2,1,2003,4.8,3,1,222592,5,2,7848
7863,8,6,2002,1.2,1,3,66838,2,4,4563
7864,10,22,2012,1.9,2,3,149619,4,4,8607
7865,1,23,2015,3.1,4,1,249625,2,4,8207
7866,5,7,2006,2.1,3,1,118204,3,5,8135
7867,6,26,2015,2.5,4,3,209042,4,3,6919
7868,2,2,2022,3.5,1,3,211848,4,5,9963
7869,8,17,2002,4.0,1,2,164115,3,3,5417
7870,7,27,2000,4.5,3,1,91157,4,3,9276
7871,6,29,2010,4.4,4,1,268313,5,5,7633
7872,1,3,2002,4.5,1,3,8398,4,4,9032
7873,9,8,2006,4.3,2,3,272803,4,4,6743
7874,7,27,2008,2.3,4,2,78241,5,1,7235
7875,2,30,2013,4.7,4,3,143073,5,5,9838
7876,4,14,2007,4.0,2,1,98916,3,5,11721
7877,9,10,2009,4.5,2,2,59291,3,1,12114
7878,7,21,2023,2.3,1,2,30624,4,5,12687
7879,8,11,2015,4.7,1,1,239598,4,1,10008
7880,1,23,2002,2.6,2,3,271873,2,3,3862
7881,10,28,2009,1.2,3,1,229601,2,2,5907
7882,5,9,2001,2.2,3,2,45986,4,1,6680
7883,8,6,2018,4.7,3,1,284290,4,2,11014
7884,5,9,2022,2.6,3,3,193338,3,1,10433
7885,5,5,2010,3.3,3,1,115661,2,1,10586
7886,3,19,2022,1.1,2,1,72509,5,2,13849
7887,2,30,2008,2.0,1,1,166381,4,4,6672
7888,7,27,2015,4.1,2,2,63211,5,5,13435
7889,8,6,2021,1.9,2,3,251428,3,1,9271
7890,8,6,2000,4.3,2,3,145135,5,1,7497
7891,5,5,2005,1.1,4,1,97994,4,4,6240
7892,3,20,2021,2.0,4,1,154699,5,1,10806
7893,5,5,2001,1.4,4,3,287005,4,4,2000
7894,8,17,2019,4.8,3,1,248488,2,1,12130
7895,6,29,2001,2.1,2,3,222692,2,2,4046
7896,3,13,2023,4.0,4,3,147070,4,2,12058
7897,2,1,2006,3.1,4,2,270680,3,2,3586
7898,6,12,2010,1.9,3,3,266157,3,1,4676
7899,9,10,2003,2.5,4,1,8549,4,3,8829
7900,1,3,2004,2.0,3,3,185876,2,4,4582
7901,10,22,2007,4.7,4,2,181983,4,3,7260
7902,8,11,2004,1.6,2,1,161978,5,4,7160
7903,10,28,2003,4.0,2,3,70381,5,2,9592
7904,2,1,2020,3.3,1,2,159932,5,2,10201
7905,10,18,2011,2.9,4,3,106916,2,1,8161
7906,2,2,2016,2.9,2,2,149491,3,5,10810
7907,8,17,2021,4.1,2,2,217505,3,4,12149
7908,6,29,2019,3.2,1,3,99797,3,2,11004
7909,1,4,2014,4.0,1,1,233087,3,3,9138
7910,9,10,2013,4.9,3,2,191897,4,2,10062
7911,1,3,2004,2.7,1,3,125256,2,1,5494
7912,6,29,2022,1.6,4,3,203941,2,5,8221
7913,2,1,2011,2.9,2,1,31425,4,2,13171
7914,1,23,2000,2.4,1,3,195146,5,2,2597
7915,4,15,2008,2.7,2,1,218774,5,1,8324
7916,9,8,2017,3.3,1,2,279509,2,3,6909
7917,6,26,2008,1.4,2,3,192410,5,3,6051
7918,5,5,2012,4.5,2,1,176770,4,5,12164
7919,7,27,2006,3.4,3,1,235574,2,4,7088
7920,4,14,2008,2.1,4,2,137146,5,5,5857
7921,4,16,2015,1.9,2,3,288636,3,5,6727
7922,2,1,2013,1.1,2,3,8855,3,2,10922
7923,7,21,2007,4.0,1,1,19581,5,4,11308
7924,7,21,2012,4.7,4,1,124920,4,4,11401
7925,2,30,2014,3.1,2,2,115840,3,4,11083
7926,4,15,2001,1.5,4,1,198784,4,1,3424
7927,1,23,2014,1.8,2,3,246787,2,1,7164
7928,1,23,2021,3.5,4,2,248083,2,5,8938
7929,4,15,2015,2.3,3,2,208379,5,3,7732
7930,2,2,2016,3.3,2,2,239076,5,2,9418
7931,1,3,2022,1.3,4,3,161773,2,1,8764
7932,4,15,2016,3.9,3,1,187800,5,4,11544
7933,10,28,2012,1.2,2,2,148720,3,2,7925
7934,1,23,2012,4.4,2,2,272487,3,1,8650
7935,9,24,2020,3.0,3,1,90797,4,2,13784
7936,5,5,2009,4.8,2,1,210063,3,1,10898
7937,10,22,2007,1.2,3,2,149432,4,3,5411
7938,8,11,2017,2.5,4,2,170525,5,3,8289
7939,9,10,2016,3.3,1,1,283554,2,2,8028
7940,10,22,2016,3.8,1,3,230086,2,5,8098
7941,1,4,2015,4.6,4,2,215310,2,4,8893
7942,1,3,2008,3.3,4,1,159950,5,3,8101
7943,6,26,2005,2.0,4,3,139139,4,5,4817
7944,6,12,2023,4.0,4,2,258604,3,4,9827
7945,1,3,2016,2.2,3,1,284193,2,4,7916
7946,2,30,2023,3.8,2,2,255533,4,1,11689
7947,7,21,2004,4.2,3,3,231221,3,4,5875
7948,1,4,2023,3.8,2,2,201522,3,5,12769
7949,7,27,2002,3.5,3,2,118648,5,1,6827
7950,6,12,2005,3.1,4,1,170453,2,1,6790
7951,6,12,2021,3.9,2,1,78429,2,1,16231
7952,2,1,2007,1.2,2,3,76098,5,3,7878
7953,1,23,2007,4.6,3,2,128953,2,4,9220
7954,6,26,2015,2.7,1,2,51432,2,3,10271
7955,6,26,2002,4.9,3,3,197530,2,3,6649
7956,3,20,2011,1.7,1,3,215389,5,1,4792
7957,10,28,2004,1.6,4,3,134151,2,4,4216
7958,3,20,2006,3.2,1,2,85061,3,5,7398
7959,2,30,2015,2.5,4,1,99827,4,2,10603
7960,2,30,2004,1.9,2,3,143356,5,2,6332
7961,2,30,2013,3.9,2,1,176201,3,4,11875
7962,1,4,2004,1.1,3,1,108671,2,5,6726
7963,6,29,2011,4.4,1,1,132007,3,3,10659
7964,7,27,2006,2.6,2,1,239235,4,5,7215
7965,5,7,2012,1.7,4,1,211733,5,3,6665
7966,1,23,2016,1.3,1,1,141074,3,1,8878
7967,9,8,2011,2.4,4,3,110704,5,4,7585
7968,7,21,2014,3.2,2,3,170640,3,5,10087
7969,5,7,2018,3.4,1,1,87261,4,1,12654
7970,2,2,2017,3.4,2,3,164190,2,2,11316
7971,9,10,2015,1.3,4,2,155334,2,1,6793
7972,2,1,2016,2.9,2,3,289360,4,5,8012
7973,10,22,2023,3.1,1,2,241457,4,5,9270
7974,3,13,2001,1.4,3,1,98192,4,4,6336
7975,1,4,2000,4.2,4,1,94834,5,2,7903
7976,4,14,2004,1.3,2,1,88151,2,2,8336
7977,6,26,2010,3.4,3,2,38370,5,3,10732
7978,4,16,2016,4.1,1,2,254750,3,3,7905
7979,5,5,2019,4.1,1,3,4751,3,5,13804
7980,1,23,2005,3.5,1,3,233833,3,1,4423
7981,3,13,2015,2.1,3,1,210354,3,5,8992
7982,6,26,2003,2.6,1,3,247388,2,2,2652
7983,4,14,2005,4.2,1,1,124629,3,2,8807
7984,9,24,2002,4.4,4,2,8916,5,2,8921
7985,10,22,2011,3.0,2,2,284441,2,1,6711
7986,2,30,2004,1.6,4,3,153548,3,5,3829
7987,7,21,2006,4.7,2,3,292097,2,2,6758
7988,10,18,2001,2.8,1,2,61013,3,4,5979
7989,7,27,2005,2.6,3,2,180538,2,2,5589
7990,4,15,2008,2.4,4,3,158538,2,3,5729
7991,4,15,2023,1.4,2,1,78634,2,1,14327
7992,5,7,2003,3.7,3,3,72093,3,2,8258
7993,6,12,2003,1.6,2,3,232233,3,3,3955
7994,5,5,2012,4.7,4,2,117916,4,4,10041
7995,5,9,2006,1.8,2,1,288220,3,3,5435
7996,2,30,2004,3.1,4,3,196259,3,4,4474
7997,5,5,2006,3.1,4,3,76820,4,3,7463
7998,6,26,2005,1.1,4,2,297669,2,1,2000
7999,3,19,2011,2.0,4,1,211686,4,4,6666
8000,4,14,2000,4.5,4,2,134919,5,5,5901
8001,9,8,2001,3.3,1,1,188704,3,3,5425
8002,6,26,2022,2.5,2,1,65076,5,4,15398
8003,10,18,2000,3.5,2,3,243409,2,5,4731
8004,3,19,2006,1.6,4,2,129395,2,3,4912
8005,1,3,2023,1.5,1,1,292167,4,4,8156
8006,8,17,2023,1.0,1,2,239564,5,1,7208
8007,1,3,2020,1.2,2,1,286319,2,2,9073
8008,9,10,2014,3.8,1,1,282059,4,5,7958
8009,5,7,2018,2.9,3,3,74117,5,3,11917
8010,9,10,2014,4.8,2,1,70217,2,3,15195
8011,3,20,2018,1.2,4,3,35391,2,3,9992
8012,1,23,2015,3.2,1,3,166329,4,5,8473
8013,6,29,2006,4.6,2,1,238658,3,1,9226
8014,6,29,2011,3.2,2,2,139866,5,3,9802
8015,8,6,2014,5.0,1,3,151529,5,4,10269
8016,7,27,2013,4.5,2,2,16971,4,2,14160
8017,6,12,2011,4.1,3,2,32785,5,5,11844
8018,10,28,2003,4.6,1,1,19576,2,5,10708
8019,9,24,2009,4.8,2,2,113441,4,1,11331
8020,7,27,2006,4.5,3,2,246638,4,2,6467
8021,10,22,2018,4.0,3,2,202262,2,4,10454
8022,2,1,2010,2.3,2,2,53742,3,2,10325
8023,9,8,2004,3.8,3,2,294151,5,2,4216
8024,10,18,2001,3.4,4,2,237430,4,2,3051
8025,4,16,2017,3.7,1,3,141739,4,3,10065
8026,3,13,2000,2.6,2,3,166188,2,4,5376
8027,1,23,2000,1.4,3,2,125634,5,5,3987
8028,6,29,2018,2.4,3,2,100932,2,4,10881
8029,1,23,2010,4.0,2,3,181033,3,1,9479
8030,6,26,2007,3.2,1,2,213982,2,3,5120
8031,6,12,2019,1.7,1,2,123664,4,3,9026
8032,8,17,2019,3.5,4,3,253742,3,1,8225
8033,2,1,2007,1.5,1,3,10282,2,5,7494
8034,10,28,2015,3.1,4,3,295220,2,1,5795
8035,2,1,2000,4.8,3,2,237133,2,1,5157
8036,7,21,2007,4.9,1,2,155788,5,1,7984
8037,5,5,2020,2.4,1,3,81351,4,4,10872
8038,1,4,2020,2.2,2,1,199392,4,2,11812
8039,5,5,2012,1.3,3,2,257281,4,3,4854
8040,3,13,2000,3.8,2,3,278822,5,2,4323
8041,6,29,2021,4.2,1,3,215585,5,3,10288
8042,1,23,2008,4.4,4,3,20870,3,4,10482
8043,1,3,2022,2.8,3,3,44239,2,5,13615
8044,2,2,2009,4.2,3,1,56873,2,3,12362
8045,6,12,2009,3.3,4,1,1453,5,3,11570
8046,1,3,2004,4.8,4,3,292305,3,3,4253
8047,8,6,2018,4.4,4,2,276567,4,2,8368
8048,8,11,2018,2.7,3,1,160770,3,4,11484
8049,9,10,2007,2.8,1,2,36288,4,1,8274
8050,7,25,2020,4.3,4,3,115453,3,2,12090
8051,1,4,2001,2.7,4,2,130544,5,4,4489
8052,2,2,2016,4.6,1,3,122186,3,5,11056
8053,10,28,2000,3.7,1,1,6755,3,2,9164
8054,10,22,2001,4.9,1,3,251811,3,3,4263
8055,4,14,2006,1.7,4,3,179625,3,5,4007
8056,9,10,2013,3.2,1,3,156713,3,2,8065
8057,3,13,2012,4.5,1,3,152203,3,3,9155
8058,10,18,2002,1.1,1,1,212399,2,5,3052
8059,3,20,2005,1.6,4,1,281145,5,3,3077
8060,7,21,2005,1.1,4,3,44195,5,5,5816
8061,4,14,2015,4.8,4,3,239695,5,4,8606
8062,5,5,2002,4.7,4,1,222672,5,3,6446
8063,2,1,2010,1.1,2,1,31604,2,1,11067
8064,9,24,2019,4.3,1,2,279294,3,1,8514
8065,2,30,2011,4.6,1,1,212129,3,1,9257
8066,10,28,2018,4.8,2,3,176896,3,3,12762
8067,9,10,2020,3.5,4,2,173012,2,3,10139
8068,7,27,2016,2.0,4,2,131907,3,3,8261
8069,2,1,2001,1.2,2,3,39712,4,3,6805
8070,10,22,2011,3.4,2,2,156121,4,3,9677
8071,7,27,2012,3.8,3,3,228277,5,2,7934
8072,5,5,2015,1.2,3,2,13093,4,2,10538
8073,1,3,2006,1.4,1,2,187887,3,2,3542
8074,4,14,2021,1.8,1,2,189834,4,5,8403
8075,9,10,2012,3.8,3,3,48417,3,5,11531
8076,4,16,2007,1.3,1,1,32383,4,5,8352
8077,6,12,2012,4.4,4,3,179403,5,3,8511
8078,9,8,2003,1.1,1,1,219959,3,4,3200
8079,7,21,2011,1.1,1,1,220420,2,4,5591
8080,8,6,2000,2.5,3,3,230751,3,1,2984
8081,7,27,2023,2.1,1,2,146812,5,2,10163
8082,4,15,2002,3.3,1,2,216463,5,5,3670
8083,9,24,2013,3.9,1,3,127919,3,4,9341
8084,4,15,2012,4.9,2,3,112137,4,2,12357
8085,7,25,2018,1.4,4,3,292668,4,2,5046
8086,1,23,2020,4.4,4,3,18372,5,1,14132
8087,5,5,2010,2.4,2,3,272383,3,4,6052
8088,1,23,2021,4.2,1,2,16425,2,3,14271
8089,9,24,2017,3.7,1,3,254043,5,3,7819
8090,2,2,2010,3.5,2,2,229393,4,5,8012
8091,2,1,2008,2.1,4,1,266257,5,1,4774
8092,6,29,2014,4.3,4,2,296971,4,4,6660
8093,6,26,2016,3.4,4,1,171956,3,3,10360
8094,7,27,2007,2.4,4,2,118305,4,5,6233
8095,5,5,2015,2.2,3,2,112328,4,3,9553
8096,6,12,2008,4.6,2,3,103664,2,2,11026
8097,8,17,2017,2.4,1,1,72130,3,3,11657
8098,4,15,2009,2.9,3,3,6037,5,2,10579
8099,2,1,2020,2.1,4,2,50793,3,3,11184
8100,1,4,2003,2.3,3,3,191174,5,3,4476
8101,10,22,2021,2.8,4,2,134173,2,5,10516
8102,4,14,2023,2.4,4,1,22168,5,4,14456
8103,7,21,2009,3.3,3,1,33225,4,4,11935
8104,6,12,2009,4.3,4,2,29548,4,1,10509
8105,10,22,2004,3.6,2,1,40858,2,2,11582
8106,10,28,2022,3.4,4,1,184951,4,2,11900
8107,8,6,2021,3.7,3,3,19065,4,5,14718
8108,8,11,2007,2.8,3,1,146189,4,3,8576
8109,8,11,2012,4.6,4,3,204744,3,2,8205
8110,3,13,2007,3.3,1,3,114787,4,3,7204
8111,8,6,2005,4.5,4,3,292008,5,2,4259
8112,2,1,2022,4.8,4,1,85532,3,5,15289
8113,2,2,2019,2.3,2,3,212627,2,1,9847
8114,10,28,2016,3.9,2,1,249972,3,1,11300
8115,9,24,2018,2.8,3,3,134787,4,1,10604
8116,4,14,2008,3.7,1,3,118324,3,1,7833
8117,2,2,2014,3.9,4,1,69238,5,3,12315
8118,9,24,2009,5.0,2,2,177043,2,3,10259
8119,1,4,2019,1.6,4,3,126184,4,2,8876
8120,1,23,2007,1.5,1,2,107002,5,2,5559
8121,7,27,2003,1.6,3,3,259664,3,4,2406
8122,9,24,2018,1.2,4,3,108338,3,3,8533
8123,3,20,2015,4.9,3,2,97726,3,5,12545
8124,2,30,2011,4.6,2,3,232629,3,2,9347
8125,1,23,2007,3.3,2,1,101386,5,4,10972
8126,6,26,2023,1.9,3,3,102533,5,5,11849
8127,6,12,2003,4.2,3,3,141075,3,4,7378
8128,6,29,2003,3.1,1,3,173418,2,3,4631
8129,3,13,2010,3.8,4,1,285401,2,2,6691
8130,5,9,2018,2.9,1,1,292244,3,4,8055
8131,1,3,2014,3.9,1,3,17369,3,3,11852
8132,4,14,2002,4.3,1,2,115187,5,2,6696
8133,9,8,2003,1.1,3,3,96140,5,2,5177
8134,5,9,2003,4.1,2,2,16736,2,3,10765
8135,4,15,2006,1.1,4,1,211012,3,5,4279
8136,3,19,2023,1.7,4,1,1631,5,2,14167
8137,6,12,2022,2.7,2,2,279475,2,3,9810
8138,3,19,2019,4.0,3,3,124977,3,3,12300
8139,5,5,2000,3.7,1,1,18159,3,1,8936
8140,9,8,2006,3.0,4,1,169890,5,1,7002
8141,6,29,2011,1.0,1,2,184645,3,3,4707
8142,7,27,2020,1.6,2,1,81288,5,4,13574
8143,9,10,2011,1.1,2,2,198502,3,2,6529
8144,6,29,2000,1.6,4,2,51098,4,2,4678
8145,1,4,2005,4.1,2,2,266230,5,4,6375
8146,5,9,2017,4.3,4,1,140185,4,3,12196
8147,6,12,2001,2.5,2,3,179706,5,2,5305
8148,1,3,2018,2.7,3,1,160171,5,1,11496
8149,1,3,2018,4.1,4,2,206059,5,3,9478
8150,5,9,2011,1.8,3,3,273414,3,4,4731
8151,3,20,2019,3.4,1,3,257955,3,1,8040
8152,10,22,2023,1.7,3,2,48544,3,1,12729
8153,3,19,2021,4.2,3,1,17008,5,3,16759
8154,4,14,2016,3.3,4,2,270132,4,2,6797
8155,6,29,2020,3.7,1,2,213939,5,5,9521
8156,7,27,2014,3.5,2,2,57902,2,2,12641
8157,9,24,2000,2.7,4,2,63178,3,3,5536
8158,8,6,2005,1.1,3,1,255461,2,4,4090
8159,2,30,2003,4.2,3,1,122228,5,3,9255
8160,10,22,2013,4.2,4,1,127524,3,5,11149
8161,4,16,2006,4.8,2,3,102424,4,3,10651
8162,7,27,2018,1.8,3,1,9277,5,2,13614
8163,4,14,2014,1.3,1,1,136281,3,1,8374
8164,4,14,2008,1.4,4,3,82203,5,1,6255
8165,3,13,2021,3.1,1,2,277817,5,3,7943
8166,6,26,2017,4.4,3,3,248658,5,4,9626
8167,1,3,2023,1.5,2,3,109856,2,1,12302
8168,6,12,2011,3.0,2,3,131585,4,5,9768
8169,1,3,2010,1.6,4,1,173267,3,1,6734
8170,2,30,2010,3.6,1,2,148488,4,2,7730
8171,3,13,2013,4.2,1,3,102212,4,5,10155
8172,8,17,2021,4.6,2,2,20503,2,2,16589
8173,8,11,2022,3.3,4,1,57797,5,3,14344
8174,10,28,2001,4.9,3,1,85649,5,3,10087
8175,4,16,2019,2.0,3,2,68443,3,1,11431
8176,1,4,2020,4.7,4,1,128780,2,5,13724
8177,3,20,2011,3.2,1,2,23945,3,1,10121
8178,5,7,2009,3.7,1,3,214263,3,4,6214
8179,3,13,2010,4.9,3,1,209826,5,2,10303
8180,5,7,2013,1.0,2,3,31173,3,3,10376
8181,7,25,2002,4.5,1,2,181732,3,1,5565
8182,7,27,2009,4.3,4,2,206372,3,1,6972
8183,3,19,2006,2.0,2,1,35063,4,5,10698
8184,4,16,2002,2.2,1,3,132138,5,2,4257
8185,6,29,2014,4.6,2,1,227591,5,3,11848
8186,1,3,2007,1.0,1,3,104108,5,4,5117
8187,4,15,2001,4.1,4,1,113204,3,3,7735
8188,4,15,2013,4.6,4,2,103598,5,4,10528
8189,8,6,2017,3.1,3,2,227407,2,4,8751
8190,3,13,2014,1.8,4,2,132811,4,3,7443
8191,10,22,2023,2.3,1,1,161315,3,2,11573
8192,6,29,2015,2.6,1,1,195860,5,2,8782
8193,9,24,2017,2.5,2,1,188471,4,5,11430
8194,5,5,2020,3.7,3,3,193168,4,4,10936
8195,2,30,2018,3.6,1,2,27859,3,5,12542
8196,9,8,2020,1.7,1,2,51339,5,2,10773
8197,2,2,2013,2.4,3,3,277398,2,5,5852
8198,9,10,2017,2.2,1,1,101345,4,2,10873
8199,9,24,2004,3.1,4,3,201488,4,4,4370
8200,1,23,2001,4.2,2,2,88810,3,3,8823
8201,4,15,2020,1.2,4,3,108945,2,1,9121
8202,5,5,2015,1.5,3,2,273037,3,1,5639
8203,1,23,2016,2.6,4,3,104007,3,1,9419
8204,5,7,2013,3.6,3,2,24972,4,4,12100
8205,3,19,2001,1.1,3,2,255167,5,4,2000
8206,5,9,2019,2.2,4,1,282943,5,4,7841
8207,8,6,2000,2.4,2,3,269224,5,3,3115
8208,10,22,2004,3.1,2,2,182422,5,3,6751
8209,3,13,2004,1.9,1,2,215554,3,5,2888
8210,9,8,2010,4.3,3,2,86940,3,1,10661
8211,8,11,2012,4.9,1,3,66286,3,5,11274
8212,5,9,2000,1.2,1,3,290305,3,1,2000
8213,1,4,2012,4.6,3,3,240475,2,4,8490
8214,6,12,2007,1.6,2,3,68137,4,4,8437
8215,4,14,2000,1.6,4,2,34978,2,5,5000
8216,9,10,2000,2.7,1,2,263062,4,2,2000
8217,1,4,2019,4.3,2,3,210476,2,1,11890
8218,3,13,2020,1.1,3,1,219136,5,1,9317
8219,10,28,2004,2.7,3,1,92418,4,4,8651
8220,9,8,2000,3.8,2,3,83933,3,4,8221
8221,10,28,2015,1.5,4,2,172799,3,3,6644
8222,3,19,2002,3.3,3,1,281252,4,2,4874
8223,3,19,2009,2.5,1,2,145137,2,2,6397
8224,5,5,2008,2.6,2,2,22989,5,4,10640
8225,6,12,2014,3.4,2,3,169389,2,2,10312
8226,4,15,2021,3.0,1,1,267112,5,2,9557
8227,2,2,2004,4.1,4,2,161857,4,5,6162
8228,4,14,2014,4.7,1,2,93518,3,4,11129
8229,7,27,2008,1.8,1,1,226159,3,3,5276
8230,4,14,2000,1.5,4,1,23346,3,4,6633
8231,1,3,2019,2.7,4,2,280751,3,4,6884
8232,5,5,2005,2.0,1,3,282072,3,5,2000
8233,8,6,2014,1.3,1,3,67749,2,3,8245
8234,3,20,2001,2.5,4,1,193247,5,1,4535
8235,1,3,2012,1.8,3,1,287148,4,5,6257
8236,4,14,2017,3.1,1,2,52062,2,4,11258
8237,5,9,2000,4.6,2,2,231301,5,5,6073
8238,1,3,2011,2.7,4,2,65650,4,3,8787
8239,2,2,2006,1.8,1,3,261314,3,1,2473
8240,8,17,2002,2.9,2,1,282974,2,5,5440
8241,5,5,2023,3.3,4,3,162757,2,1,11044
8242,2,2,2019,3.5,2,1,69098,3,4,15418
8243,2,2,2002,2.9,1,1,282768,2,3,3444
8244,7,25,2008,4.3,4,1,255308,2,1,7193
8245,7,21,2000,4.9,4,2,162622,5,2,5747
8246,9,8,2012,2.6,4,1,79713,3,3,10205
8247,2,1,2023,1.7,1,2,75400,5,4,11192
8248,8,17,2019,3.2,4,2,228821,2,1,8423
8249,2,1,2006,1.5,2,1,56072,2,5,9778
8250,8,17,2010,1.8,2,3,207513,2,3,6749
8251,10,18,2009,2.2,2,2,81646,3,4,9367
8252,5,5,2013,4.2,3,2,26112,3,3,12677
8253,4,16,2000,4.1,1,1,76181,5,2,8176
8254,7,21,2007,4.4,2,1,127257,2,4,11554
8255,10,22,2021,4.4,2,2,264147,3,1,11517
8256,6,29,2013,4.8,4,1,295066,4,4,8398
8257,1,23,2020,4.2,3,2,3079,5,4,15238
8258,6,29,2006,4.3,4,1,253889,4,3,6622
8259,5,5,2014,1.3,4,1,189428,2,2,7311
8260,9,8,2005,2.5,3,2,222867,3,4,4642
8261,5,9,2003,2.9,4,1,148212,5,2,6435
8262,7,27,2013,2.5,4,2,150408,5,1,7491
8263,1,23,2002,4.1,2,1,291071,3,2,6478
8264,9,10,2007,4.7,1,3,211715,2,4,6665
8265,9,10,2004,3.8,2,1,128273,4,1,10034
8266,8,17,2009,1.4,4,3,195977,3,5,4280
8267,6,29,2016,4.4,2,1,115042,3,1,14499
8268,5,9,2003,2.4,3,1,282222,2,5,4255
8269,8,6,2004,2.9,2,3,165008,3,1,6899
8270,9,10,2018,4.1,2,1,164802,5,1,13803
8271,7,27,2007,2.8,1,3,247347,2,3,4053
8272,1,23,2019,3.9,1,1,298275,3,3,9234
8273,7,21,2022,1.5,2,3,204331,4,5,10113
8274,7,27,2022,1.9,3,3,169512,3,3,10209
8275,2,2,2020,1.4,4,2,14981,3,5,11200
8276,8,17,2019,1.5,4,2,63515,3,5,10029
8277,1,3,2005,3.1,1,2,225946,4,2,4181
8278,3,13,2016,3.2,3,2,69485,4,4,11710
8279,10,28,2000,1.1,3,3,184353,5,2,2512
8280,1,3,2005,4.1,2,2,245950,4,2,6781
8281,6,29,2010,4.2,4,2,43357,2,1,10432
8282,1,23,2015,1.2,3,2,238115,5,5,6037
8283,3,13,2017,3.9,4,3,53263,4,5,12034
8284,8,6,2017,2.2,4,2,60725,4,1,10185
8285,1,4,2017,2.9,3,3,13036,4,3,12839
8286,3,20,2008,1.9,1,3,200249,3,4,4395
8287,6,26,2009,4.6,1,3,207314,4,3,7253
8288,6,26,2000,1.8,4,3,145628,5,2,2987
8289,7,25,2002,2.3,1,3,246922,5,3,2061
8290,1,23,2023,2.1,3,3,207880,2,3,9942
8291,7,27,2002,4.8,4,1,199318,5,1,7013
8292,4,15,2006,3.7,3,3,193331,4,3,6733
8293,2,1,2023,3.5,3,1,164915,2,3,13701
8294,10,22,2003,3.8,3,1,123338,5,4,8833
8295,10,18,2017,4.0,3,2,223606,5,4,9727
8296,10,18,2011,1.9,3,2,42520,2,3,9449
8297,4,16,2014,3.7,4,3,233520,2,3,7329
8298,3,19,2018,4.0,4,1,74435,4,5,13511
8299,8,17,2007,1.2,3,2,79659,5,5,6806
8300,5,5,2013,3.9,1,3,184064,4,4,8218
8301,4,14,2012,3.1,3,3,279835,5,1,6203
8302,2,30,2006,4.7,2,1,91669,3,4,12266
8303,6,29,2013,4.5,2,1,289405,2,1,10211
8304,3,13,2022,1.8,2,3,68807,5,4,13123
8305,4,16,2022,2.0,1,1,220849,4,1,9783
8306,2,30,2003,1.3,4,3,86199,5,1,4576
8307,3,13,2023,4.8,3,1,181534,2,4,14669
8308,10,28,2016,3.5,4,2,48780,4,5,11424
8309,5,7,2011,4.4,3,3,35353,5,3,12092
8310,10,22,2010,2.3,3,1,130547,4,3,9289
8311,10,18,2001,3.8,1,2,250716,5,4,3185
8312,4,16,2017,2.0,1,3,141608,5,4,8367
8313,8,6,2000,1.1,4,3,117793,4,3,2844
8314,3,20,2021,2.4,2,2,285074,3,1,9098
8315,7,25,2020,3.1,4,3,244385,2,5,8312
8316,7,25,2020,4.3,3,1,270057,5,4,11498
8317,5,5,2007,2.9,4,1,177432,4,1,7051
8318,2,1,2015,4.4,3,2,127685,2,1,11446
8319,10,28,2019,1.4,1,3,133616,5,2,8527
8320,4,16,2008,2.3,2,1,143560,4,1,9428
8321,2,2,2000,4.3,4,3,12675,3,4,8146
8322,2,1,2019,2.4,3,2,259033,3,5,8019
8323,10,22,2019,3.1,1,1,47734,5,1,13445
8324,10,22,2023,3.3,4,1,193194,4,1,11936
8325,2,1,2003,3.6,3,3,25567,2,2,9088
8326,2,1,2015,4.0,2,3,151680,4,3,11566
8327,3,19,2001,2.0,3,2,6031,3,4,7279
8328,6,29,2015,3.2,3,3,52021,4,1,11759
8329,1,23,2020,4.9,1,2,251250,4,2,9975
8330,8,11,2009,3.6,2,2,51350,5,1,11373
8331,9,10,2002,2.2,1,1,118575,2,1,6028
8332,6,26,2022,1.4,1,1,72981,5,4,12140
8333,3,20,2013,3.4,1,1,167054,3,2,9558
8334,6,26,2004,1.9,4,2,13436,3,3,6931
8335,4,16,2022,4.7,4,3,99254,3,4,13414
8336,10,22,2017,1.6,4,3,175432,5,3,7291
8337,10,28,2009,1.1,4,3,206638,4,5,3767
8338,2,1,2021,3.2,4,2,101752,3,4,11564
8339,2,2,2007,3.7,1,1,163981,3,2,8120
8340,7,25,2018,2.8,2,3,127103,2,3,11757
8341,7,21,2011,1.4,2,1,233074,3,5,7638
8342,2,1,2011,2.6,4,1,124601,3,2,9007
8343,10,28,2003,2.4,4,1,51849,5,5,7863
8344,1,23,2014,4.9,4,2,244275,2,4,8314
8345,5,7,2001,2.8,3,3,74603,4,1,6707
8346,6,29,2016,1.2,4,3,249937,3,1,5101
8347,7,27,2002,3.4,1,3,230574,4,2,3488
8348,7,25,2001,1.8,1,2,284979,2,5,2000
8349,10,18,2004,3.5,4,1,271334,3,2,4873
8350,7,21,2002,1.9,3,1,167617,4,4,5747
8351,8,11,2007,4.6,2,2,202817,3,5,8743
8352,3,13,2010,4.9,3,2,113571,4,3,10728
8353,1,23,2018,4.9,2,3,200089,2,2,12398
8354,3,13,2008,4.4,4,3,197298,5,2,6954
8355,9,8,2020,1.9,4,2,238459,4,4,7230
8356,3,13,2018,2.0,2,3,291807,4,3,7663
8357,6,12,2010,3.4,2,2,19253,3,3,12114
8358,4,14,2007,2.3,2,1,213607,4,3,7727
8359,9,24,2021,4.6,1,2,168805,3,3,11623
8360,3,19,2000,1.7,3,1,269757,3,4,2904
8361,8,6,2018,4.2,1,2,30677,2,1,13086
8362,3,19,2011,3.0,4,1,287480,2,5,6150
8363,9,8,2011,1.5,3,1,283190,3,5,5736
8364,7,25,2001,3.7,2,3,82829,3,4,8443
8365,3,20,2020,2.5,3,2,161235,4,3,10375
8366,3,19,2010,3.7,1,2,147961,3,2,7840
8367,8,6,2017,2.2,2,1,13096,3,2,14638
8368,10,22,2007,2.0,1,3,298306,3,1,2233
8369,6,12,2010,1.7,2,2,215848,2,1,6483
8370,3,20,2012,3.6,3,1,130041,5,4,11199
8371,2,1,2002,2.7,2,2,142550,2,2,6549
8372,3,13,2015,3.4,4,3,168771,2,3,8624
8373,1,3,2005,4.2,4,2,162896,4,5,6542
8374,7,25,2001,4.3,3,3,149833,5,4,6703
8375,2,2,2013,3.2,4,1,278860,4,4,7122
8376,1,4,2011,1.1,3,1,140668,5,1,8186
8377,3,19,2010,5.0,3,1,162415,4,2,11351
8378,5,7,2002,4.2,1,3,56697,3,4,7766
8379,8,6,2000,4.7,4,2,173615,5,4,5327
8380,6,26,2006,1.5,3,3,107755,5,4,6244
8381,10,22,2023,2.9,2,3,142524,3,3,13049
8382,8,6,2020,3.0,2,2,280056,4,5,9498
8383,9,8,2004,3.5,1,3,97304,5,3,6853
8384,7,27,2015,4.9,2,3,165779,2,4,12184
8385,9,8,2010,4.6,4,1,77111,5,1,11657
8386,4,14,2019,2.3,1,3,181347,5,4,8473
8387,1,3,2016,1.2,4,3,21081,4,1,9678
8388,10,18,2013,3.2,4,2,27181,3,5,10656
8389,3,19,2000,3.8,4,3,201447,3,1,3871
8390,3,19,2016,1.7,4,1,134308,2,3,9413
8391,10,22,2013,4.7,1,3,292493,3,4,6850
8392,2,30,2002,2.8,1,1,28667,5,2,8426
8393,3,19,2014,1.6,3,3,22850,4,1,10443
8394,2,30,2023,1.1,2,2,214545,2,1,9809
8395,8,6,2001,1.4,4,1,141763,5,1,4464
8396,2,30,2003,2.2,1,1,270036,3,1,3299
8397,6,26,2005,1.1,2,2,283046,2,2,3039
8398,7,25,2006,3.7,1,1,74299,3,1,9614
8399,5,5,2023,2.3,3,3,238121,5,3,9537
8400,8,17,2005,4.2,4,2,243792,3,2,4924
8401,6,26,2018,2.5,1,1,82704,3,2,11845
8402,10,22,2019,1.0,3,3,70555,2,5,10388
8403,2,2,2014,3.8,2,3,184849,3,3,10403
8404,8,11,2017,3.5,4,2,197100,2,5,8758
8405,5,9,2007,3.2,4,1,132511,4,4,8249
8406,5,5,2013,2.6,2,3,119318,3,4,10213
8407,8,6,2007,4.9,1,1,292765,2,3,6744
8408,9,10,2019,2.6,2,1,75419,2,4,14391
8409,5,5,2018,3.0,2,1,153562,2,1,12928
8410,9,10,2010,3.0,3,2,268069,4,2,5738
8411,8,6,2010,4.7,4,1,210551,3,4,9088
8412,3,13,2023,4.0,1,2,150209,4,3,11995
8413,10,22,2000,4.6,2,3,191267,5,3,6874
8414,1,4,2004,4.5,4,1,293787,2,2,5424
8415,2,30,2018,4.1,2,1,218564,5,2,12728
8416,4,15,2004,1.8,3,2,9861,2,2,7902
8417,10,28,2023,2.8,4,2,971,5,5,13780
8418,3,19,2012,4.1,3,2,49237,5,3,11815
8419,9,8,2022,4.1,4,3,104642,2,2,12707
8420,3,20,2023,3.8,2,1,69740,2,1,16905
8421,10,28,2015,4.8,4,3,92126,2,1,11557
8422,6,12,2019,4.6,2,1,1406,5,3,17871
8423,3,20,2014,2.5,2,3,215425,5,4,8491
8424,6,26,2012,1.4,2,2,1427,4,1,11071
8425,6,26,2021,2.7,3,2,208809,4,2,9923
8426,9,10,2003,2.1,2,3,194695,5,5,5206
8427,1,4,2017,4.9,3,2,174684,4,4,11606
8428,3,20,2010,4.3,3,2,135842,5,5,9683
8429,7,27,2009,1.4,4,1,83765,2,4,8024
8430,3,20,2017,1.1,1,2,25313,5,4,9793
8431,8,17,2000,4.9,2,2,265649,4,4,5687
8432,7,27,2013,1.2,2,3,289471,3,2,5410
8433,7,21,2012,2.6,1,3,124589,5,3,7808
8434,8,17,2001,3.0,1,2,234085,3,5,2718
8435,1,23,2002,2.5,1,1,83937,5,1,7021
8436,3,20,2016,3.3,2,2,261869,2,1,8962
8437,10,18,2008,1.3,4,3,289632,2,4,2007
8438,5,9,2023,1.1,4,2,100661,3,3,10086
8439,8,11,2013,1.7,3,1,193015,4,3,8339
8440,6,29,2021,4.7,2,3,128351,5,3,14532
8441,6,26,2001,4.1,2,2,14935,4,5,10201
8442,9,24,2020,3.8,3,3,229479,5,3,10310
8443,8,6,2002,2.8,1,2,166969,2,5,4160
8444,10,18,2008,1.8,3,3,165836,4,5,5983
8445,7,27,2016,1.4,1,2,10910,3,1,10081
8446,9,24,2019,3.2,1,2,122669,5,2,10546
8447,7,25,2010,3.9,1,1,81626,5,2,10867
8448,5,7,2002,4.9,4,1,62111,3,1,9857
8449,8,6,2003,1.3,3,2,124806,4,5,4803
8450,4,16,2021,3.3,1,3,288662,3,4,7926
8451,1,23,2014,3.4,1,1,39460,3,2,12410
8452,9,8,2012,4.4,2,2,94413,3,4,12211
8453,3,13,2008,2.8,4,1,105651,5,4,8686
8454,6,29,2013,2.5,1,1,144244,2,3,9115
8455,6,29,2000,4.2,1,2,22625,3,3,7847
8456,1,3,2012,3.1,3,3,94118,3,1,9917
8457,4,15,2008,1.4,2,2,1123,5,4,9877
8458,5,9,2002,4.9,3,1,27258,2,5,11554
8459,1,23,2007,2.7,2,1,42484,4,3,11550
8460,1,23,2008,4.7,1,1,294229,3,4,6815
8461,1,4,2009,2.5,1,2,229907,2,3,4701
8462,5,7,2009,4.3,1,2,138053,5,1,8338
8463,4,15,2006,1.4,1,1,276510,3,2,3269
8464,2,1,2016,3.2,3,1,249206,5,2,9615
8465,2,1,2011,3.4,1,2,204328,5,2,6713
8466,10,18,2015,2.0,4,2,31848,4,5,9963
8467,3,19,2011,1.1,4,1,184647,2,1,6307
8468,7,25,2005,3.1,2,3,226621,4,2,6167
8469,6,12,2021,1.2,1,1,198986,3,1,9120
8470,2,1,2011,4.0,1,3,203506,5,5,7329
8471,2,2,2006,2.5,2,1,57444,2,1,10751
8472,1,4,2021,2.3,1,2,238144,2,1,7937
8473,1,4,2017,2.3,1,2,231788,4,5,6864
8474,7,27,2009,2.8,3,1,47046,2,2,11159
8475,10,18,2011,1.8,3,2,274097,5,4,4718
8476,1,3,2010,4.3,4,3,258241,3,5,6235
8477,1,3,2003,3.4,3,3,266526,4,3,4069
8478,5,7,2023,1.8,2,1,3235,5,4,16235
8479,5,5,2013,1.3,2,3,175515,3,3,7789
8480,2,2,2005,1.4,4,2,212695,5,1,2746
8481,10,28,2015,3.7,1,3,231703,4,1,7665
8482,5,9,2001,1.9,1,3,156936,5,2,3161
8483,10,28,2002,1.9,1,1,8589,4,5,7928
8484,1,23,2008,1.1,2,3,289703,4,2,3805
8485,10,22,2001,4.2,3,2,66109,5,5,8277
8486,9,24,2012,3.9,2,2,161261,5,2,10374
8487,2,1,2015,2.7,1,2,133476,5,4,8630
8488,6,12,2018,2.5,4,2,189081,2,1,8218
8489,3,13,2019,3.3,2,3,223568,5,2,10628
8490,7,27,2021,4.2,2,2,246820,2,5,11663
8491,6,29,2018,3.0,4,1,151956,5,4,10960
8492,10,22,2013,4.0,4,2,244725,3,3,7105
8493,2,2,2011,2.1,1,1,202184,4,2,6956
8494,1,3,2003,1.7,1,1,255899,3,1,3082
8495,2,2,2004,3.2,4,2,274253,4,1,3014
8496,6,26,2009,4.0,4,1,162223,5,5,9055
8497,2,30,2012,2.5,1,1,105611,3,2,9587
8498,6,29,2006,3.1,4,1,48668,4,3,9526
8499,8,6,2021,2.7,1,1,94677,3,5,12706
8500,9,8,2012,2.2,1,3,26162,3,5,9376
8501,1,4,2003,3.6,3,2,189266,3,5,5814
8502,2,1,2019,2.2,4,1,102893,4,5,11442
8503,1,4,2006,3.4,4,2,61829,2,2,8063
8504,2,30,2020,4.2,4,2,177156,5,1,10756
8505,2,1,2023,2.9,1,1,211902,2,4,11161
8506,4,15,2013,1.1,2,1,182152,5,5,8956
8507,5,9,2016,4.9,3,1,292909,5,5,10441
8508,1,3,2021,3.8,1,3,295818,4,2,8283
8509,2,2,2019,3.0,2,3,120036,5,2,12399
8510,7,25,2006,3.3,2,1,155565,2,5,9588
8511,7,25,2016,4.5,1,3,186516,5,3,9669
8512,6,26,2014,4.9,1,3,297306,2,2,7253
8513,7,21,2023,2.4,2,1,167039,5,1,13559
8514,9,8,2005,3.5,2,3,19095,4,3,10718
8515,1,23,2014,2.4,4,2,252688,3,4,5646
8516,6,29,2015,4.0,3,2,137933,2,5,10841
8517,3,19,2004,3.6,3,3,82916,4,3,8241
8518,4,15,2001,1.9,2,1,88822,3,5,8023
8519,1,4,2003,4.2,3,3,57423,5,1,9051
8520,4,14,2016,4.6,3,2,106240,3,4,12375
8521,5,5,2019,3.6,4,2,205452,3,3,9290
8522,7,21,2000,4.8,4,1,19096,4,5,10018
8523,1,3,2018,4.4,3,2,145623,4,1,11987
8524,7,27,2012,1.7,1,2,215694,2,5,5086
8525,2,1,2003,4.6,2,2,163353,2,5,8332
8526,10,18,2016,3.9,3,3,18025,5,5,13439
8527,1,3,2017,2.5,2,3,210605,5,2,9487
8528,3,19,2007,3.7,4,2,87940,4,3,8141
8529,1,23,2017,3.0,1,1,61090,4,5,12478
8530,5,9,2015,2.2,1,2,36391,2,4,10072
8531,5,5,2020,3.3,4,1,207584,2,2,10748
8532,4,16,2023,3.7,2,2,27676,2,3,16146
8533,8,6,2016,1.1,3,3,62254,5,5,9754
8534,6,29,2015,4.3,2,2,239633,3,5,10107
8535,9,24,2000,4.4,2,2,83650,4,3,8827
8536,10,28,2000,3.5,3,2,68081,5,1,7238
8537,3,20,2020,2.3,1,2,216925,4,2,8061
8538,3,13,2023,2.9,3,2,70186,5,3,13496
8539,5,5,2001,3.4,1,1,173293,2,5,5834
8540,6,12,2005,1.8,1,2,171240,5,4,3975
8541,9,8,2002,2.6,4,2,45687,2,4,6386
8542,8,17,2018,4.4,2,1,91226,3,4,15575
8543,1,3,2014,3.5,3,1,92476,4,4,12450
8544,2,2,2018,4.3,1,2,255802,2,5,8683
8545,2,2,2003,5.0,2,3,151430,5,4,8971
8546,5,7,2013,3.9,2,2,223151,5,4,9436
8547,3,13,2012,2.9,4,2,45211,4,1,9695
8548,2,30,2011,2.6,4,3,243572,5,1,5128
8549,6,29,2011,3.3,3,2,135585,3,3,8988
8550,2,1,2008,2.7,3,1,260076,3,1,6498
8551,7,21,2008,3.9,2,1,172054,4,4,10458
8552,2,2,2004,3.0,2,1,183618,2,5,8127
8553,10,18,2009,2.4,2,2,87845,5,1,9443
8554,10,22,2005,3.2,1,3,235077,2,3,4098
8555,5,9,2013,2.8,1,1,94923,5,2,10401
8556,4,16,2018,3.5,1,3,250184,5,5,7996
8557,10,28,2004,2.2,4,2,34276,5,4,6814
8558,4,15,2019,3.7,2,1,62114,2,4,15757
8559,6,12,2022,5.0,1,1,135041,2,2,14499
8560,4,14,2023,4.7,3,3,102316,4,1,14653
8561,3,19,2009,2.4,1,2,78039,5,2,7639
8562,7,27,2003,2.1,2,1,93531,5,5,8729
8563,1,23,2003,4.0,1,2,132213,5,5,6355
8564,5,5,2022,3.4,1,3,166527,4,1,10769
8565,6,29,2001,5.0,4,1,160877,5,1,7682
8566,2,2,2018,3.0,2,1,261639,3,1,10767
8567,7,21,2003,4.6,4,1,47168,4,2,10156
8568,4,15,2000,3.2,1,2,195410,4,1,3391
8569,3,19,2015,2.7,4,3,93537,2,2,9429
8570,4,16,2007,4.9,4,2,18861,2,4,10722
8571,3,20,2001,2.9,2,3,57004,5,1,8159
8572,5,5,2006,2.5,3,2,122245,5,2,6955
8573,1,4,2022,4.6,2,2,159544,5,2,14109
8574,7,27,2017,2.7,2,3,254486,5,5,8810
8575,9,8,2014,1.4,1,3,295680,5,3,3786
8576,3,19,2006,4.3,4,3,3923,5,4,10121
8577,10,28,2005,1.1,3,3,95418,4,5,5791
8578,7,21,2023,3.5,4,1,65179,5,3,14696
8579,2,2,2011,4.2,1,2,20334,2,1,11193
8580,9,10,2005,3.7,3,2,53501,2,5,9229
8581,8,11,2010,2.9,4,3,272714,3,3,4545
8582,7,25,2010,4.2,2,1,177834,2,1,11243
8583,6,29,2009,1.2,2,3,154527,5,4,6909
8584,4,14,2015,3.8,4,2,77869,4,1,10842
8585,2,30,2009,1.4,2,2,164195,4,4,6916
8586,3,20,2020,2.6,1,2,240811,4,1,7883
8587,6,29,2016,4.8,2,1,42962,2,2,16340
8588,1,3,2015,1.2,3,2,28441,3,5,10231
8589,4,14,2013,2.1,3,2,223480,5,5,6630
8590,1,23,2019,2.9,2,1,39310,3,1,15413
8591,4,15,2020,2.3,3,2,148290,5,2,10434
8592,6,12,2018,4.2,2,2,86529,3,5,13969
8593,3,19,2008,3.0,1,2,63631,5,5,8227
8594,10,28,2012,4.1,2,2,4081,2,2,13718
8595,3,13,2015,2.7,1,3,278961,2,4,5720
8596,2,2,2003,1.3,1,3,175570,5,1,2788
8597,3,20,2019,3.7,1,3,285346,5,2,7793
8598,1,23,2003,4.1,3,1,58845,2,3,10423
8599,10,18,2023,4.0,3,3,239018,5,2,11219
8600,3,19,2009,1.8,4,1,150497,3,4,7090
8601,9,8,2019,2.9,1,3,64568,5,4,11408
8602,5,7,2011,4.8,4,1,120113,3,3,11297
8603,10,28,2019,2.5,4,2,230727,3,1,7685
8604,7,27,2020,1.7,4,1,187468,3,4,9550
8605,3,20,2004,1.4,2,2,114096,2,3,6418
8606,10,22,2016,4.8,1,3,188728,4,1,9925
8607,2,1,2015,4.5,2,2,140987,2,4,12280
8608,8,17,2007,3.3,4,3,284495,2,5,3810
8609,8,6,2007,2.6,3,2,251628,4,1,4767
8610,8,11,2009,1.3,4,2,277187,2,4,2556
8611,3,19,2001,5.0,3,3,240286,3,5,5594
8612,8,17,2007,1.6,3,2,60036,3,4,7599
8613,3,13,2006,4.7,2,2,49929,3,2,11601
8614,10,28,2015,3.5,1,2,164046,5,4,8819
8615,3,19,2008,1.4,3,3,151880,3,1,5862
8616,9,24,2002,3.6,2,1,257390,5,5,6652
8617,5,7,2009,3.6,2,1,9934,4,2,13701
8618,6,12,2000,2.8,1,1,46165,5,1,7476
8619,5,5,2011,4.0,2,2,279343,3,1,7813
8620,9,10,2019,3.9,2,3,201968,2,4,11660
8621,9,10,2018,3.4,3,3,226640,2,2,9367
8622,1,4,2001,2.1,3,3,29526,2,2,6909
8623,2,30,2023,4.2,3,1,182399,4,1,14052
8624,6,29,2000,3.4,3,3,50291,2,5,7494
8625,7,21,2012,4.8,3,1,45936,5,5,14081
8626,5,5,2002,4.6,4,1,164258,5,1,7514
8627,5,5,2001,1.5,4,3,231314,5,1,2000
8628,9,24,2007,3.5,1,1,149723,5,1,8205
8629,1,3,2005,1.7,4,2,146254,2,3,4374
8630,5,9,2011,1.2,1,2,254945,2,5,3501
8631,3,13,2020,3.9,4,2,196173,2,5,10076
8632,9,24,2016,4.4,4,2,183605,2,1,9627
8633,5,5,2019,4.5,2,2,93409,2,1,14431
8634,5,5,2014,3.0,4,1,263720,3,3,7525
8635,4,16,2006,3.9,4,2,282190,4,3,4156
8636,3,20,2019,3.9,3,3,84580,4,1,13008
8637,1,4,2006,3.1,3,1,5762,5,4,11384
8638,5,7,2015,2.9,4,3,215757,4,2,7184
8639,1,4,2015,3.3,2,1,237333,2,3,10653
8640,8,11,2021,3.5,2,3,142515,5,2,13049
8641,1,4,2010,1.9,3,2,122590,2,3,7548
8642,1,4,2008,2.7,1,3,22414,5,4,8751
8643,6,26,2011,1.9,3,1,223344,2,5,7333
8644,2,2,2007,3.5,3,3,67972,2,1,9340
8645,8,17,2002,2.1,2,2,248997,5,2,3820
8646,4,15,2010,4.9,2,1,156099,2,1,12378
8647,3,19,2003,4.2,4,1,178369,3,5,7132
8648,3,19,2011,2.1,4,3,226259,2,2,4974
8649,1,3,2002,4.5,4,3,252583,3,4,4148
8650,8,17,2001,3.6,3,3,8832,4,2,8823
8651,10,22,2014,1.4,3,2,238001,2,5,5939
8652,5,7,2009,4.9,1,1,266435,2,3,7871
8653,9,8,2007,3.0,3,2,126631,3,5,7667
8654,1,23,2005,2.3,3,2,133166,2,5,6236
8655,9,8,2008,1.1,2,1,30173,3,1,10496
8656,9,24,2001,3.7,2,3,32783,5,5,9444
8657,4,15,2010,2.9,3,3,93513,5,3,9129
8658,6,12,2011,3.3,4,2,32035,2,4,10059
8659,5,7,2013,3.7,2,2,162563,3,3,10448
8660,8,17,2008,3.7,1,3,59372,2,1,9012
8661,2,30,2019,2.7,2,2,39275,3,4,13714
8662,8,11,2007,4.5,2,2,198340,3,5,8733
8663,2,2,2019,3.0,2,2,293175,4,1,8936
8664,3,13,2018,1.8,2,1,206717,3,5,10665
8665,6,26,2011,2.4,2,3,291467,3,1,5970
8666,5,9,2012,1.8,3,2,155798,2,5,7384
8667,9,8,2002,2.0,1,1,188190,5,1,4436
8668,7,25,2003,4.7,1,2,114556,5,3,7408
8669,1,3,2005,2.9,4,1,276720,3,3,4465
8670,10,28,2014,1.2,3,2,32008,2,5,9859
8671,9,10,2010,3.2,3,3,3706,4,2,11225
8672,1,23,2014,3.4,1,3,180091,2,3,8098
8673,2,2,2021,2.2,2,3,2578,5,4,14548
8674,7,27,2003,3.5,4,2,265053,5,2,3198
8675,8,6,2020,3.5,4,1,23933,3,3,14621
8676,1,3,2005,4.8,4,2,133567,5,2,7728
8677,9,24,2009,2.4,4,2,131952,3,3,6560
8678,5,5,2020,1.2,1,2,293337,4,2,5433
8679,3,13,2021,2.8,3,3,252473,5,5,9150
8680,6,12,2018,1.7,3,2,168094,5,5,8838
8681,7,25,2006,3.6,3,3,42204,3,5,9655
8682,2,30,2004,1.0,3,3,71056,3,5,5878
8683,6,26,2000,2.5,1,1,52610,2,4,7047
8684,3,20,2014,2.0,1,3,200270,3,3,6294
8685,5,7,2017,1.5,4,2,53326,4,1,9633
8686,9,10,2018,2.0,1,2,111958,5,2,9260
8687,2,2,2018,2.2,4,3,279897,2,5,6102
8688,1,4,2016,1.0,2,3,53839,2,1,10823
8689,10,18,2017,3.7,1,3,298624,3,2,6927
8690,1,4,2002,2.9,1,3,194395,2,4,3712
8691,10,18,2011,4.2,2,1,290139,2,2,9297
8692,9,24,2021,3.8,2,2,225281,3,1,11694
8693,5,7,2010,3.5,1,2,56557,4,4,9468
8694,7,27,2005,1.6,4,1,175506,5,5,5189
8695,6,29,2018,2.8,2,2,288472,4,5,8530
8696,1,3,2007,1.1,1,3,75883,3,5,5782
8697,8,6,2008,4.5,1,1,89078,3,5,10718
8698,7,27,2010,4.8,1,1,255573,4,3,8288
8699,5,9,2004,4.8,3,2,42624,2,2,10247
8700,7,25,2019,1.3,4,2,190109,4,3,7297
8701,7,21,2002,1.5,1,3,45968,3,1,5280
8702,7,27,2009,3.2,3,2,74477,2,3,9510
8703,1,3,2002,1.0,1,3,229693,3,1,2000
8704,2,2,2014,1.1,1,2,219921,2,2,5001
8705,3,13,2012,2.3,2,3,195479,2,4,8090
8706,3,13,2019,4.0,2,1,12292,5,4,17054
8707,2,30,2003,4.1,2,2,195476,3,3,7190
8708,1,3,2019,3.1,1,1,155039,5,1,11299
8709,2,30,2016,4.0,3,1,106356,5,2,13272
8710,7,27,2004,4.9,2,2,179026,4,1,8619
8711,5,7,2013,3.1,2,1,174132,4,3,11117
8712,7,21,2015,1.8,3,1,158589,5,4,9728
8713,7,25,2015,1.6,1,3,139098,2,3,7418
8714,8,6,2000,2.7,2,3,68230,2,5,7435
8715,10,22,2019,1.8,1,2,116866,2,3,9262
8716,10,18,2003,3.3,1,3,194727,4,3,4405
8717,3,13,2018,4.7,1,1,6212,4,3,15575
8718,10,22,2020,3.3,1,1,262079,5,1,9658
8719,10,28,2017,1.4,2,1,81604,2,2,12467
8720,1,3,2020,3.0,3,2,295890,5,3,8182
8721,8,11,2023,2.4,2,2,278847,2,2,9823
8722,4,16,2001,4.7,2,1,106379,2,5,10472
8723,5,5,2021,4.5,3,2,30072,2,4,15298
8724,5,5,2014,3.4,3,1,276760,3,4,8664
8725,1,23,2004,4.6,2,3,86804,2,1,10163
8726,1,4,2010,2.1,3,1,70950,3,1,10281
8727,5,5,2019,1.1,3,3,142212,4,4,9055
8728,6,29,2005,2.7,1,1,40890,3,4,8982
8729,2,30,2019,1.5,2,3,277287,4,2,7754
8730,8,17,2015,3.8,3,1,71836,3,1,13463
8731,10,22,2021,4.1,1,3,227784,4,3,9944
8732,8,6,2013,1.6,4,3,177460,4,2,6050
8733,2,2,2008,3.8,3,3,224616,4,4,6807
8734,4,14,2006,2.1,3,3,224412,3,5,4511
8735,7,27,2007,1.5,3,2,42352,3,5,7852
8736,6,12,2019,2.3,3,2,213388,3,4,8832
8737,9,8,2023,3.2,4,3,102888,4,1,12142
8738,1,3,2008,2.6,3,3,246550,5,1,5169
8739,2,30,2003,4.6,4,2,82919,4,5,7941
8740,8,11,2007,4.4,1,2,274551,3,1,5108
8741,3,20,2020,4.8,2,1,294021,5,4,12519
8742,4,14,2023,4.1,4,3,95173,4,1,13196
8743,6,12,2023,3.1,2,1,55386,3,2,16492
8744,3,13,2007,2.8,2,3,239827,4,4,6203
8745,6,26,2012,1.2,2,2,141631,3,4,8067
8746,6,26,2021,4.0,1,2,105522,5,5,12289
8747,2,2,2020,3.4,4,2,29249,2,4,12915
8748,2,30,2001,3.2,2,3,189265,2,4,5814
8749,7,21,2017,4.7,1,2,197920,5,4,9941
8750,9,10,2002,1.7,2,1,147344,4,2,6953
8751,8,17,2007,4.6,2,3,274384,5,2,7312
8752,3,19,2008,2.8,3,2,295215,5,5,4395
8753,10,22,2007,3.8,4,2,231294,3,5,5374
8754,2,1,2013,2.3,4,1,146308,3,1,8873
8755,10,28,2015,1.4,2,1,92367,3,3,11652
8756,3,20,2020,3.6,3,2,243884,4,2,9822
8757,4,16,2011,4.2,4,3,96854,3,1,9662
8758,1,4,2015,3.5,3,1,12065,2,5,14358
8759,9,10,2007,1.1,4,2,165212,3,5,3995
8760,2,30,2004,1.5,1,1,204079,3,1,4218
8761,10,18,2017,2.2,3,3,160275,2,2,9194
8762,7,21,2012,4.8,1,2,293687,5,2,6626
8763,4,15,2018,2.4,3,1,117840,5,3,12043
8764,1,23,2001,3.7,3,3,287848,4,2,3343
8765,1,3,2022,1.1,3,3,240385,2,3,7992
8766,7,25,2000,1.6,1,1,54032,3,1,6119
8767,6,29,2014,4.5,4,3,252087,4,4,7758
8768,9,10,2012,3.7,1,3,235589,5,1,6688
8769,1,3,2018,4.5,1,1,258956,4,1,10320
8770,8,11,2006,4.1,1,3,117834,4,4,7643
8771,10,18,2021,3.4,2,1,201580,5,2,13268
8772,9,8,2009,1.3,4,3,28894,3,5,7522
8773,4,16,2014,3.5,1,2,156276,3,1,8674
8774,7,25,2019,2.8,2,3,240312,5,3,9793
8775,9,8,2017,2.9,2,3,152699,4,5,11046
8776,2,30,2023,3.0,2,3,130341,5,3,13393
8777,3,20,2020,3.9,3,1,210269,2,5,12294
8778,8,17,2005,2.0,2,2,267576,3,4,4248
8779,6,12,2018,2.4,3,1,82051,3,4,12758
8780,6,26,2011,1.0,1,2,67463,4,3,7050
8781,8,17,2010,1.7,2,2,162706,3,2,7545
8782,4,16,2022,1.7,3,1,211683,3,3,10666
8783,5,5,2009,2.0,4,1,119916,4,4,7901
8784,3,19,2011,2.9,2,3,232148,3,1,7657
8785,8,11,2010,2.3,2,2,295293,2,4,5494
8786,9,24,2013,4.0,4,1,24472,3,1,13010
8787,3,19,2006,4.4,3,3,179721,2,5,7705
8788,1,4,2010,1.1,4,3,12009,5,5,7959
8789,3,20,2023,1.4,3,1,1485,2,1,14870
8790,10,22,2011,3.1,3,1,273272,2,5,7534
8791,3,13,2007,2.5,1,1,297626,3,4,4247
8792,5,9,2012,3.3,4,1,241815,5,1,7663
8793,2,30,2007,4.1,3,3,89590,4,1,9508
8794,8,17,2009,2.7,3,3,14292,5,1,10214
8795,8,6,2022,4.3,1,1,148159,2,5,13536
8796,4,16,2017,3.8,2,1,255900,5,3,11382
8797,3,13,2002,1.1,1,3,185040,2,2,2099
8798,6,26,2020,2.7,2,2,11279,4,2,14574
8799,2,2,2002,1.3,2,2,139052,3,2,5218
8800,8,6,2019,4.2,4,2,111314,3,3,11773
8801,3,20,2009,4.6,1,1,85164,5,5,11196
8802,3,20,2015,3.9,1,1,8531,4,2,13829
8803,5,5,2015,4.6,1,2,241408,5,3,8371
8804,3,20,2010,4.2,2,2,172422,4,4,9851
8805,8,17,2005,4.1,4,3,270536,4,1,4289
8806,7,21,2015,2.7,4,1,235899,4,1,8082
8807,9,8,2014,2.8,3,2,191319,5,3,8273
8808,8,11,2000,4.6,4,2,71762,2,2,7264
8809,3,20,2016,3.1,4,3,15793,2,3,11684
8810,1,4,2008,1.3,3,2,266370,2,2,3472
8811,1,3,2010,3.3,4,2,84742,4,5,8705
8812,2,1,2004,2.2,4,3,14005,2,3,7219
8813,5,9,2016,1.3,3,1,27783,4,5,12144
8814,6,12,2022,2.6,3,1,144653,3,5,12906
8815,6,29,2010,4.1,2,1,6807,2,2,14563
8816,5,7,2014,1.7,2,1,75940,4,1,11981
8817,5,7,2000,1.1,1,3,71954,4,3,3760
8818,8,6,2003,3.3,4,2,197832,5,2,4343
8819,7,21,2006,4.3,3,2,102842,4,3,9143
8820,7,27,2010,2.0,2,2,228275,4,3,6534
8821,3,19,2005,4.7,2,2,214270,5,5,8014
8822,8,11,2002,2.6,4,2,24516,2,3,6809
8823,2,2,2023,2.6,4,3,220504,3,4,9189
8824,6,26,2021,2.6,1,1,154314,3,2,11413
8825,6,26,2001,3.6,1,2,80160,2,3,6396
8826,3,20,2006,4.8,4,2,252463,4,5,5650
8827,9,24,2015,3.2,3,3,6543,5,2,12669
8828,2,2,2020,2.3,1,2,297675,4,5,6446
8829,10,28,2023,3.0,2,2,264338,5,2,10713
8830,9,24,2020,4.4,2,2,128014,5,2,13939
8831,7,25,2007,3.2,3,2,204192,3,2,6316
8832,5,9,2006,3.0,2,3,164498,3,5,7610
8833,2,30,2004,1.4,4,3,66995,4,1,5360
8834,1,4,2018,4.3,3,3,122908,5,3,12341
8835,5,5,2007,4.5,1,3,28181,5,4,10136
8836,7,25,2004,2.4,1,3,193641,3,5,3827
8837,3,19,2004,2.0,2,3,235173,5,4,4596
8838,7,25,2000,4.8,3,2,265701,4,2,4585
8839,6,26,2023,3.4,3,3,59862,4,1,14202
8840,2,2,2016,3.0,3,1,95043,5,3,12499
8841,5,7,2001,4.7,4,1,146954,2,1,7660
8842,10,18,2001,1.5,1,1,10442,4,1,7191
8843,9,24,2022,3.6,2,1,183530,2,5,14129
8844,6,12,2020,2.8,3,3,172103,4,2,10457
8845,6,29,2017,1.7,3,3,195051,3,4,7998
8846,9,24,2022,3.3,3,1,111574,5,1,14268
8847,4,15,2013,4.4,2,3,77846,5,2,12843
8848,4,14,2020,3.2,1,3,190065,5,4,9498
8849,10,28,2021,4.1,4,3,229919,2,3,9901
8850,9,8,2011,2.5,4,1,116936,3,1,9061
8851,6,29,2003,4.7,4,3,211589,5,5,5468
8852,3,19,2015,1.1,3,1,46064,5,4,11278
8853,6,26,2004,2.8,3,1,23803,5,3,10123
8854,10,18,2009,3.8,3,2,288635,4,2,5827
8855,9,8,2016,1.8,1,1,23232,2,5,11735
8856,8,11,2010,3.0,2,3,145664,3,4,9186
8857,5,9,2019,3.5,2,1,196409,5,1,12871
8858,7,27,2003,5.0,1,3,141843,3,1,7163
8859,5,5,2009,4.7,3,3,260872,5,5,7282
8860,5,5,2016,3.2,1,2,50916,2,3,11081
8861,4,14,2014,2.1,2,3,47923,3,5,11441
8862,6,12,2023,2.1,3,2,89918,3,1,12301
8863,6,12,2008,2.8,4,2,166274,4,5,5974
8864,2,30,2008,3.8,2,3,164284,3,4,9014
8865,3,20,2007,1.3,2,3,100696,5,1,7486
8866,8,6,2002,2.4,2,3,271316,3,2,3673
8867,10,28,2000,2.8,2,2,168674,5,2,5526
8868,2,1,2021,2.3,1,3,228466,4,1,8130
8869,7,27,2021,3.7,2,1,173864,5,5,14122
8870,10,18,2014,2.4,2,1,192340,2,3,10353
8871,4,16,2014,1.6,4,3,142610,5,4,7047
8872,1,4,2005,3.3,3,1,427,4,1,11391
8873,8,11,2011,3.5,4,3,190224,4,5,7095
8874,3,19,2017,4.8,3,1,173000,2,1,13040
8875,8,11,2007,3.7,2,3,119462,2,3,9510
8876,7,25,2001,4.6,3,3,228167,2,4,5436
8877,1,23,2013,1.3,2,2,32308,3,1,10653
8878,1,4,2003,2.2,4,1,299227,3,5,2715
8879,2,30,2007,3.9,2,2,259103,4,5,6917
8880,10,18,2016,4.5,2,3,248821,3,2,10423
8881,2,1,2006,3.7,4,2,41070,3,2,8778
8882,7,25,2005,3.6,2,1,137857,2,5,9942
8883,9,24,2002,2.6,3,3,30901,3,5,7681
8884,7,21,2000,1.5,2,1,258915,3,3,3921
8885,4,14,2007,2.0,3,3,41481,2,5,8370
8886,8,11,2022,3.6,1,1,198362,5,5,11832
8887,3,20,2016,4.0,3,1,110946,5,4,13181
8888,3,20,2022,1.6,2,1,194358,4,1,11912
8889,2,30,2010,1.8,4,1,38947,4,4,9621
8890,1,4,2015,4.3,4,3,21986,4,1,12460
8891,9,10,2001,2.4,2,2,153623,5,5,5727
8892,2,2,2004,2.9,4,1,215282,4,3,5394
8893,6,12,2015,4.6,1,1,172957,2,5,11240
8894,9,8,2021,3.3,4,1,172897,3,3,11742
8895,2,2,2001,3.8,3,2,188485,2,5,5430
8896,2,2,2007,3.4,4,3,271277,2,1,4174
8897,9,10,2010,3.8,2,3,84379,4,4,11212
8898,4,16,2002,4.3,3,2,171943,5,3,6561
8899,3,13,2015,2.3,2,2,186446,2,1,9171
8900,1,4,2016,3.1,3,1,171454,3,3,11070
8901,5,5,2014,1.9,3,1,63052,3,1,11438
8902,10,22,2017,3.7,3,1,280427,3,1,9791
8903,8,11,2005,2.6,3,3,169337,3,5,5813
8904,7,21,2002,2.6,2,2,103919,2,3,7221
8905,9,24,2007,2.1,3,2,271466,5,1,3870
8906,3,13,2012,3.2,1,1,167296,3,1,9054
8907,6,12,2006,1.1,1,1,286944,4,4,2761
8908,10,22,2007,4.2,3,1,27307,3,5,12353
8909,10,22,2009,3.3,4,2,72733,2,3,8645
8910,8,11,2015,4.8,2,1,148686,4,1,13926
8911,5,5,2015,1.6,4,3,166446,3,1,6871
8912,7,27,2015,4.6,2,3,275056,5,3,9698
8913,9,10,2016,4.2,4,3,297649,3,5,7147
8914,2,1,2005,3.5,4,1,126275,3,2,8074
8915,9,24,2012,3.8,4,3,261912,5,5,6261
8916,3,19,2012,1.5,3,3,67196,3,2,8856
8917,1,23,2001,5.0,4,2,214136,4,4,5117
8918,6,26,2016,2.1,1,2,80179,4,2,9396
8919,7,27,2006,3.6,3,3,59893,5,1,9302
8920,9,24,2004,1.3,2,1,106431,5,3,7971
8921,7,25,2017,2.1,1,2,277622,3,1,5747
8922,1,4,2015,4.4,4,2,290012,2,2,7199
8923,5,5,2002,1.1,4,2,164737,5,3,2505
8924,8,11,2002,1.2,1,1,104621,5,4,5307
8925,1,3,2013,3.7,4,2,18182,3,3,11336
8926,8,17,2000,3.3,1,3,156246,3,5,4275
8927,9,24,2016,4.3,2,1,170227,4,1,13295
8928,1,23,2016,4.1,1,1,249475,2,5,9510
8929,2,2,2011,4.5,4,1,188240,5,3,9635
8930,1,23,2011,1.9,2,1,73858,3,3,11322
8931,9,24,2014,4.3,1,3,34617,2,4,11907
8932,2,1,2016,1.5,2,2,108570,2,2,10228
8933,9,8,2012,4.4,1,3,63389,5,2,10832
8934,5,5,2001,3.9,2,1,283111,4,1,6137
8935,4,15,2006,4.4,4,1,250389,2,5,6792
8936,2,1,2010,3.3,2,2,561,5,4,12388
8937,9,8,2019,4.2,4,1,113614,3,5,13227
8938,7,27,2001,2.8,2,1,284655,5,1,5006
8939,8,6,2006,4.8,1,1,236495,3,1,7470
8940,2,1,2000,5.0,2,3,232886,3,3,6442
8941,8,6,2008,3.4,2,3,204692,4,3,7806
8942,4,14,2021,4.2,1,1,282353,5,4,10452
8943,9,8,2018,2.4,2,1,135238,2,2,12695
8944,5,7,2002,2.1,2,1,87629,5,1,8547
8945,2,30,2001,4.6,3,2,126853,5,2,7462
8946,6,26,2017,1.9,3,1,67747,2,2,12245
8947,9,24,2005,2.4,3,2,247532,3,3,4049
8948,3,19,2015,4.0,2,3,207715,2,1,10445
8949,9,24,2019,2.8,4,3,142254,3,4,9754
8950,2,2,2017,3.2,1,1,271941,3,2,8461
8951,7,21,2012,1.1,4,1,197244,5,5,6355
8952,7,27,2020,1.1,2,1,213443,5,4,10431
8953,7,27,2003,2.2,4,2,288186,2,1,2000
8954,3,13,2019,2.4,2,1,245509,2,3,10789
8955,4,14,2004,1.9,4,3,218934,4,3,2821
8956,1,3,2022,3.0,1,2,265987,5,5,8380
8957,8,6,2020,4.1,2,3,263829,4,1,10923
8958,1,4,2003,1.8,1,3,94374,5,3,4912
8959,8,17,2007,1.1,3,3,254560,4,2,3208
8960,1,4,2007,3.8,3,2,209796,5,2,6804
8961,7,25,2003,1.0,4,3,221435,2,3,2000
8962,2,1,2004,2.7,1,1,168782,5,4,6124
8963,5,9,2002,1.3,2,3,268071,3,1,2638
8964,9,10,2007,1.7,2,2,194896,3,1,6002
8965,4,15,2006,4.3,2,3,3768,2,4,12124
8966,10,22,2016,1.3,2,3,198996,2,2,8220
8967,1,23,2017,1.1,2,3,21203,2,4,11875
8968,7,25,2001,3.0,3,3,235767,5,4,3684
8969,10,18,2003,3.1,1,1,247238,3,5,4655
8970,10,18,2022,3.9,2,2,61450,4,2,15371
8971,10,18,2015,4.7,2,2,260973,5,5,10080
8972,6,29,2018,1.3,1,1,38487,5,1,11530
8973,9,10,2015,2.1,2,2,267695,5,4,7346
8974,4,14,2006,1.2,3,1,126309,2,5,7073
8975,7,25,2001,3.9,3,2,168949,2,2,5921
8976,4,15,2000,3.2,4,3,248335,2,3,2333
8977,4,16,2000,2.4,3,1,60894,2,3,7782
8978,9,8,2023,2.7,1,3,283868,4,2,8022
8979,10,28,2022,3.0,1,1,113682,4,1,12926
8980,10,18,2016,2.4,3,2,115408,4,5,9991
8981,9,10,2002,4.1,3,1,102787,3,2,9244
8982,2,30,2018,2.8,3,3,115288,5,1,10994
8983,5,7,2019,1.7,4,1,22677,5,1,12546
8984,10,18,2011,2.4,2,1,30202,4,2,12695
8985,9,8,2020,1.7,2,1,39049,4,3,14519
8986,1,23,2002,4.5,3,1,132635,4,5,9047
8987,2,2,2013,4.9,4,2,148705,4,4,9925
8988,2,1,2000,3.3,1,3,188844,5,3,3623
8989,10,18,2016,2.4,2,3,42059,5,5,12458
8990,6,12,2012,3.5,3,1,106479,2,4,11570
8991,2,2,2011,4.3,4,2,7915,2,2,11541
8992,5,5,2007,2.5,1,1,211916,2,5,5961
8993,8,17,2001,2.3,2,1,201173,3,5,6176
8994,7,21,2015,1.4,4,2,167521,5,3,6649
8995,9,8,2011,2.0,2,3,76782,5,1,9864
8996,6,29,2012,1.9,4,2,58475,4,1,8430
8997,4,16,2007,4.4,4,3,190302,4,1,6793
8998,4,14,2015,2.5,4,3,141037,2,2,8279
8999,4,16,2008,3.7,3,2,155423,5,2,8091
9000,8,17,2009,3.8,2,1,188809,4,5,10323
9001,10,22,2017,4.7,4,3,56768,2,5,12764
9002,3,19,2016,3.3,3,3,291063,2,5,7378
9003,3,20,2022,3.7,2,1,169151,5,3,14516
9004,6,12,2000,4.9,4,2,201255,5,3,4974
9005,1,23,2012,2.3,1,2,95865,2,3,8082
9006,2,1,2011,3.9,2,2,49207,3,5,12315
9007,2,1,2012,3.4,4,3,174965,5,3,7600
9008,9,8,2019,4.7,3,1,253785,5,4,11924
9009,2,2,2001,4.8,2,3,294363,5,5,5312
9010,5,5,2021,4.2,4,1,68962,3,3,14720
9011,5,7,2000,3.2,2,1,281735,3,3,5165
9012,4,15,2000,4.0,1,2,39659,3,5,7306
9013,6,26,2018,1.2,1,3,17147,5,3,10357
9014,3,13,2017,2.5,2,3,233090,5,2,9038
9015,7,27,2012,3.1,1,1,15738,5,4,11985
9016,4,16,2000,4.6,4,1,66018,5,2,8879
9017,3,20,2017,1.8,4,2,102659,5,1,8946
9018,5,9,2005,3.1,4,3,195296,5,3,4794
9019,10,22,2013,3.4,1,1,73688,5,3,11426
9020,3,13,2013,1.9,2,2,59826,5,5,10703
9021,4,16,2023,3.3,1,2,258969,5,1,9120
9022,10,22,2021,3.9,4,2,284852,5,5,8602
9023,4,14,2020,4.9,1,3,274959,4,2,9500
9024,6,26,2003,4.3,2,2,154422,2,4,8211
9025,8,6,2019,1.1,3,2,261205,4,4,6675
9026,6,12,2002,4.0,4,1,85143,2,1,8497
9027,4,16,2015,1.5,3,3,293123,3,2,5237
9028,3,20,2019,1.2,3,1,217110,4,1,9157
9029,10,22,2003,1.7,4,3,160459,3,1,3490
9030,8,6,2003,3.7,3,1,91315,5,5,9373
9031,2,30,2003,4.2,2,2,214401,2,1,6911
9032,7,27,2020,1.7,2,1,126451,4,1,12770
9033,3,19,2006,1.2,1,2,148497,3,1,4130
9034,4,15,2009,3.6,1,2,230976,5,3,5780
9035,10,18,2007,4.9,4,3,23679,3,3,10626
9036,10,22,2008,2.6,1,3,159839,4,2,5903
9037,4,14,2000,1.6,4,2,13049,2,5,5439
9038,7,25,2003,2.6,3,1,51216,5,1,9075
9039,6,29,2005,1.3,2,3,178582,4,4,5328
9040,9,10,2010,4.3,1,2,198106,2,2,7437
9041,4,16,2002,1.2,2,1,210422,5,3,5191
9042,7,27,2009,2.5,1,2,185978,5,2,5580
9043,1,3,2006,1.9,1,3,80059,4,4,6198
9044,4,15,2009,1.9,3,2,277783,5,4,4144
9045,8,17,2006,2.2,4,1,231035,3,4,4979
9046,8,6,2019,4.5,2,1,87765,4,5,16044
9047,3,19,2002,2.9,3,1,272265,5,1,4654
9048,5,7,2000,3.0,3,1,125096,3,4,7098
9049,3,20,2006,3.1,3,2,185491,2,4,6290
9050,1,23,2007,1.6,2,1,134078,4,4,8618
9051,10,22,2017,4.5,2,3,276657,4,1,10166
9052,7,25,2001,3.3,4,1,37508,5,5,8449
9053,10,22,2010,3.4,1,2,49938,3,3,9501
9054,6,26,2005,1.7,2,2,272765,3,2,3844
9055,10,28,2017,4.9,3,2,241010,4,2,10279
9056,2,2,2009,1.7,4,3,200595,3,4,4488
9057,1,4,2001,2.0,4,2,86771,2,3,4664
9058,4,16,2004,3.9,2,2,173016,3,3,7739
9059,8,11,2015,1.5,3,3,81145,3,5,9477
9060,1,4,2006,2.5,1,3,177790,4,2,4844
9061,6,12,2003,2.8,1,1,150338,4,4,6293
9062,3,13,2023,1.3,2,2,76764,4,3,12764
9063,7,25,2006,2.8,2,2,134987,5,5,8000
9064,8,11,2011,1.5,3,3,171581,4,2,6468
9065,10,18,2023,4.4,2,1,136725,4,3,16165
9066,2,30,2002,1.5,1,3,259173,3,5,2000
9067,10,28,2013,3.4,3,2,282791,3,2,6744
9068,8,17,2018,2.2,3,1,188996,3,4,10420
9069,7,21,2002,4.8,4,1,55077,2,2,9898
9070,10,28,2002,3.4,1,1,227745,3,4,5045
9071,4,15,2010,1.6,1,1,223850,2,3,5723
9072,9,8,2007,3.3,2,2,252382,5,2,6452
9073,6,12,2021,1.4,4,3,101078,5,3,9778
9074,1,23,2021,2.6,4,1,243061,5,2,9638
9075,2,1,2017,1.7,1,3,65698,5,2,9586
9076,3,20,2013,2.7,3,3,237927,2,5,6941
9077,9,8,2000,3.0,1,1,3415,2,2,8531
9078,8,11,2022,3.9,4,3,144875,3,2,11702
9079,3,20,2017,1.2,3,3,145755,2,2,8484
9080,1,23,2008,4.4,3,1,140200,2,5,10596
9081,9,10,2014,2.7,4,1,221240,3,3,8075
9082,8,11,2001,4.9,4,3,187747,3,5,5545
9083,7,21,2003,3.1,3,2,31090,5,4,8478
9084,2,2,2012,1.5,2,1,209765,4,2,8504
9085,8,6,2010,2.7,2,2,243424,3,5,6931
9086,3,20,2011,4.4,1,2,299696,3,5,5806
9087,1,23,2005,1.5,2,3,236909,5,5,4361
9088,8,11,2010,2.1,1,1,284806,3,3,5003
9089,8,6,2006,4.5,3,1,135379,3,2,10192
9090,4,15,2011,4.6,3,1,53106,3,5,13437
9091,1,3,2005,3.1,1,2,134428,4,1,6011
9092,2,30,2007,4.2,3,2,112541,5,5,9149
9093,4,14,2008,3.3,3,1,284711,3,5,6605
9094,2,2,2023,3.5,4,1,282240,5,1,10355
9095,1,23,2006,3.8,2,1,69519,5,4,11809
9096,4,14,2005,3.5,3,3,101496,2,5,8070
9097,7,27,2007,2.0,4,2,259084,4,5,3018
9098,1,4,2012,1.6,3,3,151695,4,3,7266
9099,2,30,2014,3.0,3,1,253364,2,1,8732
9100,4,16,2021,1.1,4,2,6376,2,3,11372
9101,2,1,2006,4.4,3,3,256129,5,1,6177
9102,5,7,2005,1.2,1,3,106837,2,1,4663
9103,2,1,2003,3.3,2,2,124893,2,1,7802
9104,2,1,2003,2.2,3,3,271820,3,3,2763
9105,2,1,2005,3.2,4,3,42332,4,4,7953
9106,3,20,2009,3.0,3,2,267729,3,3,5445
9107,6,29,2008,2.9,2,1,111252,4,5,10674
9108,1,3,2003,2.9,4,1,186608,3,4,5667
9109,6,26,2018,3.5,2,3,221719,4,1,10565
9110,4,14,2005,1.5,3,3,29663,2,5,7506
9111,5,7,2004,4.2,3,1,28219,2,1,11435
9112,7,21,2023,3.3,4,1,16917,5,3,15461
9113,1,23,2022,3.1,3,2,265538,3,4,9489
9114,5,5,2023,1.4,3,1,194356,2,4,11012
9115,6,12,2000,1.3,3,3,14927,3,3,6101
9116,6,12,2020,3.8,4,1,176673,2,4,11866
9117,2,2,2007,3.1,2,1,197883,3,2,8842
9118,5,5,2001,1.5,2,3,216132,4,3,3577
9119,6,29,2018,1.5,3,1,21672,4,5,13066
9120,1,4,2020,2.1,2,1,78099,2,5,14138
9121,9,10,2022,4.8,1,1,7292,4,3,16854
9122,8,17,2021,1.4,4,1,237379,5,3,8552
9123,1,23,2002,3.7,4,1,63496,4,3,8630
9124,5,9,2017,4.5,1,3,217124,5,5,9357
9125,10,22,2023,2.2,3,2,64724,3,4,12905
9126,2,2,2023,3.6,3,2,8520,4,3,15429
9127,2,1,2018,2.6,4,2,33654,4,3,11426
9128,2,2,2018,1.8,2,1,245660,4,1,9886
9129,2,1,2005,1.9,3,2,230019,5,3,3899
9130,5,5,2016,2.3,2,3,4516,4,1,13109
9131,7,27,2011,4.2,1,2,201362,5,1,7572
9132,6,12,2007,1.4,2,3,172065,5,5,6158
9133,6,29,2023,1.3,3,2,76669,5,2,11766
9134,9,8,2011,3.0,4,2,137795,3,2,7644
9135,5,7,2013,1.3,4,1,264773,5,3,5504
9136,6,12,2011,4.8,1,2,224629,4,5,7707
9137,7,21,2015,4.8,1,1,115616,2,4,12587
9138,5,9,2014,1.3,1,1,58476,4,5,9930
9139,6,26,2005,3.7,2,1,102521,4,1,10749
9140,5,7,2000,3.8,2,2,54833,2,3,8803
9141,8,17,2009,2.9,2,3,270315,2,4,6293
9142,6,26,2008,3.8,4,1,248827,2,4,6823
9143,1,3,2019,1.7,3,1,188824,4,2,10223
9144,9,10,2012,4.0,2,3,289548,4,5,7909
9145,5,9,2005,1.7,1,1,216571,4,5,4468
9146,7,21,2000,2.4,3,1,80928,4,2,7381
9147,9,24,2016,1.8,3,3,7976,2,2,11540
9148,7,21,2009,2.6,2,3,133903,5,4,8721
9149,2,1,2007,3.1,3,1,237559,2,4,7048
9150,7,25,2003,2.2,4,2,294310,3,2,2000
9151,4,16,2019,1.5,4,1,290034,2,1,6999
9152,9,24,2001,4.2,2,2,197760,4,4,6644
9153,1,4,2006,1.5,1,2,64890,3,3,6102
9154,6,29,2012,4.4,2,2,124691,5,5,11606
9155,4,14,2020,1.4,1,2,18226,3,2,11135
9156,6,12,2012,2.4,1,1,140285,4,2,8794
9157,2,30,2021,3.4,1,1,249377,4,1,10312
9158,4,15,2010,2.8,1,2,132553,4,1,7248
9159,2,30,2005,3.6,2,3,99212,3,4,9215
9160,8,6,2003,4.5,2,1,145712,3,2,10085
9161,1,3,2005,3.8,1,2,163598,4,2,6128
9162,3,13,2002,3.2,1,2,95716,5,4,5985
9163,10,18,2013,3.0,3,1,277621,4,4,7947
9164,9,8,2018,4.8,3,3,16725,2,5,14965
9165,1,3,2021,1.4,3,2,25053,3,3,12298
9166,2,30,2006,1.8,4,3,267902,2,5,2341
9167,10,28,2005,3.2,4,1,69344,2,1,8913
9168,10,28,2015,1.6,2,3,117444,4,2,9851
9169,6,12,2009,1.7,1,3,235964,4,5,3780
9170,8,11,2013,2.5,1,3,39779,5,3,9704
9171,10,22,2017,2.7,1,1,167257,4,2,10054
9172,4,16,2004,2.8,2,1,203916,3,1,7521
9173,5,7,2001,1.1,3,3,177646,3,4,2947
9174,10,22,2013,1.1,3,3,11292,4,4,9874
9175,1,3,2015,4.5,2,1,51414,4,5,15571
9176,6,29,2012,2.5,2,2,234833,3,5,7503
9177,1,23,2018,3.8,3,3,15808,2,5,13983
9178,1,3,2011,3.4,1,3,235373,2,1,6092
9179,9,24,2020,4.4,2,1,271220,5,4,12575
9180,1,3,2016,4.8,4,3,285781,5,3,7984
9181,4,14,2012,4.8,1,2,272397,2,5,7052
9182,2,1,2019,1.8,1,2,264879,3,4,6302
9183,8,17,2009,4.4,3,2,38382,3,4,11432
9184,7,25,2005,2.2,1,1,68780,4,4,7924
9185,1,4,2021,3.0,2,1,291722,5,5,11065
9186,9,8,2006,4.5,1,1,296119,2,1,5977
9187,10,22,2001,1.2,2,2,143549,2,1,4729
9188,9,10,2017,2.1,4,2,295653,3,4,5386
9189,7,25,2013,3.7,2,3,214832,3,4,9403
9190,2,2,2011,4.2,2,2,137686,2,5,10846
9191,1,23,2004,3.9,4,3,244557,5,4,4308
9192,5,9,2004,1.0,1,3,23445,4,5,5831
9193,5,9,2016,1.1,2,2,259759,4,3,6804
9194,8,11,2015,4.6,4,1,160370,2,2,11492
9195,3,20,2001,1.4,3,2,175481,5,4,3290
9196,7,25,2013,3.1,3,2,47968,5,2,11140
9197,9,10,2022,2.8,4,1,108477,5,3,12830
9198,9,10,2019,2.5,3,3,105687,3,1,11186
9199,6,29,2017,3.7,4,1,93324,4,3,12533
9200,9,8,2001,4.5,1,1,157985,4,1,7240
9201,3,19,2008,2.8,4,1,184529,4,5,7109
9202,7,25,2009,1.1,3,2,175924,4,4,5381
9203,8,11,2023,4.5,1,1,247581,5,2,12048
9204,7,27,2010,2.2,2,2,29477,5,1,10710
9205,5,7,2018,4.9,2,1,105241,2,3,15795
9206,7,25,2009,1.2,1,3,61862,4,3,6762
9207,5,9,2001,1.3,4,3,160858,3,1,2482
9208,7,27,2021,2.8,4,2,181794,4,2,9564
9209,1,23,2012,2.5,2,3,122181,3,4,9756
9210,8,17,2001,2.3,3,1,211575,4,2,4968
9211,6,12,2022,1.5,4,1,195259,5,4,9794
9212,3,13,2018,2.8,1,1,253068,4,1,8738
9213,10,18,2016,4.9,4,1,282966,4,5,9640
9214,4,14,2011,2.3,3,2,85449,4,1,8991
9215,7,21,2022,4.6,4,2,91253,2,1,13474
9216,3,13,2006,4.9,3,1,44437,2,2,12411
9217,10,18,2000,4.4,4,3,229250,3,5,3915
9218,9,10,2020,3.2,1,3,151773,2,4,10264
9219,10,18,2004,1.0,4,2,96465,2,2,4370
9220,10,28,2010,4.1,3,1,45971,2,5,12780
9221,2,2,2014,1.4,3,2,95466,3,2,8790
9222,3,20,2002,3.8,3,3,273573,2,3,4028
9223,6,12,2017,1.2,3,3,254135,3,5,6317
9224,6,12,2019,2.0,1,1,61254,4,3,12074
9225,1,4,2013,3.2,4,1,260047,4,4,7499
9226,10,22,2011,1.2,1,3,144904,5,5,5701
9227,2,1,2008,3.1,4,3,114651,5,2,7306
9228,4,14,2014,1.6,2,1,268359,2,1,8032
9229,8,6,2008,3.8,4,1,77521,2,1,10249
9230,7,25,2016,4.0,2,2,158371,5,5,11732
9231,9,24,2001,1.1,1,1,168736,2,3,3625
9232,8,6,2018,1.6,4,1,285132,3,5,6897
9233,1,3,2007,4.2,1,2,146124,2,4,7477
9234,8,6,2004,4.2,1,1,13283,2,5,10734
9235,3,13,2021,1.5,4,2,104395,2,2,9812
9236,3,20,2005,3.4,3,3,107881,2,3,7842
9237,9,8,2019,3.0,1,1,15814,2,2,13983
9238,3,13,2004,4.3,2,3,15324,3,3,11293
9239,10,28,2014,4.8,1,3,8546,3,5,12929
9240,5,5,2008,2.5,4,2,188000,4,4,5240
9241,10,18,2000,1.2,3,3,155211,5,1,3195
9242,1,4,2000,3.4,4,2,228124,2,1,2937
9243,4,15,2018,2.0,4,2,299652,3,2,5506
9244,5,5,2023,1.5,3,2,282131,5,4,7857
9245,9,10,2010,2.0,3,2,265328,2,3,4793
9246,9,24,2001,4.6,1,2,46583,4,2,8068
9247,7,25,2016,3.0,1,2,153549,4,5,8829
9248,2,30,2004,2.6,1,3,217769,3,4,3544
9249,10,18,2015,2.4,2,2,89366,2,2,11212
9250,8,6,2021,1.8,4,1,209114,2,4,9517
9251,6,12,2003,3.6,3,3,248432,2,1,4631
9252,1,23,2016,1.2,2,1,161942,5,5,10361
9253,2,30,2012,1.1,2,2,179817,4,2,7203
9254,10,18,2007,3.2,3,3,33948,5,4,9721
9255,7,25,2019,3.8,3,1,172526,4,1,12649
9256,4,16,2022,1.6,4,2,38549,3,1,11529
9257,4,14,2012,2.5,2,3,253227,5,3,7135
9258,1,23,2003,2.3,2,3,293605,4,5,3427
9259,2,30,2009,2.4,2,2,12260,4,2,10954
9260,7,25,2016,2.5,4,2,275604,3,5,5887
9261,2,2,2021,2.0,1,2,238590,4,5,7628
9262,2,30,2020,3.1,4,1,104470,2,4,12610
9263,9,24,2017,2.8,2,3,47232,4,2,13055
9264,9,8,2002,3.1,4,2,268550,3,3,2429
9265,6,29,2004,2.0,3,2,289394,2,1,2512
9266,7,27,2020,5.0,2,3,224655,3,2,12606
9267,6,12,2006,3.5,2,1,49268,4,5,11914
9268,3,19,2008,1.5,2,2,1160,4,4,9976
9269,4,16,2019,4.4,3,1,264775,4,2,11404
9270,10,22,2011,1.4,3,3,224435,5,3,5311
9271,1,23,2020,4.3,1,1,4064,2,4,15818
9272,1,3,2011,4.1,4,3,194050,3,3,7619
9273,8,11,2015,1.5,1,2,245193,2,2,5196
9274,9,10,2002,3.6,4,3,192608,5,4,4447
9275,1,23,2000,4.2,3,2,27565,4,4,8748
9276,2,2,2016,2.9,3,2,216537,3,2,8469
9277,5,9,2004,2.7,1,1,159383,2,4,6312
9278,2,2,2021,4.6,1,3,249421,5,1,10011
9279,5,5,2002,4.4,2,1,112119,3,4,10357
9280,8,11,2017,4.5,3,1,280240,4,4,10595
9281,1,4,2009,1.5,3,3,273621,4,2,3827
9282,8,17,2022,1.9,4,1,210055,4,3,9898
9283,10,28,2014,4.5,2,2,176610,5,5,11267
9284,10,28,2021,3.8,1,1,275751,4,4,10184
9285,5,9,2016,1.0,1,2,160384,2,4,6692
9286,8,11,2017,4.1,2,1,53004,4,5,15739
9287,9,24,2008,3.2,3,2,79458,3,3,9110
9288,9,8,2014,3.7,1,3,151460,5,4,8970
9289,8,17,2000,4.7,2,2,156997,2,1,7660
9290,3,20,2004,3.3,2,3,134262,4,4,7914
9291,6,26,2005,1.5,4,2,84535,5,5,5409
9292,1,4,2006,4.4,1,3,233491,4,1,5630
9293,10,22,2019,3.1,3,2,4516,4,1,13809
9294,4,14,2013,3.8,3,1,31485,5,5,13670
9295,5,7,2015,3.5,4,1,255090,4,4,8498
9296,5,7,2020,3.9,3,1,212657,4,4,12246
9297,10,28,2015,4.6,3,1,275295,5,1,10194
9298,5,5,2004,2.1,1,2,64955,5,2,6100
9299,4,16,2013,1.6,3,1,25367,4,1,11592
9300,7,25,2014,4.2,1,3,120436,2,1,10091
9301,5,9,2011,2.5,3,3,246900,5,2,5962
9302,5,5,2016,4.6,3,1,47219,2,4,15055
9303,8,6,2023,1.6,4,1,53057,2,5,13038
9304,7,25,2004,1.9,4,3,10141,4,5,6997
9305,2,2,2006,4.8,4,2,251301,5,3,5673
9306,10,18,2015,1.5,2,3,38376,2,1,11332
9307,1,23,2001,1.5,4,3,142977,4,3,3040
9308,7,21,2014,4.8,3,3,150222,3,5,11095
9309,2,2,2010,2.6,4,1,49874,2,1,10202
9310,10,18,2011,1.4,4,3,207987,3,1,4640
9311,10,28,2019,2.7,2,2,81786,2,2,12864
9312,10,18,2013,2.4,2,3,183425,4,5,8731
9313,8,6,2017,2.2,2,3,285965,5,5,7680
9314,3,20,2013,3.6,3,1,94086,2,5,12218
9315,4,15,2011,4.7,1,1,80877,3,5,11982
9316,3,19,2009,3.0,4,1,100319,2,1,9293
9317,6,12,2007,4.0,1,2,259588,3,1,5008
9318,7,25,2010,1.2,3,2,287661,3,1,3546
9319,1,3,2011,2.2,2,3,48000,3,2,10640
9320,1,23,2015,2.7,1,3,106562,3,1,9168
9321,4,15,2001,1.5,1,1,45344,5,5,6493
9322,7,25,2018,1.5,1,1,119965,2,2,10100
9323,9,24,2018,4.4,2,3,67821,5,4,14543
9324,3,19,2020,3.6,4,3,143204,5,2,10835
9325,7,21,2004,2.2,3,1,271742,2,3,4565
9326,6,26,2022,3.7,1,2,213047,3,1,10139
9327,1,4,2017,4.0,1,1,216698,5,2,10366
9328,9,24,2005,3.1,1,2,74184,4,5,7216
9329,6,29,2003,1.1,1,1,115498,4,2,5290
9330,6,26,2003,2.2,4,3,129833,2,3,4603
9331,2,30,2021,3.9,2,3,170816,3,1,12883
9332,7,21,2023,4.7,1,1,161209,3,4,13975
9333,1,23,2004,1.4,3,2,64440,4,4,6411
9334,6,29,2020,2.9,2,3,151486,2,4,11970
9335,1,23,2018,5.0,4,1,1887,3,3,15962
9336,1,3,2015,3.8,3,3,6344,3,1,13273
9337,6,26,2010,2.3,4,3,121043,3,5,6979
9338,4,16,2015,3.0,4,1,205735,5,4,8985
9339,3,13,2015,1.8,1,1,252258,3,5,6854
9340,7,27,2009,4.4,1,3,278593,5,5,5628
9341,9,24,2020,3.5,2,3,4758,4,1,15504
9342,3,20,2022,4.4,4,3,45196,3,1,14196
9343,5,5,2006,2.5,2,3,150504,4,3,7389
9344,8,17,2004,2.6,3,2,211170,2,1,4676
9345,4,15,2020,2.9,2,1,121079,3,4,14078
9346,5,5,2008,1.3,1,3,84405,2,2,6111
9347,9,24,2001,1.1,2,1,97786,5,2,7044
9348,10,22,2019,1.3,1,2,260581,3,1,5888
9349,8,6,2003,2.8,1,2,285300,4,3,2094
9350,10,18,2018,1.5,3,2,46734,3,5,11065
9351,5,7,2022,2.3,2,3,52445,3,4,13951
9352,6,26,2015,1.4,3,3,65628,2,1,9687
9353,4,15,2002,1.9,4,2,268992,2,1,2000
9354,5,9,2023,2.3,4,1,115197,2,1,12496
9355,3,20,2019,4.2,3,1,167792,5,4,13144
9356,4,15,2014,3.2,1,1,235046,5,2,8299
9357,5,7,2014,2.1,1,1,146199,5,2,8976
9358,4,16,2003,1.1,1,2,236608,4,4,2000
9359,5,9,2011,4.0,1,1,52368,2,2,11852
9360,9,10,2016,2.4,4,2,239080,2,3,6518
9361,4,14,2011,4.7,1,1,152590,5,2,10548
9362,4,14,2006,3.8,1,1,112098,3,2,8958
9363,10,28,2008,1.6,2,3,119362,4,4,7712
9364,8,17,2013,1.5,4,1,231614,2,4,6367
9365,5,5,2023,3.8,3,3,213139,5,1,11537
9366,7,21,2010,3.6,2,1,267888,4,1,8842
9367,4,14,2004,3.6,2,3,257731,4,5,5745
9368,6,26,2022,4.8,4,2,275848,4,4,9983
9369,4,16,2020,3.9,4,2,105670,5,1,11886
9370,8,11,2000,4.6,1,3,99538,2,1,6709
9371,4,16,2017,4.5,2,1,270945,5,1,11781
9372,5,9,2018,4.0,2,2,94058,5,3,13618
9373,3,20,2014,4.6,1,3,122463,4,5,10450
9374,5,7,2013,2.2,3,2,250855,5,2,6182
9375,6,29,2010,1.1,2,2,201048,4,4,6179
9376,4,15,2009,2.9,2,2,85237,5,1,9995
9377,2,1,2005,3.7,4,2,51258,2,4,8274
9378,8,6,2000,4.7,2,1,67092,3,1,10958
9379,8,11,2019,4.9,1,1,81641,2,1,14567
9380,3,20,2008,1.6,3,1,296614,2,1,4667
9381,5,9,2003,2.6,3,2,279260,3,3,3014
9382,4,16,2002,2.1,1,1,44278,5,5,7414
9383,7,21,2022,2.6,4,2,282061,3,3,7658
9384,1,4,2022,2.3,3,3,254607,2,1,8907
9385,7,25,2016,3.4,3,3,241932,5,1,8461
9386,5,5,2010,4.8,4,2,223801,4,2,7423
9387,1,3,2013,2.6,2,3,89258,5,4,10814
9388,2,30,2002,2.8,2,1,296125,3,2,5077
9389,5,5,2003,2.0,3,2,204551,5,1,3908
9390,5,5,2008,3.5,4,3,48395,4,1,9032
9391,3,20,2008,2.9,3,1,272954,5,4,6440
9392,1,3,2004,3.2,4,3,213153,2,4,4236
9393,6,12,2021,3.3,3,2,260057,4,3,9498
9394,10,22,2000,1.4,2,2,25560,3,3,6988
9395,7,25,2012,1.4,2,2,219859,3,4,6702
9396,7,27,2003,4.2,2,3,149571,4,5,8208
9397,6,26,2015,1.5,1,3,278032,3,5,4539
9398,4,14,2018,1.2,2,3,181581,3,3,9068
9399,2,1,2007,1.9,1,2,190298,4,1,4294
9400,6,12,2004,2.1,4,3,125290,4,3,4894
9401,8,17,2007,3.7,3,2,226255,5,3,6374
9402,5,5,2015,1.5,1,2,87818,5,3,8343
9403,3,19,2005,4.4,2,2,139717,2,4,9205
9404,5,5,2020,2.5,1,3,189339,5,4,8813
9405,7,27,2021,2.4,2,3,77443,2,5,13251
9406,8,6,2017,1.7,2,2,241688,5,3,8066
9407,2,1,2023,2.0,2,2,278018,3,5,9439
9408,6,26,2001,3.6,3,2,233837,2,5,4323
9409,7,27,2003,3.4,1,2,134949,2,2,5701
9410,8,11,2017,1.8,3,1,175660,4,1,9986
9411,6,26,2020,4.7,3,1,70553,2,2,15888
9412,8,6,2013,3.1,2,3,195767,3,5,9184
9413,6,12,2015,2.3,4,2,135854,3,4,8182
9414,2,2,2019,2.1,4,1,135818,5,3,10683
9415,7,21,2015,4.9,3,3,162553,2,3,11248
9416,4,14,2015,2.6,2,1,190696,4,2,10886
9417,3,20,2002,3.7,3,3,172677,4,5,5946
9418,9,24,2009,2.6,4,1,72229,5,1,9455
9419,7,27,2016,2.8,3,3,78428,4,5,11131
9420,5,9,2000,4.0,4,3,281448,5,5,2471
9421,5,9,2013,1.7,3,1,256726,4,5,7065
9422,3,13,2012,2.8,2,2,210218,5,1,8295
9423,10,28,2011,1.3,1,3,155988,5,4,5580
9424,2,1,2012,1.1,1,3,185329,4,4,5093
9425,1,4,2023,1.8,3,1,119538,2,1,12909
9426,8,6,2013,3.0,3,1,236300,3,4,8774
9427,2,30,2012,2.2,4,3,296202,4,4,3975
9428,6,29,2016,3.3,4,3,184301,3,5,8513
9429,6,26,2005,2.0,2,2,19651,2,3,9206
9430,9,10,2016,4.9,1,2,118394,5,2,11432
9431,6,26,2023,1.2,2,2,157234,2,3,11055
9432,9,24,2015,2.1,4,3,268739,5,4,5325
9433,4,15,2010,1.2,2,1,268057,3,4,6438
9434,10,18,2000,1.4,1,2,7764,5,4,5344
9435,2,2,2010,4.9,3,2,47821,2,2,12043
9436,4,15,2012,2.0,1,2,6984,3,1,9560
9437,1,23,2015,3.2,2,3,12875,2,4,13542
9438,9,24,2022,1.8,2,3,25762,4,2,13984
9439,3,13,2017,4.6,2,2,44327,4,2,14913
9440,1,4,2005,4.0,2,2,203866,4,2,7522
9441,6,29,2015,4.0,3,1,90155,5,3,13296
9442,3,19,2005,1.8,1,3,276634,3,1,2000
9443,6,29,2009,4.8,4,2,192616,3,5,7747
9444,10,18,2012,3.2,3,1,63251,4,2,12134
9445,10,22,2007,4.5,2,2,2086,2,2,12658
9446,10,18,2009,1.6,2,2,41321,4,2,9573
9447,9,24,2017,2.2,1,1,163031,3,2,9639
9448,8,17,2005,3.5,2,2,12674,2,2,10846
9449,5,9,2002,2.3,3,3,50161,2,3,6996
9450,3,13,2000,3.6,3,2,63260,4,1,7434
9451,6,12,2015,2.9,1,3,207667,5,2,7346
9452,7,25,2023,3.2,3,1,26840,5,4,16163
9453,5,7,2010,2.8,3,2,107579,4,1,8748
9454,1,3,2018,3.9,4,3,274722,2,4,7905
9455,4,15,2004,2.9,1,3,202771,5,4,4144
9456,1,3,2008,1.6,4,1,239268,5,5,4814
9457,2,2,2003,2.3,3,2,248419,3,2,3331
9458,6,26,2000,1.1,2,1,157147,4,5,5557
9459,8,11,2007,4.9,1,3,138621,4,1,8327
9460,2,30,2003,3.2,1,1,229631,3,1,5107
9461,3,19,2009,4.7,2,1,183255,2,5,11334
9462,8,11,2000,4.5,1,1,73476,4,4,8630
9463,8,17,2023,3.7,3,2,292154,3,1,9856
9464,1,4,2013,1.2,4,1,55785,3,1,9584
9465,5,9,2011,2.4,4,1,157980,5,5,8140
9466,10,22,2013,3.6,4,1,297197,4,1,7156
9467,8,17,2008,2.0,4,2,147140,5,3,5557
9468,1,23,2018,4.7,2,1,48270,2,1,16734
9469,6,12,2015,4.7,1,1,79643,4,4,13207
9470,5,9,2002,3.8,2,1,195409,5,4,8091
9471,1,3,2001,3.7,1,1,137936,2,5,6841
9472,1,23,2002,2.7,3,3,216473,3,5,4070
9473,2,2,2018,3.9,4,2,1066,4,5,13378
9474,7,21,2021,2.7,1,2,39276,4,1,12314
9475,2,2,2015,3.1,1,1,182726,3,4,9545
9476,7,21,2006,3.8,3,1,180846,4,3,8583
9477,1,23,2007,1.2,1,3,209325,2,5,3213
9478,6,26,2020,4.7,2,2,41018,4,5,15979
9479,7,25,2006,1.3,2,2,52771,5,5,8144
9480,1,23,2004,1.9,3,2,152740,5,5,5145
9481,5,5,2012,4.2,2,3,211772,5,3,9664
9482,4,16,2021,3.9,2,1,156720,5,2,14665
9483,1,3,2008,4.3,2,2,163272,4,2,9534
9484,5,9,2016,4.4,3,3,42823,2,2,13443
9485,6,12,2014,1.9,2,1,197113,5,3,9757
9486,5,5,2023,2.6,4,1,62826,4,1,13843
9487,9,10,2000,2.2,1,2,153490,3,5,3230
9488,1,23,2000,3.8,3,1,245488,4,1,5490
9489,8,6,2004,2.4,1,2,118906,2,2,5321
9490,5,7,2016,2.0,4,1,102074,4,5,10358
9491,3,20,2000,3.7,1,3,177606,2,2,4247
9492,9,8,2012,3.2,3,2,284302,5,1,6213
9493,5,5,2001,5.0,4,2,296847,4,4,3463
9494,6,12,2011,3.4,3,3,36322,5,1,11073
9495,3,13,2019,2.3,4,3,144369,4,3,9212
9496,8,11,2008,2.7,4,2,181728,2,5,5565
9497,6,12,2006,3.4,4,3,26018,3,2,8779
9498,9,10,2000,1.9,2,2,48815,3,4,7023
9499,1,4,2000,1.9,1,1,179009,5,2,3919
9500,10,28,2010,1.2,4,1,62936,2,1,8541
9501,10,28,2021,1.7,1,1,119053,5,5,11218
9502,2,30,2005,4.6,2,2,119856,3,4,9802
9503,4,15,2021,4.7,3,3,203072,4,4,12038
9504,8,11,2009,4.0,2,2,207029,2,3,8659
9505,2,2,2005,2.4,2,1,208232,2,3,7335
9506,7,27,2010,1.4,4,1,287072,2,4,4258
9507,9,8,2003,3.6,2,3,247114,4,4,5657
9508,8,6,2012,4.3,4,1,96997,3,3,11560
9509,1,4,2005,1.5,3,3,34067,4,4,7418
9510,3,19,2005,3.4,2,2,60019,3,1,9799
9511,2,2,2001,4.7,4,2,57858,3,5,7942
9512,2,1,2016,2.1,3,3,131397,5,3,9372
9513,9,10,2023,3.8,3,3,70760,4,1,14384
9514,10,28,2017,1.1,3,2,247064,5,1,6358
9515,9,24,2013,3.8,4,1,46818,4,1,12363
9516,6,29,2001,2.4,2,3,267507,4,2,3449
9517,5,9,2014,3.0,3,2,139370,5,5,9512
9518,1,4,2013,4.7,2,1,288444,5,4,10431
9519,2,1,2008,2.0,4,2,52053,3,2,7458
9520,2,2,2009,4.7,3,3,210522,3,2,8289
9521,4,14,2002,4.8,4,3,175627,5,3,5987
9522,6,29,2002,1.3,2,2,165031,4,2,4699
9523,1,4,2010,4.2,3,3,170712,3,3,8885
9524,2,30,2011,3.6,4,1,168815,2,3,9123
9525,4,14,2012,4.5,4,2,224619,4,5,7707
9526,6,12,2009,2.0,1,2,143597,3,3,5928
9527,10,28,2023,1.5,4,3,66909,5,3,11161
9528,6,12,2020,3.9,3,2,229197,4,3,10416
9529,10,28,2008,1.7,1,1,274614,4,3,4207
9530,4,14,2014,3.7,2,2,44653,4,1,13106
9531,9,8,2001,4.0,3,1,57275,3,1,9754
9532,3,20,2008,4.2,4,1,156565,3,1,9068
9533,3,13,2016,2.0,3,2,86011,4,5,10179
9534,4,15,2003,1.2,2,3,83684,3,1,6526
9535,7,25,2004,1.0,3,3,204307,3,3,3213
9536,10,18,2021,1.7,4,2,69739,4,5,10705
9537,3,13,2012,2.0,4,2,28091,4,3,9138
9538,10,28,2019,4.0,3,1,126676,3,3,13766
9539,8,11,2003,4.7,4,1,122256,4,5,8754
9540,7,21,2023,4.2,4,3,173079,3,2,11738
9541,7,25,2015,3.6,2,1,142948,4,2,12841
9542,10,22,2017,3.2,3,1,102631,2,5,12847
9543,6,29,2017,3.3,1,2,155602,5,4,9387
9544,4,15,2009,3.1,2,3,1195,3,3,11876
9545,8,17,2018,1.8,4,2,144254,3,3,8414
9546,3,20,2010,4.8,2,2,127710,2,5,11345
9547,1,4,2013,1.5,1,3,137775,2,2,6744
9548,1,23,2008,3.1,1,1,170209,3,2,7695
9549,8,17,2005,4.9,4,2,73058,3,4,9038
9550,2,2,2011,1.2,1,1,246312,4,5,5173
9551,7,25,2003,1.8,4,2,80057,5,2,5198
9552,5,7,2009,2.8,3,1,13827,4,3,11823
9553,1,3,2004,1.3,2,3,76218,5,5,7075
9554,1,3,2021,2.8,3,3,90107,5,2,12397
9555,3,20,2000,4.8,4,1,238974,5,5,5620
9556,2,30,2000,2.5,3,3,252146,3,1,2557
9557,5,9,2000,1.9,2,2,271834,3,1,2563
9558,7,21,2022,3.0,2,3,123704,2,3,13225
9559,6,26,2010,1.2,3,2,168486,4,2,5930
9560,8,11,2005,1.2,3,2,36271,3,3,7074
9561,8,11,2002,4.4,2,2,88987,3,4,9320
9562,10,28,2023,1.4,4,3,232647,2,2,7747
9563,2,1,2004,1.7,1,1,241868,5,2,3662
9564,5,5,2022,4.0,2,1,14658,4,2,17906
9565,4,16,2004,3.6,4,1,185806,4,5,6683
9566,8,6,2013,4.7,4,1,28265,3,1,13634
9567,4,15,2007,4.5,4,1,153372,3,2,9132
9568,3,20,2005,3.3,2,2,204054,4,4,6818
9569,3,13,2005,2.7,3,2,271053,2,3,3878
9570,2,2,2003,1.3,2,3,121763,3,1,5864
9571,5,5,2006,3.9,4,3,39655,3,4,9006
9572,1,4,2018,1.8,2,3,18543,5,3,12929
9573,3,19,2007,4.1,3,1,220159,3,1,8396
9574,9,8,2008,4.0,3,1,19895,2,2,12602
9575,4,16,2015,5.0,3,1,17834,3,4,15743
9576,3,20,2004,4.2,1,3,115683,4,4,7186
9577,3,20,2015,1.5,2,3,3559,5,3,12028
9578,7,25,2016,4.3,3,1,155464,5,1,12590
9579,7,27,2007,3.9,1,1,96297,3,4,9674
9580,9,24,2011,4.1,4,1,266197,2,4,7676
9581,5,7,2015,4.4,2,3,275074,5,1,9498
9582,7,25,2019,4.5,3,1,9917,2,3,16601
9583,7,25,2003,3.5,1,2,63280,3,3,7234
9584,2,30,2011,4.7,2,1,287922,5,3,9841
9585,1,23,2011,4.9,2,3,205843,4,4,10183
9586,7,25,2002,2.9,2,1,164637,5,2,7807
9587,9,10,2017,2.1,1,1,20928,2,5,12381
9588,5,5,2015,1.9,1,2,263687,2,3,5226
9589,3,19,2016,1.3,4,2,65765,5,2,8884
9590,1,3,2005,1.6,2,3,272458,3,3,3750
9591,5,7,2004,4.8,1,2,252834,3,1,5043
9592,4,14,2005,4.3,1,3,285678,3,2,4186
9593,2,2,2009,1.0,2,3,276757,2,2,4264
9594,2,1,2017,1.3,1,2,150473,3,4,7490
9595,5,7,2004,4.4,4,1,288793,3,3,5424
9596,6,12,2023,2.4,1,3,35093,4,2,12698
9597,6,12,2019,3.3,4,2,223395,5,2,8632
9598,9,8,2023,1.8,4,1,60299,4,5,13094
9599,1,3,2007,3.6,1,1,19512,4,3,10909
9600,9,8,2014,3.3,2,3,143001,4,5,10739
9601,3,19,2019,3.6,4,1,224833,4,3,10403
9602,3,20,2009,4.5,1,1,114528,3,3,10509
9603,3,19,2017,2.1,1,1,140119,5,4,9997
9604,10,28,2023,4.8,1,3,52021,2,5,14759
9605,4,15,2010,4.9,2,2,106215,5,3,11875
9606,9,8,2008,2.1,1,1,20894,2,5,9682
9607,1,23,2023,3.6,1,1,226551,3,4,11568
9608,10,18,2002,4.0,3,1,28845,4,5,10623
9609,9,10,2007,3.3,3,2,114799,3,2,8204
9610,10,18,2007,2.5,4,2,165000,3,3,5400
9611,1,3,2019,3.4,1,2,110841,3,4,10983
9612,4,14,2023,2.2,4,2,56423,3,4,12071
9613,10,18,2017,3.1,2,3,37073,5,1,13558
9614,3,19,2003,4.6,2,2,158500,4,2,8430
9615,5,5,2021,4.0,2,2,294376,4,3,10512
9616,4,16,2023,4.0,2,1,76511,3,4,16969
9617,3,19,2009,2.7,4,3,284027,2,5,3819
9618,3,20,2018,3.4,1,2,62906,5,4,11641
9619,2,30,2009,2.6,1,1,229343,2,2,6313
9620,3,20,2003,1.1,2,3,155176,4,5,4996
9621,8,17,2022,2.1,3,2,167931,5,1,10441
9622,5,5,2005,4.4,4,2,107963,4,4,7840
9623,6,26,2013,1.8,1,2,5626,5,1,9687
9624,6,26,2004,1.7,4,2,45002,2,4,6099
9625,4,16,2016,4.7,2,3,291218,3,2,9775
9626,9,8,2021,1.3,1,3,12904,4,3,11441
9627,1,3,2023,3.5,4,1,75607,2,2,14487
9628,6,12,2019,1.7,4,1,72160,3,2,11556
9629,6,29,2017,2.8,3,3,191935,4,2,9161
9630,4,14,2003,2.4,4,2,150463,4,3,4390
9631,2,2,2021,3.7,1,1,298263,3,1,9634
9632,5,5,2023,1.7,3,1,274093,5,5,9718
9633,10,22,2009,1.6,4,3,81521,2,2,6769
9634,10,18,2007,1.6,2,2,12420,3,1,9551
9635,8,6,2002,1.1,4,2,144038,4,5,2919
9636,7,27,2019,3.5,4,2,174322,2,5,9813
9637,7,27,2016,4.4,4,3,72394,3,2,11852
9638,10,18,2019,4.6,2,2,174945,4,2,12901
9639,3,19,2020,1.2,1,3,130798,4,3,8684
9640,4,15,2014,4.4,4,2,271899,2,4,7262
9641,9,24,2003,2.6,3,3,179172,3,4,5016
9642,8,11,2014,1.8,2,1,150548,3,2,10589
9643,5,5,2021,4.4,1,1,292643,5,4,10447
9644,1,3,2012,4.0,4,1,63636,5,3,11927
9645,1,3,2021,4.2,3,2,5409,3,5,15491
9646,8,6,2019,4.0,1,3,40078,3,5,12998
9647,9,10,2010,2.2,2,2,217449,3,1,6951
9648,2,2,2003,2.8,4,1,176448,5,5,5771
9649,4,15,2011,4.5,4,1,280977,4,1,7780
9650,6,29,2007,4.9,2,1,7559,3,5,14448
9651,5,7,2021,4.4,1,2,60321,2,2,13593
9652,6,29,2012,3.0,1,2,194978,5,1,6800
9653,1,23,2008,1.7,3,2,297600,4,5,3248
9654,10,18,2020,4.6,2,2,289920,2,4,10901
9655,7,21,2009,1.7,3,2,181774,3,3,5864
9656,2,2,2022,5.0,4,3,155364,3,1,12592
9657,1,23,2018,4.0,2,1,249695,3,4,12006
9658,10,18,2009,4.1,1,2,118189,5,3,8536
9659,10,22,2018,1.4,3,1,253482,4,1,8330
9660,6,29,2002,2.6,2,3,171522,2,4,5869
9661,3,13,2010,4.3,3,3,121970,4,4,9960
9662,5,5,2000,3.1,3,2,65872,5,3,6882
9663,5,5,2009,2.2,3,3,8532,2,2,9829
9664,7,25,2010,3.9,4,1,194658,4,4,8606
9665,5,7,2012,3.6,2,2,160829,3,5,10083
9666,3,13,2012,2.6,3,3,64095,5,2,10018
9667,5,9,2018,2.0,1,2,194438,2,4,7611
9668,5,7,2019,1.5,3,1,251069,4,3,8778
9669,6,29,2009,4.4,4,1,4041,2,3,12619
9670,3,19,2005,2.0,2,3,213686,3,5,5326
9671,3,19,2016,2.6,3,3,95040,3,1,10599
9672,10,28,2007,4.5,3,3,8889,4,3,11522
9673,5,5,2017,2.6,1,2,248401,5,5,6831
9674,4,15,2010,1.3,1,3,294978,4,5,2500
9675,10,18,2022,4.0,4,2,145763,4,2,11784
9676,2,30,2020,1.6,2,2,111811,4,5,11463
9677,1,3,2023,1.1,3,3,184,2,4,13096
9678,3,19,2005,3.9,2,3,39271,2,4,10714
9679,4,16,2000,1.1,2,1,112301,5,4,6453
9680,6,12,2021,3.1,1,2,89567,5,5,11708
9681,3,19,2006,3.7,2,2,44684,2,2,10706
9682,10,18,2020,4.4,3,1,37821,2,5,16243
9683,5,9,2015,2.3,1,2,99930,5,2,8901
9684,5,7,2013,2.2,3,1,127124,3,2,10157
9685,7,25,2021,1.5,4,1,181584,2,2,9768
9686,9,8,2012,3.9,4,1,26374,5,2,12572
9687,6,29,2019,1.3,2,2,269936,3,2,7701
9688,2,2,2001,3.3,1,2,121660,3,3,5266
9689,1,23,2014,3.3,3,1,97781,4,3,12144
9690,6,12,2009,1.9,3,1,125183,2,5,8696
9691,3,19,2004,2.5,1,2,143348,5,5,4933
9692,9,10,2009,3.1,2,1,202524,2,5,9349
9693,2,30,2016,4.8,2,2,248882,4,1,10722
9694,5,5,2023,1.2,4,3,41087,5,3,11378
9695,7,21,2004,3.2,2,2,165135,3,3,7197
9696,6,26,2003,1.3,4,2,20083,5,4,5898
9697,9,8,2014,2.5,4,3,168763,3,3,7424
9698,2,2,2013,4.2,2,3,54813,4,5,13103
9699,8,6,2015,1.3,4,1,12241,4,5,11155
9700,5,9,2004,2.6,2,3,275293,2,4,4394
9701,4,15,2022,4.3,4,3,236467,2,4,10270
9702,5,7,2005,3.4,1,3,28746,4,5,8425
9703,4,15,2017,5.0,1,1,37949,4,4,14941
9704,7,25,2017,4.0,2,1,163393,5,4,13432
9705,7,27,2019,4.0,3,1,77676,4,4,14746
9706,4,15,2020,1.7,3,2,19547,5,4,12409
9707,7,27,2018,1.6,2,2,251666,5,4,8066
9708,6,12,2000,3.4,3,1,242435,4,1,5151
9709,6,29,2011,1.3,1,1,278115,4,2,4637
9710,5,5,2020,1.0,2,2,76833,4,3,11563
9711,7,27,2021,2.0,1,1,218786,2,4,9524
9712,1,4,2022,2.1,2,3,268172,3,5,9436
9713,8,11,2003,3.7,4,2,119469,3,2,6310
9714,5,5,2005,2.4,3,1,234690,4,3,5806
9715,10,18,2009,2.2,2,1,134232,4,5,9815
9716,2,1,2000,2.5,1,1,289639,5,5,2307
9717,10,28,2001,3.5,1,1,25430,3,3,8891
9718,2,2,2005,1.3,2,3,274058,4,3,3418
9719,3,19,2023,4.7,4,2,64538,4,2,14409
9720,7,21,2016,2.8,4,2,123314,5,4,9233
9721,7,25,2021,3.7,2,1,110781,3,4,15384
9722,5,5,2012,4.3,3,3,232650,2,5,8347
9723,1,4,2006,1.1,1,1,118381,3,3,6132
9724,7,25,2003,4.7,1,3,144352,3,5,6812
9725,1,23,2021,4.9,1,1,281135,3,3,11177
9726,5,7,2023,2.9,3,2,120557,3,4,12488
9727,8,17,2005,4.8,3,3,168485,2,5,8030
9728,9,10,2010,1.6,4,3,76554,2,3,7168
9729,3,19,2010,4.7,4,3,217082,4,4,7458
9730,9,8,2018,4.6,2,2,224912,3,4,11601
9731,7,25,2023,4.2,3,1,3490,5,2,17630
9732,9,8,2007,3.7,1,3,11460,4,2,9670
9733,9,24,2014,4.9,3,1,45435,3,1,14791
9734,6,12,2005,2.8,1,2,260651,5,5,3186
9735,8,17,2010,3.7,3,2,41013,4,3,10979
9736,10,22,2016,4.9,3,2,54089,2,5,13718
9737,2,30,2014,4.0,4,1,98093,3,5,11838
9738,9,24,2001,3.4,3,2,38559,5,2,8028
9739,10,28,2015,5.0,1,3,69099,5,3,12218
9740,7,25,2006,4.8,3,1,94656,2,4,11306
9741,10,28,2013,4.9,1,3,20668,4,2,12486
9742,3,20,2009,3.8,3,2,137636,3,5,8847
9743,6,26,2015,2.2,4,2,147721,5,1,7845
9744,4,15,2019,3.3,2,2,71379,2,4,13672
9745,4,15,2018,2.1,3,2,275415,3,5,7091
9746,2,2,2007,5.0,2,3,72561,4,2,11748
9747,2,1,2001,2.9,2,1,180162,5,2,7196
9748,4,15,2022,4.9,2,3,233852,5,1,12922
9749,4,15,2023,4.3,4,3,28020,3,3,14739
9750,7,27,2001,4.0,3,1,146969,2,2,7960
9751,8,11,2007,5.0,4,3,54650,5,3,10107
9752,5,5,2000,3.2,4,3,39017,4,2,6519
9753,4,14,2008,1.6,3,3,209359,4,5,4912
9754,2,2,2014,3.6,4,3,261884,3,5,6662
9755,4,14,2005,1.9,2,1,185499,3,2,7290
9756,5,9,2006,2.0,3,3,209270,5,1,4714
9757,1,4,2013,1.1,3,3,236848,2,1,5363
9758,7,25,2008,1.5,2,1,5129,5,3,11397
9759,10,22,2004,4.8,1,3,219831,3,5,5703
9760,4,15,2012,1.4,2,2,159569,4,4,7908
9761,4,15,2005,3.4,3,3,176203,2,5,6475
9762,8,11,2008,4.3,3,1,47221,4,2,12355
9763,3,19,2003,2.9,4,3,254487,3,3,2810
9764,3,13,2012,4.6,4,3,213619,4,5,8027
9765,4,14,2002,2.8,2,2,262734,5,3,4245
9766,6,29,2021,4.6,3,1,43494,5,1,16630
9767,8,17,2019,1.9,3,1,69583,5,5,12808
9768,9,8,2014,1.4,3,3,236449,3,4,5971
9769,4,16,2004,2.5,2,1,81781,2,3,9664
9770,2,2,2007,2.8,4,3,196469,4,1,5070
9771,9,8,2007,3.2,3,2,220661,4,3,5986
9772,7,25,2011,2.5,1,2,106854,4,2,7762
9773,6,26,2018,2.1,3,1,42010,5,3,13259
9774,2,30,2003,5.0,3,1,186907,2,4,8761
9775,8,6,2011,4.2,4,3,292078,3,4,5758
9776,4,16,2022,4.1,3,2,166503,4,1,12469
9777,3,13,2006,1.5,4,3,263388,4,3,2132
9778,2,30,2019,2.2,4,2,87158,5,3,10256
9779,2,30,2018,4.4,3,2,210532,5,2,10689
9780,1,3,2021,1.8,4,2,286696,3,3,6466
9781,3,13,2017,1.6,2,1,49991,4,2,13300
9782,5,5,2017,3.9,2,3,159408,5,5,11911
9783,5,5,2011,4.8,4,3,167930,5,5,8841
9784,4,16,2018,4.5,3,2,214466,3,3,10710
9785,8,17,2016,4.2,2,3,55500,2,5,13990
9786,7,27,2000,2.0,4,3,293745,4,2,2000
9787,8,11,2008,2.5,2,2,155908,2,2,7881
9788,2,2,2012,2.2,4,1,98617,4,1,9427
9789,5,9,2010,3.4,2,1,76872,3,5,12462
9790,9,24,2020,2.7,3,3,229293,4,2,9214
9791,3,20,2011,3.0,4,2,7493,4,5,10250
9792,8,11,2013,3.0,2,3,152475,5,1,9950
9793,8,17,2008,3.6,1,1,289881,3,2,5802
9794,6,12,2003,3.7,4,2,287266,2,4,2954
9795,5,9,2019,4.5,2,3,187412,4,1,12551
9796,10,22,2000,2.7,1,2,163675,2,4,3526
9797,8,6,2018,1.7,2,3,128889,4,2,10622
9798,5,7,2009,5.0,4,3,243936,4,5,6921
9799,1,4,2011,2.2,1,1,100297,4,1,9094
9800,2,2,2000,1.9,1,2,88570,4,2,4228
9801,1,3,2020,1.0,2,3,12176,2,1,12856
9802,5,9,2002,1.6,1,3,209751,3,2,2104
9803,6,12,2014,4.5,4,2,84216,3,2,11115
9804,9,8,2012,4.3,2,3,76558,4,5,12468
9805,5,9,2017,1.6,3,2,32531,5,4,11149
9806,2,30,2002,2.7,1,1,3714,2,4,8825
9807,6,26,2018,1.5,3,3,181778,5,1,8364
9808,7,25,2005,4.5,2,1,35436,2,3,12891
9809,7,27,2020,2.6,1,2,63676,2,3,11426
9810,7,21,2015,4.7,2,3,160208,2,3,12095
9811,3,20,2014,2.6,4,1,22760,5,1,11944
9812,10,22,2007,2.1,4,2,257622,5,2,3147
9813,9,24,2013,2.2,3,2,201614,5,3,7167
9814,9,8,2010,4.1,3,3,33513,2,5,11529
9815,5,9,2002,1.0,1,3,95791,2,4,3784
9816,7,27,2012,3.1,1,1,189831,4,5,8503
9817,10,18,2009,2.0,1,3,201954,4,5,4760
9818,9,10,2007,4.9,1,2,251921,2,1,6061
9819,8,17,2001,3.6,1,2,277678,2,4,2446
9820,4,16,2010,3.7,2,2,117885,4,2,10442
9821,2,30,2000,1.7,2,2,175585,2,3,4288
9822,3,19,2002,2.6,2,2,67087,3,1,7958
9823,5,7,2008,3.9,1,1,221697,4,1,7466
9824,10,22,2023,4.1,3,2,68834,3,4,14723
9825,10,28,2015,3.4,3,3,265204,2,5,7695
9826,9,10,2006,1.2,2,3,95130,5,5,7197
9827,1,4,2017,2.6,3,2,3341,4,5,12733
9828,7,25,2017,1.9,1,3,173224,5,2,7635
9829,3,19,2019,4.1,3,3,9046,4,3,14719
9830,9,24,2015,3.4,1,1,171416,3,4,10071
9831,7,21,2015,3.7,1,2,204422,3,3,8211
9832,2,30,2001,1.1,2,2,154290,4,2,4414
9833,1,4,2013,2.5,4,3,87407,5,4,8751
9834,9,10,2022,3.6,2,1,4015,2,3,17719
9835,2,1,2015,1.2,3,2,241727,5,1,5965
9836,1,4,2021,3.5,1,3,59699,3,3,12706
9837,9,24,2017,3.7,2,2,47034,2,4,13959
9838,5,9,2018,3.9,1,2,114308,2,3,11113
9839,2,2,2017,1.7,1,2,236316,3,5,6173
9840,6,26,2016,1.3,1,1,67381,3,5,10352
9841,8,11,2008,3.5,2,3,184735,5,1,8305
9842,10,18,2003,1.0,3,1,92129,4,3,6657
9843,2,1,2017,4.6,2,3,100013,3,2,13799
9844,6,12,2011,4.4,1,1,131802,5,4,10663
9845,7,25,2015,4.9,2,1,446,5,1,16991
9846,4,16,2014,1.6,2,1,202029,3,1,9359
9847,4,14,2022,2.5,2,3,294796,2,3,9304
9848,4,15,2003,1.8,1,1,263843,4,4,3023
9849,1,4,2021,4.1,3,3,192824,4,5,11643
9850,6,29,2023,2.7,2,1,204899,2,3,13102
9851,10,22,2000,2.2,3,2,299016,3,4,2000
9852,5,9,2020,1.7,2,1,126331,3,4,12773
9853,5,9,2007,3.1,1,3,112151,5,5,7056
9854,8,6,2019,1.3,4,1,52579,2,2,11548
9855,1,23,2016,3.9,3,3,188198,4,2,10036
9856,6,26,2010,2.8,1,3,249984,2,2,4900
9857,1,23,2013,1.9,3,2,167095,2,1,7558
9858,2,30,2001,1.7,2,1,167431,4,3,6251
9859,6,12,2019,2.5,1,3,11732,5,3,12065
9860,2,1,2023,3.1,2,2,272813,2,2,10643
9861,9,24,2019,3.2,4,1,95362,5,1,12592
9862,8,11,2019,2.0,1,2,95927,2,5,9881
9863,3,13,2002,1.8,4,3,109972,3,3,4300
9864,10,18,2002,4.9,4,3,51900,3,2,8562
9865,10,28,2016,3.2,3,3,2407,2,4,13051
9866,9,8,2023,2.7,2,3,133691,3,3,13026
9867,8,11,2008,4.1,4,2,249477,2,3,5610
9868,10,18,2003,1.9,1,3,197581,5,5,2948
9869,10,22,2023,4.7,2,3,216536,2,5,13369
9870,1,4,2010,3.8,4,2,194513,2,1,7009
9871,2,30,2013,4.6,4,1,183843,4,2,10423
9872,4,14,2005,3.8,2,1,189411,4,4,9111
9873,1,3,2023,1.2,3,3,247175,4,1,8256
9874,5,9,2019,4.3,1,1,128924,3,4,13021
9875,5,5,2009,4.9,4,1,16164,3,3,12876
9876,3,13,2019,3.9,1,2,39103,4,4,12917
9877,6,26,2004,1.6,2,3,147680,4,4,5946
9878,4,15,2008,1.2,3,3,178281,2,2,5134
9879,7,25,2008,4.3,1,1,59374,4,3,11112
9880,9,10,2014,1.1,1,3,10769,5,5,9184
9881,3,20,2015,2.5,1,1,228993,2,3,8020
9882,6,26,2008,4.3,3,3,124795,4,4,9304
9883,2,2,2015,4.9,1,2,28128,2,4,12937
9884,6,12,2014,4.9,1,1,175562,5,5,11188
9885,10,22,2005,2.5,1,3,183684,5,1,4426
9886,3,19,2002,4.2,2,3,213561,5,1,6628
9887,7,27,2018,4.7,1,1,265068,3,3,10398
9888,1,23,2000,3.2,3,2,5681,5,2,8186
9889,3,19,2003,1.9,2,2,205207,4,1,4795
9890,3,13,2001,2.9,4,1,166415,4,3,5471
9891,4,16,2018,4.2,3,1,50161,3,3,15196
9892,3,13,2017,1.2,1,1,270746,2,1,6485
9893,9,24,2020,4.4,1,3,71566,3,4,13068
9894,8,11,2007,2.6,3,2,263333,4,4,4533
9895,2,2,2017,1.0,2,2,241408,5,1,7371
9896,5,7,2023,3.2,2,3,230001,5,2,11599
9897,2,30,2005,1.8,3,3,273362,3,3,2932
9898,4,16,2019,3.1,1,2,64185,3,3,11616
9899,5,9,2010,1.5,1,2,170395,3,4,5192
9900,3,20,2023,2.3,4,1,233943,2,5,10121
9901,6,26,2009,4.7,4,3,122862,4,2,9042
9902,3,19,2011,3.8,2,3,56331,2,5,12073
9903,8,11,2007,2.3,2,2,186395,2,5,6772
9904,6,12,2023,1.8,2,2,170719,3,2,11385
9905,8,17,2012,2.6,1,1,31130,4,5,11177
9906,9,8,2006,2.5,1,3,247781,5,4,3444
9907,1,4,2002,1.9,3,1,40115,2,3,8297
9908,10,28,2017,4.9,2,1,282214,3,4,11955
9909,7,27,2004,3.3,3,3,285789,5,2,3884
9910,9,8,2007,1.4,1,2,248915,4,5,2621
9911,6,12,2000,1.5,4,1,17989,3,4,6740
9912,8,11,2005,4.3,4,3,133242,5,4,7235
9913,7,21,2014,4.6,1,3,193673,2,4,9026
9914,6,12,2007,1.7,1,3,242693,2,3,3046
9915,3,13,2020,4.2,2,3,38561,4,2,15528
9916,1,23,2020,4.1,1,1,46625,4,4,14767
9917,5,7,2014,2.2,4,3,77361,3,2,8952
9918,2,2,2002,2.4,3,1,172380,2,1,6152
9919,4,14,2003,3.0,3,2,129742,2,3,6405
9920,6,26,2002,2.6,3,1,247733,3,2,4845
9921,6,12,2016,3.0,2,2,200182,3,5,9896
9922,4,16,2017,2.3,1,3,76234,4,5,9975
9923,2,2,2003,4.1,1,1,102011,5,1,8559
9924,2,30,2011,2.3,2,3,275808,3,3,6183
9925,7,25,2001,3.3,1,3,262793,4,2,2444
9926,3,19,2013,3.4,2,3,27089,5,5,12858
9927,5,7,2006,2.7,3,2,67413,5,3,8251
9928,1,23,2012,3.8,1,3,97556,3,3,9548
9929,7,21,2002,1.4,3,1,160394,3,2,5392
9930,3,20,2010,1.8,2,1,26621,2,3,11867
9931,10,22,2010,4.3,2,1,36065,5,2,14178
9932,7,25,2000,3.4,3,2,173249,5,2,5035
9933,4,14,2019,1.4,3,1,236949,2,5,8961
9934,9,8,2019,4.5,1,2,74091,5,5,12818
9935,9,8,2007,4.6,1,1,192632,2,3,8447
9936,5,5,2010,4.3,1,3,209937,2,5,7201
9937,8,17,2015,2.6,1,1,187667,2,1,8946
9938,6,12,2016,2.2,3,2,174820,3,4,8603
9939,5,5,2005,4.1,2,2,97179,5,5,9756
9940,5,9,2010,1.3,3,2,182948,4,4,5741
9941,1,23,2013,3.1,2,2,46931,4,3,12161
9942,5,5,2019,3.7,1,1,266134,5,2,9677
9943,3,13,2011,3.4,1,1,165710,3,5,8985
9944,5,9,2021,2.6,2,3,212430,5,4,10751
9945,5,5,2000,2.8,4,1,124129,4,3,5917
9946,9,24,2000,2.0,4,3,61667,3,5,4866
9947,1,4,2001,1.9,3,1,51262,5,3,7774
9948,6,26,2013,1.7,4,2,102433,3,3,7651
9949,10,18,2017,4.9,4,1,160438,2,5,12391
9950,3,20,2020,2.4,3,3,194724,5,1,9605
9951,2,1,2020,3.4,1,1,82991,2,5,13340
9952,8,17,2015,4.9,2,1,14529,2,5,16709
9953,1,4,2005,2.0,4,1,153520,5,2,6029
9954,4,15,2008,3.8,1,3,159768,2,4,7104
9955,2,1,2011,2.8,1,2,158111,4,5,7037
9956,3,13,2003,4.7,2,2,20152,2,1,11296
9957,1,23,2005,4.5,3,1,227044,4,2,8059
9958,8,6,2016,3.4,1,1,141737,4,1,10965
9959,9,10,2006,3.8,4,2,138450,4,3,6931
9960,3,20,2013,1.5,1,3,203936,5,4,5421
9961,1,4,2020,3.9,4,2,91415,5,3,12171
9962,7,21,2014,4.3,3,2,9628,3,1,13407
9963,2,1,2008,2.5,4,1,269266,5,3,5114
9964,6,29,2002,3.1,2,1,62377,2,5,10052
9965,9,8,2017,5.0,2,2,150119,4,1,13197
9966,8,17,2011,1.3,4,1,26406,2,3,9671
9967,2,1,2002,4.5,4,1,45173,4,1,9796
9968,1,3,2006,2.5,4,3,155630,2,2,5287
9969,3,13,2016,3.9,2,1,99870,5,5,14302
9970,3,19,2022,1.1,3,3,277974,4,2,7240
9971,10,22,2010,3.4,4,2,21440,2,1,10071
9972,2,1,2010,2.0,4,2,259291,4,2,3914
9973,10,28,2021,3.7,4,3,156437,2,3,10971
9974,8,6,2020,1.1,1,2,16669,5,1,10866
9975,9,10,2015,4.7,4,1,123316,3,2,12333
9976,10,18,2004,3.7,1,2,141069,2,2,6178
9977,2,30,2002,4.0,3,3,286275,2,4,3974
9978,8,11,2002,4.5,1,3,145363,5,2,6292
9979,8,6,2012,4.3,1,1,51674,5,2,12466
9980,5,7,2012,1.5,4,2,37233,3,2,8455
9981,7,25,2003,4.3,4,3,274994,4,1,3800
9982,4,15,2000,1.5,3,3,140947,2,1,3781
9983,8,11,2022,3.2,4,1,92823,5,4,13543
9984,10,22,2023,3.0,3,2,290306,4,4,9193
9985,1,4,2003,1.4,3,1,173657,4,3,5426
9986,1,4,2005,3.6,4,3,241546,4,2,4369
9987,2,2,2004,1.3,1,2,19392,2,2,6212
9988,2,1,2010,3.0,1,2,105615,4,2,7987
9989,9,10,2003,1.6,1,3,205647,4,4,2487
9990,1,3,2019,1.8,2,2,85496,4,3,11890
9991,8,11,2017,1.1,1,1,179286,5,1,8214
9992,2,2,2016,1.2,3,1,13386,3,5,12332
9993,5,5,2019,4.7,3,3,155874,4,3,12382
9994,5,9,2016,2.9,4,2,255889,2,2,6682
9995,7,21,2004,3.7,1,3,5794,2,4,8884
9996,3,19,2002,1.4,2,1,168000,2,1,6240
9997,2,1,2010,3.0,4,1,86664,5,1,9866
9998,4,14,2002,1.4,3,1,225772,4,1,4084
9999,10,28,2001,2.1,1,2,157882,3,3,3342
